"id","time","X1","X2","X3","X4","X5","X6","X7","X8","X9","X10"
1,1,1.5159636236193,0.0200232083791945,0.117391323356264,-1.43168653086332,-0.412336419489531,0.144244876342167,-0.776086214400483,-0.0772792430613818,-0.537513040831587,1.30913615354842
2,1,0.275749119929157,-0.46036231919619,0.429308875430105,-0.0971442230312805,0.495248027976996,NA,-1.9203667843418,-2.20341615155533,-1.18158157819029,NA
3,1,0.989630271030767,-1.86419024342195,0.363226759439773,-0.270955930292863,-1.26615596628204,-0.427432149832814,0.31042941091126,1.64336169873643,2.23975832384623,1.11093533732911
4,1,-0.644955600725007,-0.446602057844033,-0.063320824035663,0.185771445330455,-0.217234396904758,0.00245601677221417,0.332851537301131,0.0865638353762149,-0.66624518026043,-0.48158670071667
5,1,1.21453852839605,0.30628249153097,0.230095138306939,0.321578869121324,-1.63120165549714,-1.6958181683491,-0.499887693527232,NA,0.430788986160859,1.60232161387442
6,1,1.24734462225147,1.27360232436607,0.0363812863099234,NA,-1.02021203598209,-2.24786191832988,-0.567414530972058,1.92448600651188,-0.131548975718248,1.26381507183731
7,1,0.219079861391529,0.127768297258072,-0.898641148941856,-1.37102222181679,0.0684559332956885,-0.67227312383269,1.72436910972224,-0.770347616813064,1.20703150578015,0.380711302713554
8,1,0.110923569539275,0.0180809601282526,NA,-0.271683142119454,NA,-0.454153644542039,NA,NA,1.02056120311663,0.0917081598292581
9,1,-0.631687350822306,0.393500864114349,2.09387554723874,1.11652041898279,0.787353343299781,1.88020060629273,-1.96991501009094,NA,-1.39421852079955,-0.906066733251096
10,1,0.372350318696171,-1.68108903790687,NA,0.125379255405635,-0.803275613980162,0.465774144698425,-0.0693948042162144,-0.0628642960063848,0.533654383665735,-0.632126562968832
11,1,0.657931484771059,NA,-0.912967126335243,-0.698465998494092,-0.326972736626559,NA,0.532025952951765,0.67274508167574,2.62342368471712,NA
12,1,0.279875662586111,-0.945774966277074,0.129969585155848,-0.427136156810115,0.69360659285495,1.45373266302982,-0.394162634568336,0.198519778198271,0.583342697531003,-0.152107462119165
13,1,0.162862652164529,0.026879424212954,0.633701073644635,-1.8414441875837,1.184001669499,1.12442492174243,0.121606018066995,-0.164357726540228,0.0227166610934712,-0.558054015993216
14,1,-0.0898664319883215,1.20587821630705,-1.31313968402514,-0.69083480284901,-0.482224662638708,-1.64173418013539,0.749859428091885,-1.01158415779894,-0.173720915939684,-1.27282557132192
15,1,-0.858425130873887,-1.55357240377029,1.41084117823286,1.25618157354227,-1.66742137486646,0.390596996146951,0.190846140059955,-0.821167299541199,0.251221635641172,-0.374533832392601
16,1,0.648396466485112,NA,1.65487205604345,-1.21072154649779,0.0606063544227185,-0.850355020585848,0.582012064359837,1.11140621804184,0.24170648150265,1.92362127253361
17,1,-0.00716147074532153,0.456069631013468,0.744498475987391,-1.0345297946985,1.10093097093067,0.938990323002883,0.051743874401645,-0.427348684899392,NA,-0.098874547726857
18,1,0.654426180230624,1.23864631474692,-2.0837637473456,0.219774268006789,0.411570625482562,-0.391608189265327,-0.825997872058855,NA,0.498321416902086,-0.917032789226496
19,1,-1.29272369712315,0.0692103879296612,NA,0.461322123167054,-0.371061724972445,-0.818786431056517,1.08513617674553,-0.877201256872611,-0.228427042671158,-2.22952980170295
20,1,1.17876409454395,1.19562975185746,0.650739561042054,0.628795002677675,NA,1.22734860121801,-1.95823942605293,-0.344195116731403,-0.198937915184059,1.78595052065213
21,1,1.9071683726587,-0.311886162793417,0.494960488076243,-1.19856487269257,0.0298782683555557,1.06473993501985,-1.21497772203813,0.0691929161803395,1.3480775650142,1.2064574412867
22,1,0.969904163053232,0.866647484627062,-0.654393441885608,0.374380947492588,-0.18852127568445,-1.67748727382669,0.586637411736771,1.08603859902823,1.88527609870396,1.99608247652233
23,1,0.245149873043908,-2.16167039353275,0.23246149469644,0.824499732779315,NA,1.34368496170305,-0.630727333804231,0.447409502703869,0.938525973403813,0.2355521007131
24,1,NA,-0.915789910718671,NA,1.7017960911193,-0.493054427259672,-0.326172147789656,1.51837189234454,-0.5297082120351,-1.7375009461422,-2.03766487432458
25,1,0.454488213469682,-0.296315742528584,1.21749662671589,-0.375039210853605,-0.414696108709555,0.0674874156022878,-0.200682850487751,-0.25642850869542,NA,0.798173984874551
26,1,NA,-0.137890447350965,0.12726328360745,-2.64359834579601,1.02915082152202,1.5059328712189,-0.193409250603635,-0.145525323849214,1.18958071984903,0.282422428069785
27,1,-1.05368371952806,-0.604279078403369,-0.298269840342059,0.144891396458557,-1.7017746892093,-1.61350639818444,1.36640338787871,-0.0843397430889619,-0.475680379162763,-1.20287361837436
28,1,-0.775657079575448,0.463817658417604,-0.209987449546231,1.62335563878011,0.567623892877087,-0.367643508524402,0.128540552507653,1.81564848484303,NA,0.715102490168823
29,1,-0.589832005983188,0.983629041101455,-0.843356120736875,0.867939196088447,-0.15611827762326,-0.629757045692499,-0.197570973733532,NA,-0.392406259274746,-1.46695443670136
30,1,-0.134507930919111,NA,0.55934633680467,0.869223914011736,-1.46456332957255,-0.467408591846142,0.0728803574305644,0.419913027043651,0.149781993597054,0.463431374326756
31,1,-0.84833637946814,NA,-1.9087724532468,0.123430661476554,-0.326461559288233,-1.63233826009533,2.16899715838582,-0.105227689284822,1.43257843068772,-1.10954719254984
32,1,-1.28312739005253,1.77034888631448,0.400877979178959,1.05538478347784,2.1889515236726,0.737212624960907,-0.309448898453182,-0.212410198498335,-0.972997790254778,-0.747875181224781
33,1,-1.19923774563678,NA,-0.523131349366409,0.392198791378082,-0.0328685165787704,-1.54343182308247,1.73043104099976,0.787078621979879,0.238969101631968,-0.478957321957036
34,1,1.11973652132178,-0.871015342868387,-0.01668586732989,-1.39721566562099,-1.33567001304958,-0.502008333570117,0.0937170867064363,1.10368848657878,0.162110625000354,NA
35,1,0.314806587720639,2.18169729191574,-0.503035218169297,0.561631332523401,1.34410448756216,-0.332112187685628,-0.895892383245966,-0.0471761672113864,NA,0.674157423105719
36,1,0.400401867149274,-0.147638610751816,NA,-0.0447538096229116,0.266247664020345,-0.355403223406193,0.752637389788665,0.160688370828757,NA,1.03371015376218
37,1,0.56143454181621,-0.37391331848016,NA,0.319162220222407,0.441963118485752,1.11584392388414,-1.06809983568722,1.40827806788832,0.482782472703688,1.23352891593363
38,1,-0.238335887895967,0.327947582785707,0.369099924287046,NA,-0.221360342780671,-0.334730640415926,-0.447018586067623,0.620118123931006,-1.4688380234362,0.489478262068847
39,1,-0.0931490661168802,NA,-1.92080482256897,0.847206327092391,0.324383148036142,-0.477239260204745,-0.154444697661606,-0.0816526224049143,-0.619085416515528,NA
40,1,0.00454521761262869,-0.31600425377103,0.0459375751924639,-0.513397841364833,0.0574811437736977,1.02695917129909,-0.515138569618772,NA,-0.71654960977796,-0.705632646779093
41,1,0.352587246883945,0.961865582179745,-0.308191524388635,-1.32602522419312,NA,-1.62974313488966,1.9367195674691,1.0536252001652,1.20802546136075,1.68501640701437
42,1,0.522171765068393,1.59386920559524,0.789712112803988,-1.36651442808591,0.573730416095893,0.582725173231163,-0.745873179831472,NA,NA,-0.284932489369724
43,1,-0.624513868549133,-0.126389512197565,1.11197755800782,1.38884805407712,0.803638550128492,0.708136867514962,-0.428147081031559,1.62142938148799,0.623359234867538,0.334457492140015
44,1,0.474926138620139,0.686482276714606,-0.0915945416782035,-0.50906770078681,0.949093218712573,0.622148367452326,-0.771708274769475,NA,0.0385019383658855,NA
45,1,-1.69592692784517,1.51116158498358,0.100817133122952,0.418033718495984,NA,-0.104420201991913,0.47647613524329,-1.73080393344414,-2.95446142811839,-0.923927964586871
46,1,-2.4170673793214,0.750454302547327,-2.2390811714565,1.25700125889494,0.0468309238093391,NA,3.29146617553998,-0.217375790675801,0.138189854097542,-1.2726066432198
47,1,-0.300728588956772,-1.65538672194604,-0.472518155385638,1.47898794427616,-0.999742652408509,-0.174831935599182,0.588751546253253,1.02474500619905,1.65371664146868,0.385498867125893
48,1,-0.0835880426111423,1.79192419887572,NA,0.313927185958881,0.717057029310255,-1.26868010397317,NA,-0.283136127952298,0.67399541466679,0.425177667703567
49,1,1.42685589122401,-1.88311069115403,-1.77453202797561,NA,-0.440506992741426,1.24696575954122,-0.314990531527967,-0.458290993153658,1.651420115715,-0.28731315704462
50,1,0.385254910926539,-1.12898431280787,-1.95728184578657,2.1540167554823,-1.64785905275011,-1.67996470790096,0.0286731275613694,2.71672242511131,1.73751705433619,0.765456492201477
51,1,1.4206979591441,0.541975040572689,1.54208488911575,-0.59297493453976,-0.734066643419527,-0.311616695322954,-0.716905634902275,0.395436069619066,0.632584352513851,NA
52,1,0.228595055490043,0.00597667388198258,-0.360019298688768,-0.311089315105316,NA,-0.970677824010527,0.881355440737865,0.810992125800942,0.746413294550643,0.800358461484569
53,1,-0.247952144094881,-1.73789523835841,0.89524112761697,-0.150084196204399,-2.02757306433394,-0.449095562775822,0.764598326466188,-0.54929031981816,0.737138873385375,-0.608730861142128
54,1,-0.0875527372591654,-0.0570504128433085,-3.13291376871657,0.55064030368585,-0.633568265331197,-1.07339822865912,0.977964459886098,-0.673550640408681,0.266122071183387,-0.39009781077092
55,1,NA,0.0355826461024073,NA,NA,-2.1987364383441,-2.49727182694867,NA,NA,-0.199122299618849,1.56829952352455
56,1,1.24678637928709,1.43230221986391,-1.24694736719973,-2.24689981698564,0.247948570301071,NA,1.20714021107422,-0.279022590565346,NA,NA
57,1,NA,-1.27785343622962,-1.22366220494473,-0.530113429448432,1.23866275916128,2.36328083917997,0.426035718455602,-1.98719661482603,1.01461789059416,-1.41683958361061
58,1,-1.02606734726417,-0.31679199680124,-1.35402646619003,2.18174711104869,-1.32705085451519,-1.44515198968269,NA,NA,-0.10985714599754,-1.22255904366602
59,1,-1.68267017723124,0.291563785606344,-2.12642468523441,NA,1.32881854620446,0.0969348543479633,1.5108894232387,-1.11814577382764,-0.72363325721452,-1.59821165955974
60,1,-0.0237609109877562,-0.651948304675388,0.638821567712264,-1.23596189560042,-0.251402540021704,0.610220683927415,0.101194808541338,-0.159371137756462,-0.823024097797686,-0.333819989869411
61,1,-2.53057066576552,-0.0692731359512462,0.112919085298014,NA,1.46850909337282,0.911734091907936,1.73725893255089,-1.13620283106508,-0.552547243998864,-3.12234178280471
62,1,1.73186198781986,-0.702589907677353,1.75887349433663,-0.677124520227073,0.311202177649385,1.8863770284519,-1.89224841899331,0.260342572635202,0.165430197931572,2.08798758848275
63,1,0.374071160738933,1.23864287896164,0.166378509311532,-1.59706889542489,0.793359191455383,0.138443214721398,-0.265978680762231,-0.747243897756082,-2.11379568516675,0.405432926134254
64,1,NA,0.912453030279197,-0.0578373957919276,-0.574480713846658,0.852717355027902,NA,NA,-1.19217768728117,1.00078191056523,-0.335144749664238
65,1,0.134197265475917,0.708245181027668,-1.11094475669198,-1.32320956324578,0.933455105018436,0.0670989283303054,0.622741798177642,0.698400087048885,0.456017816792403,-0.456303111849054
66,1,0.448909653064039,0.548386022574786,0.0355171265872677,0.547150077433824,0.595158912369231,0.308711436851389,-1.38752609421338,2.11143837523658,-0.0911568013847041,0.197207525582203
67,1,0.568134559214082,0.256632939825715,-1.29873336089344,0.351047408044908,NA,-0.800567571756474,0.21073670991291,NA,1.54907048117384,0.307962154295932
68,1,1.08263597127282,-0.798737459938612,-0.207959720669601,-0.788677515735124,-0.856481233869749,NA,-1.57763396093917,0.488927762082618,-0.357309812924481,-0.704913845595068
69,1,0.21464449509677,0.390172157060408,0.96796958570935,-1.00932826123453,1.05209278816374,NA,-0.500523005650644,-1.08704731570431,0.182866129858304,-0.338222875534486
70,1,-1.09035321329955,0.270244144314443,2.36763993159797,0.213612094193209,-0.0453136817837856,0.95905108750421,-0.565354642790101,-1.52759388282906,-2.325218190591,-0.670693212162812
71,1,-0.880985087236644,-0.070753987984152,-0.75228563321581,-0.115934682991178,NA,-0.265223107203651,1.91026961030079,0.253421855199139,1.03167310964624,0.0928545855829234
72,1,-1.02956459767313,-0.165972293589526,0.872838488975684,NA,-1.7695727861323,NA,0.914966360634629,0.66306573285917,-0.0741886579387839,-0.0405486604159501
73,1,-0.401925903465979,0.784406706636753,-0.915432347115642,0.446347517752502,0.633963686312339,-0.035866234102818,-0.441326746706117,-0.0644964297625396,-1.14830905031076,-0.89164457537204
74,1,0.699019350052622,0.238666503108425,NA,-0.683032713108114,1.16229977965549,0.60405946608044,NA,0.0118101372153144,NA,-0.173947989174869
75,1,-0.289297329710519,0.378742863008396,0.556597057154871,-0.668007168886349,0.910192991883615,1.17426558150572,-0.803800349637643,-0.881925167878957,NA,-0.194288672251404
76,1,-0.419884724060997,NA,-0.967733437173427,0.258501465452304,-0.0668308051814329,NA,0.896144986337401,1.1605367211089,NA,-0.149521040876557
77,1,0.545558560195415,1.08343066144225,-0.443229543706084,0.0800767136689686,0.776338519694141,0.0685770650194206,-0.932678052170923,NA,NA,NA
78,1,-0.0251039065038698,2.03283965768031,0.547568873023415,NA,0.79919690374233,-0.823593984591008,-1.06972775117972,0.94134987799861,-0.748013196975738,NA
79,1,0.338656539714397,-0.661556418511757,0.869518095607351,-1.29673915111461,NA,1.67341801819736,0.50726285386279,-1.67618997824534,1.4983501952406,0.228625961000312
80,1,NA,-0.966730769289896,-1.26354114608958,-0.77329851288197,-0.480076090278999,0.120805225984111,-0.365098714602868,1.09539540718644,2.11754976886764,1.03961020003163
81,1,0.424640926373483,-1.84593481434602,0.24000982091661,NA,NA,-0.113110250177297,0.596126708484223,-0.585035771102397,1.01183060552094,0.316681684220102
82,1,0.502988110019016,-0.0948766329237974,-1.55119612640526,0.775840260533357,-0.172255258894304,-1.0031685907916,0.105159362682252,1.85487270932625,1.26568795029056,0.618879658120208
83,1,-1.11158420401825,NA,0.247454471834861,0.993533085171773,-0.0514769172566276,-0.986084544487205,0.185934549094637,-0.148415098331859,-1.83566073679862,-0.389140933098588
84,1,-0.135042166293226,0.901984860736304,0.0803666058543081,NA,-0.288027944172917,-0.742945842985149,-0.802854674833121,NA,-0.670246132174253,0.39966543291462
85,1,2.15095972486886,1.05239597326347,0.883735828502342,-1.04187557631663,1.48621926035739,1.35157155629012,-2.0905739202709,0.584779044192338,0.520821848384388,1.95277809828514
86,1,0.846984038327479,1.69706287161195,2.48464279604834,-1.40095126630398,1.78763144412312,0.848424162530003,-1.10562398542061,-0.282922672897632,NA,1.32244366107485
87,1,-1.41442035204382,0.644074493941805,-1.30074724096125,-0.0147810144782128,1.32696710514492,0.464407504536364,0.819969485686768,-1.68075785624275,-1.50088241988137,-1.6915503463008
88,1,-0.842622305331547,-0.608039977143671,0.639068241653981,1.26044875589213,-0.58934577941458,NA,0.482819843550881,1.3716782357341,0.130273118851773,0.17489153312893
89,1,-2.58589894202825,-0.682815613381943,-0.758037959576643,2.50088167256419,-0.548997565077786,-0.61104856887223,1.02587278243612,-1.13913715433144,-1.19231194734015,-2.38349906854375
90,1,-0.268314868089143,0.756351476951256,-0.0467888480161693,-1.05534508878006,1.17224799551279,0.383830424402342,0.896291368977556,-1.11786103028238,0.286169598858112,-0.236319748799176
91,1,0.265357696764042,-1.77454648770662,-0.251456982249985,0.730566242711882,NA,-0.723776768651604,0.453166467746417,1.09091805630178,0.585030969089602,1.15840656484928
92,1,1.77624217866338,0.0217363214617062,0.48349983511126,-1.18798701058888,0.882366332396549,2.13686465634901,-2.06244582549205,-0.255059213908368,-0.160204612399813,1.03477522855342
93,1,0.519567972604822,1.49541927138871,-0.991119130599774,0.89587489705971,0.293794584114974,-1.76463196155797,NA,2.17935957782027,NA,1.33374482556398
94,1,0.720187752728082,NA,-0.937543921323594,-0.443391411915024,0.255755065713088,0.370362298662175,-0.026582554273056,-0.419706436808748,1.33838838222193,-0.0848558119317777
95,1,1.57473488126038,-0.374582219717435,2.45390672492861,NA,1.80109457540177,3.85609172428377,-1.08834119554259,-1.95811016379886,0.608698861208046,0.739799694800988
96,1,-1.3776860164955,NA,0.187911521424354,0.58594295700279,-0.349349897096572,-1.3514409097074,0.817298807645749,0.175812231122389,-0.794598654415778,-1.40607402183589
97,1,2.17003786942818,0.094581998111344,-1.94052679772515,-1.72453045045547,0.0630646608172405,-0.465938303744981,0.058138685910493,0.60990215335279,1.27799073123023,1.84146228095145
98,1,-1.00680722304156,-0.909137804186873,0.289382875592592,0.319762366975403,-0.559250522680819,-0.729026990368418,NA,0.469483528154714,0.128678107151595,0.341626127970038
99,1,-0.262841652635661,0.962971437712005,1.05634253106271,-1.01157482466632,-1.1980477351278,-0.900869147992092,NA,-1.23526344579455,-2.14009766464587,-0.583641871514117
100,1,0.501481903602575,-1.16170664958897,NA,0.128169937349198,-0.728254283648708,-0.160118868681219,0.183452450350626,0.926845056000908,NA,0.0954826593440225
1,2,0.788006703283027,0.58343164463094,2.02727639957996,-0.60170065664983,0.306004492258623,0.131452392136288,-0.681989772232869,-0.906405937220959,-1.05765448748532,1.50626996242179
2,2,1.03690959774068,-1.08296942896665,0.0435721757912175,-0.274837710249946,-0.266607666872295,0.858360514797228,0.295852688314944,0.695066750181161,1.11061664459135,1.61877617057939
3,2,-0.772643227116789,1.35515801652283,-1.35822655930263,0.69676745806875,1.13280424671525,0.413756747815041,-0.69554393101364,1.19718134577055,-0.40647660313949,NA
4,2,NA,-0.00900091387806376,0.830322870563444,-0.977555548645609,-0.565324854732824,-0.679700160046592,2.12648914319745,-0.570050092603046,-0.133857905505652,-0.96863240639634
5,2,1.12843642614293,-0.329822954255607,NA,0.735743034474863,-0.773748230364752,-0.425487217432352,NA,1.67750070597685,0.967021284525438,1.14997136280364
6,2,-0.4993237685474,NA,1.05587965523969,1.67917472822413,0.0817610437288983,NA,0.695660348581386,0.456138532668173,1.47202145035136,-0.0965176148076688
7,2,-0.380454819685315,1.46020650409768,0.148693067907178,0.577777592038145,-0.350444457783025,0.39906412467999,-0.522797733056228,-1.07801732708975,-0.810231171953252,-0.981271107477723
8,2,-2.10976189609555,0.424837748770861,NA,NA,-0.138545132295605,-0.949589739352316,0.987426775235991,0.731452878576169,-1.44373838914778,-0.296463291460152
9,2,-1.40290708977336,-0.417927884979278,-1.88668890786218,2.25245094586241,-0.346683146378073,-0.367385850266584,0.793728419706578,-0.196039128202884,0.698568475728459,-0.239170548128979
10,2,-0.00738603809941562,-0.561869929906137,-0.482838332135093,1.51012156913771,0.0827597941025536,-0.388822431575822,-0.695102168277199,1.0936933813868,0.396856252933947,0.509648687927673
11,2,-0.372518262469978,NA,1.09160838007769,-1.74136704051659,0.118729907587299,NA,0.649642546910207,-1.80124304959931,-0.0298925741420233,-0.281892271263188
12,2,1.61294041389746,1.01476616291855,-1.31961491132293,-0.906315825597275,0.200347506556076,0.24648094054651,NA,NA,1.63912940458044,1.50462029824872
13,2,-0.0437771822042782,-0.836076580979122,0.320803036008579,-0.391852258348813,-1.07496207089151,-0.101341215070364,0.910860469283114,-0.309797824046784,1.0918321882972,-0.34863540228839
14,2,0.550652349853215,1.52622184452545,0.856214890040884,-1.21888178870228,0.32197448696557,-0.558079952150684,0.530728314848817,-0.534093371783288,0.292625862524104,1.04273096480871
15,2,-0.0188748780712975,NA,-0.228801985841527,NA,0.376599226282208,-0.343202502328261,-0.215570916624352,0.297770081956523,0.0139750090770226,NA
16,2,-1.00528963585387,-0.539460825837032,1.25241047683885,1.08387244347071,0.325361078565993,0.0303313520957501,-0.219050727897131,-0.158056006741692,0.926059614014307,-0.696805513760424
17,2,NA,0.473175911845824,-0.810224487058332,0.723043174851709,0.830735093792267,1.02456058461518,-0.327212972744332,0.222553680457083,0.984088886963755,-0.22251893777651
18,2,1.37250464776869,1.04855592487515,1.05572905538031,-1.29798018739196,-0.403829846417387,-0.49062764898393,-0.75006067540928,-0.036049055459363,-0.450373668665754,2.23426675448385
19,2,-0.543469093306163,0.701857404448328,NA,NA,1.79750577000063,1.20571845491637,-0.442872111613532,-1.64247225180159,-0.465525257751214,-0.997308830826796
20,2,1.57001089339094,0.140334885082608,1.95095878900255,NA,-0.514713039140625,NA,-2.69930721474813,0.568456600168564,-0.951914307959671,0.554842488619464
21,2,0.0514658892297946,-1.32549420675673,-0.317267807298718,-0.647533679029214,1.42970298313136,2.35808999040371,0.519104429267067,-0.743150774409801,0.518699211932864,-0.110690485114932
22,2,0.391244433842602,-0.00277609901125778,NA,-0.187096890369258,-0.217165300037057,NA,-0.112603560673772,0.405267718216074,-0.0504103045785818,1.37746350675129
23,2,0.478947740211693,2.78362666465597,1.92475145950797,-0.909551733630124,0.261295095804796,0.485307314511825,-1.10171837011725,-0.165844106405174,-1.860607892593,1.24373762886854
24,2,-0.374779852852159,0.3526019787046,1.03908275263893,-2.17499444149644,NA,2.07260309821887,0.403661297461483,-1.15859644503911,-0.907584131549202,-0.975577826090278
25,2,0.551300661435928,-0.0455068102692083,1.66346861259047,-1.30295628029409,1.21779412360725,0.985752004966086,-0.516754407362128,0.529408346027313,1.05402385860887,-0.346285070672305
26,2,-0.440776089985567,0.651235174734874,-1.62239957051805,-0.0063314184366582,1.60987255662532,0.446187955853329,0.531887736814403,0.345776129810544,NA,-0.471943935481822
27,2,0.308301817147983,-0.858570530856824,0.924369715520053,0.920931687734774,NA,-1.41700088569499,0.42083924712693,0.0478154390105802,0.865801661279746,1.08910682507722
28,2,-0.828853139903622,0.642711848165186,0.502564864304868,NA,0.744133785687651,0.479825319201102,1.49256590329307,-0.409691140082807,-0.503738775866619,0.168350891398596
29,2,NA,1.19939525054218,-1.83261122669781,-0.238095687242667,NA,NA,1.74227797553986,-1.38447077110534,-0.205421309051398,-0.895964294224135
30,2,NA,2.21660937333747,0.578611704453489,0.472884246497094,-0.557290114839806,-0.828043263521635,-0.680204675067974,-0.923217133433867,-1.56797796690186,NA
31,2,-0.390366190379376,0.164510825976247,-0.680140907209107,-0.35428621849615,-0.65930208497632,-0.653350768165599,0.903623669701742,-0.536998849036768,-1.12863158849147,-0.239229667577309
32,2,0.185667738293063,1.55603361584016,-0.999539800609637,-0.323232415243266,2.10643652146951,-0.312015192108333,-0.845107984858393,-1.02689345825106,-1.20116807258207,0.305664849665229
33,2,0.0790235020663822,-2.93490356772029,0.7835604905514,-1.50981104662703,0.637210987254502,3.74791582684695,-1.08985486063727,-2.13529594447994,0.703382582108745,-0.81336698589218
34,2,NA,1.99269839139671,1.04326330682239,NA,1.38811424088762,-0.446644639365278,-0.00532908266573198,-0.525064799097966,-0.847342221155677,0.55396155206465
35,2,0.791622400780171,2.7542370258172,0.463137793094388,-0.28708981600091,0.354491242992333,-0.656829590703799,-0.641196804750292,-0.763472300994183,-0.161564491708112,-0.556626087144957
36,2,-0.071881760921414,-0.767223766678985,0.681371984649265,-0.0591253273365313,0.31785924923137,0.137885714158853,-0.124117090448652,0.710546166271873,0.712816212916043,-0.183454953573247
37,2,-0.811223379248923,-0.00777859911305964,3.82507187282939,-2.37431258226159,1.28134382182757,NA,0.262648518400528,-1.63628425596324,-1.9432823151655,-0.406537223509537
38,2,0.492048000180072,0.194532391957726,-1.48080420440504,1.43799640393351,NA,0.73656865297954,-1.6512835390232,2.04970461809814,-1.00626266394699,1.17868947786198
39,2,0.190418412428589,-0.100146973482601,NA,-0.758857890081433,0.874258359484937,1.06518317517055,NA,-0.409256309705653,-0.674408176197694,0.598759156262972
40,2,1.06169088346123,1.17940025014109,0.576248446238182,-1.62349669570925,0.999412786035442,-0.304256611527904,-1.26023521806132,-0.611919982619028,-1.53131768702005,0.502574209569215
41,2,NA,NA,2.09777549824038,0.498994121414563,1.17115650279026,-0.359601255398604,1.44713849353711,-1.08006956523158,-1.62466256059025,-0.74484795242826
42,2,-1.1885021989117,-1.32004360565903,-2.05164859224198,1.36041695705401,-1.99235863202182,-2.94897211305813,1.98129753762985,0.444383453604262,-0.0493416938862631,-0.924320945755773
43,2,-0.793596802888257,0.577272171407471,0.39495279646317,0.27358308181173,-0.115390562932601,0.487906781553354,1.27436506498867,0.191207857817255,0.229099078101499,NA
44,2,0.307757916373241,-1.41321444340037,0.942015015586503,-0.888387078360928,-0.600326946916301,1.12003246874643,0.724348330162415,-0.0699314241197167,0.763901303031793,1.31689176997326
45,2,0.187193464918533,-2.29454880310389,0.269086261901801,0.144610113575822,-1.77814444630891,-0.0897479732215611,1.74534288043751,0.582588815275075,2.52403554964669,NA
46,2,0.720139110494027,-0.56589574890212,-0.318108321291787,0.196362004168322,-0.29416896394167,-1.99553053728665,0.347147972392844,1.74678862278559,1.44110079869902,0.491247151934861
47,2,-0.574766627194209,0.990287494988731,0.901997732858177,0.788006083419012,1.12670237518602,1.31438438461464,-0.146719708023862,-0.937863809060547,-0.334550348791991,-0.939575804807877
48,2,-1.6559439294129,NA,-1.49289021884751,NA,-0.907360752852307,-2.77978334847151,2.60717114625503,NA,NA,-1.50926984915452
49,2,-0.33358744868223,-1.08895203228908,0.901525898970202,1.07283904953039,-0.75435448814329,0.303959856433949,-1.46255061510229,-0.318288891900537,-1.00962520173976,-0.60614699414963
50,2,-1.22112885183079,0.322765812443801,0.152185441372406,0.709207828924501,0.482286628125391,-0.201950668091638,0.124673911427877,-0.186782347819283,-0.753945851277874,-1.09628147077709
51,2,-1.22804660200441,0.223584851079233,-0.426560773083269,0.217735777435959,0.464007640549127,-0.725325200814102,0.980795107044776,NA,-0.393940565349913,-2.14080376478852
52,2,-0.0504333594324667,0.470374663884573,0.918037676061237,-0.0183317518651046,0.421223218913966,0.279680433268901,0.767423431239332,1.40726631074871,NA,1.70180486962253
53,2,-0.0513075928102292,1.09546578055727,-0.170696543519332,1.81948364448677,0.996784769641839,0.142043678414223,-1.01030610741822,0.587434589737142,NA,0.448575148972486
54,2,0.629841598042812,0.907801799988598,-0.0841045483374557,-0.266828343866521,0.473581382282486,0.104213517519925,-0.136811031685814,0.919208957005957,0.631093339133595,0.864374303686428
55,2,-0.578102210572596,1.47213756909295,-0.567296724247332,0.578045331183496,-0.592230822704778,-0.0175027543789749,NA,-2.08657066179967,-0.987984463572425,-0.78708148398966
56,2,-0.373164997951268,0.0197525403798332,-0.201727419076798,0.267331666217054,-1.25220184449027,-0.809676529458244,0.117367390850326,-0.772562928931542,-0.946327062568107,NA
57,2,-0.741939786951113,1.48996430380005,-1.41830672320552,0.995094936092324,0.92320126202647,0.722854052696037,-0.721405161119155,-0.0811679148868417,-2.29252955289965,-0.16223972636118
58,2,0.0838506502257694,0.796691889118639,-0.457780159828941,-0.632007172437053,1.63817986011561,1.39977721156857,-0.510387746709137,-1.12296117041959,-1.04023459397403,NA
59,2,1.00101925218249,-0.300135194405887,-1.70044154492521,-0.929469574689464,1.86734900931118,1.29173643444225,-0.657551890243466,0.684575761081367,0.900932167325555,-0.361792773800062
60,2,NA,-0.438552034968354,1.48814394345827,-1.30280082891826,1.13787784859395,0.963309198931354,NA,-1.16795065700376,-1.39260209632116,-0.334666049622637
61,2,-0.762028316447379,0.191147943760188,0.0295911211260376,0.460985196535025,NA,-0.47172676671615,0.130242639071831,NA,-0.586175207275232,NA
62,2,-0.981010605311044,0.500972371929387,0.0344554333638995,NA,0.681001765219867,0.415517438874024,0.436656238958722,-1.46385783941255,-1.01190997678344,NA
63,2,NA,1.10301800293515,0.32944004874685,0.412276649075357,1.89433276223614,0.548270202199631,0.823776799959433,-1.19124190380713,NA,-0.863196523746198
64,2,-0.525132188193823,0.751957290723302,-1.20051706769687,0.572083236638381,NA,0.0362421452877922,0.231368682973754,-0.304405843330688,-1.31022361144888,NA
65,2,NA,NA,-0.817757692695316,-0.855176577929941,-1.13458140998722,-1.06561621885114,0.922885721423426,0.818743374337947,1.804381650676,1.78768469880083
66,2,0.437924605643199,-0.265079782576873,0.215516727022704,-2.51971171984524,2.73782923813234,1.67028059326156,0.531725591333527,-1.12749771247954,0.355109427428481,-0.276945935387395
67,2,-1.01042760070014,2.9960315910272,-0.318093248032184,1.20191515125065,NA,-1.64464218594963,1.11755754985889,-0.120492942384358,-0.989980041777954,0.144730892230719
68,2,-0.735885121541233,0.983364108113182,0.280940956333827,NA,1.09303610428747,0.363855004409096,-0.118721527665704,NA,-1.75825270119682,-0.935045189346132
69,2,-0.369567631790705,0.488513382202454,-0.265679489355843,1.75045036078741,-0.285550685968598,NA,-0.984219180932098,0.512632922996285,-0.208146542071712,-0.471030622438597
70,2,NA,-0.96744315767604,NA,0.260091705756255,-0.7811456944605,-0.600323729183359,0.80328665805119,0.448073438495113,-0.480228817752956,-1.02605515984336
71,2,-0.423968300630124,0.0406867013400931,-2.01947447734236,1.28794381887377,NA,-0.395449575736621,NA,1.77644232998069,1.41767002360839,-0.94881990337748
72,2,-0.988857880022724,-2.25760543732582,-0.511972316151228,0.524899007823173,-1.03182155931586,0.427014862787376,NA,-0.660249484965066,1.37936745401537,-1.06589237162688
73,2,0.376311128916828,-0.155827528652005,-2.55584750899284,0.713686714570979,-1.1675264950196,-1.68596253116622,0.270804888755619,1.35243721698577,0.69964759865789,0.541843177263122
74,2,0.126733143986179,0.630509266769977,-0.412515142995828,-0.137708131866715,-1.48574150456705,-0.996021383978032,0.254131608946541,0.940395152583223,0.426742651820533,NA
75,2,1.41211460980283,NA,0.379730858906802,-1.22339050619561,0.535183095671472,0.450951116251513,-0.199816637636749,-0.33496902519546,1.10149060141578,1.45748459765164
76,2,0.162351321002871,-0.509829892745531,-0.381223358287456,0.285912817863485,-0.434609887847329,-0.359034072659034,-0.137896135244014,0.206355839314672,1.14013284571039,-0.814426965078819
77,2,NA,NA,-0.501351831834075,-1.74760956741223,0.843384621364633,0.367925800989704,-2.37428459296648,0.718301881829418,-1.11217367420215,1.79155726074838
78,2,0.0271270638510448,NA,0.23631658084523,0.751235812847176,-1.38472877816364,-0.0922582413238125,-0.814714279232113,-0.595829708253192,-0.232827384155303,-0.829084769594509
79,2,0.273948321295541,-1.51476685334413,-0.325808595010275,1.05338514923838,-1.24784567943315,-0.000464080053085919,-0.355224193687153,1.25003562470019,0.735268193110367,-0.0599760873067974
80,2,-0.704978835849401,-0.41965410242402,NA,1.04057231411731,0.495796864318941,-0.317847912542992,-0.128116936984952,0.825407230152081,NA,-0.541521473851226
81,2,-0.586195104963151,-0.720291496122877,-1.19198308885633,0.487397423238509,0.49885757663687,0.49644395510024,0.820772629431114,-0.743731299380019,1.10252350106282,-1.14054038889578
82,2,-1.2421218112683,0.826298583453007,-0.575285850917699,2.7960814975452,-0.0690950258941918,0.903593860476943,-0.0522343905562627,-0.788025927455551,-1.00784772494168,-0.599329402641071
83,2,-1.25212060880161,-1.16816210584586,1.1918918580577,-0.0579457066219334,1.63139010179581,0.587574452139458,1.49841366548367,-0.471896962744447,1.59088195772407,-0.737053201531314
84,2,-0.289510596836185,-0.819077731139356,-0.445393854534915,0.407434563288563,-0.462511193150073,0.784545803989866,0.22176273217228,-2.15517166774269,0.0979727119466476,-0.85844109186989
85,2,0.797414315181906,0.517790272667519,0.524485690395414,0.880729778926571,0.578432617101753,0.664376200324053,-1.56033745275608,0.344102936953752,NA,0.312990702289383
86,2,-0.278762053382359,0.856326684395354,0.820483206653828,0.133843604413705,-0.0547980829636294,0.274653618835774,-0.476473268015875,0.274298199707292,-1.17175041184896,0.746700049121285
87,2,0.403039330071087,0.072967087139139,-1.39399727900534,-1.72486326510108,2.1340644810125,0.747841157358387,0.671603176737982,-1.2697270824677,0.970801821095489,-0.415438255968131
88,2,-0.847071219602576,0.780821409520086,NA,-0.337962211756153,0.9583577164097,0.0831087083636321,0.698486928270159,0.434739497564445,-1.54333034847759,-0.181346210797946
89,2,0.843067569515223,-1.42993160696527,0.56618591789323,NA,-1.13059383329017,-0.865444565123658,-0.0592459683786897,1.59064192281625,0.273218729222644,1.28879349399817
90,2,-0.241081385210261,-0.332028750447521,-0.15324025646565,NA,0.559125882676158,0.726502416521048,-0.238934045000041,0.0732870951403748,-0.776998042617323,0.115535648235134
91,2,-0.422595604081059,0.832047376661089,-1.90221517071288,NA,1.44807222949231,1.70687875643423,0.174720697862942,-0.687963098969681,-0.0502033835270655,-1.26327456024891
92,2,-0.747501048277831,-0.00885274470906023,-1.40902558412784,-0.268408104043211,0.924282213053773,0.653553061566347,0.436803708552204,0.693718083907238,0.868108539132648,-0.753951528495372
93,2,-0.0544335398602508,-0.0225348946203667,-1.73040285006719,NA,0.802018487558639,0.742220488866822,-0.49195347916339,0.885324380776947,0.471986295641871,0.122665096393095
94,2,1.06915068281981,-0.487841703158488,2.13911638347229,0.47955094574916,-1.41117929547414,0.124724455860577,-1.69175572749046,NA,-1.32102038803217,1.05848519983822
95,2,0.315174213690093,-0.650265265025726,0.326253999998567,-1.56387284521065,1.00018800169592,1.86540829121334,NA,-0.591456699599424,0.411448476968206,-0.0570224325469041
96,2,0.172411837070765,0.181401148928469,0.503030687505226,-1.6205229492286,-0.542936781264765,0.0205804001012958,1.54096145493409,-0.386828366770046,0.4177841398193,0.42473100858203
97,2,-0.368059980816052,2.32532776502144,-1.66229030254987,0.364001043006936,1.57782507131607,-0.82217831731623,-0.404991120105894,1.12222885911349,-0.983134118229742,-1.32352897673307
98,2,1.34390991057402,0.798934241906908,0.655694853043264,-2.63019798680538,0.838747825132358,0.950886971454984,0.629456963767208,-0.852760301052227,1.1045935339334,2.06380503272767
99,2,-0.18841709545093,-2.84434539015104,-1.19987986607107,NA,-2.32845976213176,0.124215678681648,NA,-1.01742326194963,0.859268754512372,-1.14910525509486
100,2,0.283663217777389,0.266956085513504,-0.921751959389049,0.615203390612898,-0.211927783759084,-0.28540344302471,0.679218596366706,NA,1.07401930778864,0.866161565945319
1,3,-1.14281220550449,-0.77922762567641,1.33074647363678,1.52273955095327,NA,-0.411909875635316,-0.427250882308495,0.0482240942322103,0.460934446508807,NA
2,3,0.342254263090779,0.382569659703526,-1.26830892570921,1.13204900588037,0.631636297359146,-0.200556541067675,0.29955239004553,1.46515199910719,1.16796246947971,-0.318700293660992
3,3,-0.403798893368908,0.88426456069492,-0.405255793036404,NA,-0.128570976020593,0.436308132236174,0.598503461115693,-0.4053461937762,0.479128441407606,-0.888191549419188
4,3,-0.411597799120454,NA,NA,-0.148677791380698,-0.428131563271756,-2.55847731471206,0.801705658916465,0.313373695091878,-1.35991793951155,-0.905245947925381
5,3,0.234046383873954,-0.939711341030655,0.0476834849048292,1.74724863840961,-1.08409228605951,0.577215948785555,-0.306154916563706,1.01274591193568,-1.00753131638397,0.509948196883328
6,3,2.0917464193738,-0.911588024915855,0.486205346036374,-2.48890509283403,NA,-1.32507248951661,NA,-0.29182564706842,1.38415490387826,0.720250188048822
7,3,-0.228589048975385,-0.019706970450092,-1.11314066611465,1.4923910013474,-0.8906517141013,NA,1.03501382933743,0.82636447221419,NA,-0.0847472869794938
8,3,-0.202587600421619,-0.812548940185765,-0.349112155333279,0.552741953986333,0.241579919598358,-0.0610392817131048,1.04895696220396,0.103375196295247,0.450520564886904,NA
9,3,-0.62599750775587,NA,NA,-0.0820995102091815,NA,-1.06368217972306,NA,-0.45752767490339,1.34755612409103,-0.397639912486397
10,3,NA,-1.15804858301212,1.10426887222402,0.631391751709901,-1.4082791721113,1.62525683900031,0.433196299032924,-0.139093038754451,1.82741088966322,0.802953074791983
11,3,0.507758506137495,-0.428902043383086,0.860309751696996,0.130642575991028,-0.527962827642793,1.04413665999356,-0.325112899228047,0.531986782338169,NA,0.774627795672586
12,3,2.01854680882446,-0.756699616720315,0.0751363422065827,-0.302628752337275,-1.53740960319683,2.02275535076626,-1.06020874452614,-1.2435807368375,0.523115162844372,1.16748807232014
13,3,0.31153484944545,0.469418655511092,0.125688098345869,0.313653190172661,2.36006370290667,2.47264895450513,-0.728648768204374,1.63962888805241,0.575006539948156,-0.0208093618972205
14,3,0.762333864227193,1.32685152603324,0.00235601291233093,0.457063209984621,0.817389854809708,-0.0506076063699817,-0.655208540060625,0.29149140343144,1.32545447442645,-0.547357643129059
15,3,0.234500850614849,0.536805682987364,1.03944175555678,-1.16457777510379,0.493291040937791,0.0140186257098948,1.1663076933166,0.986111610161161,0.470362295560668,NA
16,3,0.0719747574908269,0.614028175445002,-1.18375844370287,0.0622537495500005,-1.54902025213595,-1.76454891691892,-0.341734278817339,1.48453758451977,0.345572310546715,0.371194640305297
17,3,NA,NA,-1.32317254234089,1.86928111199001,-0.0352574449968194,-1.37380869093719,0.685565937728961,-0.228993386772372,NA,NA
18,3,NA,-1.67330137082014,0.714764371348534,-2.13822957133821,NA,-0.0787896139970623,NA,2.7939967997078,1.50862236602618,1.20821868527928
19,3,-1.88700492341611,-0.737843882687408,NA,0.661399339001502,-1.20292286337204,-0.600598970176756,1.02091611126505,-0.749511043553657,-0.249559032341529,-0.80423870229563
20,3,0.828127482357198,0.475680740860505,0.521626944680605,0.889669326819449,0.8040724425483,NA,-1.18085204013047,1.21222792243765,-0.252877375382214,0.684428031730979
21,3,-0.74724428038566,0.852890456143697,-0.929148299155515,NA,0.216609429975213,-0.0913070200751946,0.554674651537327,-0.59998135810468,-0.901010019609413,-0.985105295392799
22,3,NA,NA,-1.05816367523352,1.30454525000902,0.501445835808312,NA,0.156597489279377,-0.468223159809581,0.488647678601957,-1.07028064718478
23,3,-0.803418733338516,1.56499178990637,0.385469127855036,1.27065339195818,1.9318228832078,1.96509100069748,-0.850857788839824,-0.57493264374741,-0.0831443017884524,NA
24,3,-1.04065380646464,0.0729478341795744,-1.65271826841766,0.107883913461715,NA,-0.643976771604343,1.0906598746607,NA,-1.26369903696019,-0.812734764539422
25,3,NA,0.490449223704151,0.618440457774027,0.118951865414672,NA,0.965153973222938,0.168763376162545,-0.0479470507709648,-0.355952607858735,0.0580743586699762
26,3,-1.74581645418227,NA,1.80393136873893,1.31679265224731,-0.373396694681874,1.85529647720375,-0.819094576628855,-1.97185762576107,-1.81926950858881,-1.02636944847743
27,3,-0.51986839827415,-1.26766855047255,0.434743119627887,-0.145817425022672,1.01630986951744,1.14090322209149,NA,-0.466512388900906,-0.307890496463519,-0.0677454984603719
28,3,2.11747950923887,0.316586894488718,1.28298595240149,-1.34125663794816,0.910269366240561,2.21128601879747,-2.48509266074836,0.869315402349394,0.0644950141423011,1.69645646182157
29,3,0.53205137109974,-0.503766269171704,-0.578672214553818,-0.674280942648397,NA,NA,-0.132382515688777,1.25719807014834,NA,0.228825219372925
30,3,-1.43539296804714,-0.210661460973725,-0.81534811779038,-0.888515041675591,-0.703469332054969,-2.11771985463375,0.904108884844132,-0.794575169038489,-1.52369120966883,NA
31,3,0.681267576706023,0.395908683070658,0.346402354644754,-0.153284435234529,-0.176351060293324,0.760966643359996,-0.733703623329442,-0.426708795556051,0.978895568766791,-0.158860259741027
32,3,-0.309173352575159,-0.452714260645356,0.0649852754073041,-0.976078831286086,NA,2.6610079301781,-0.442460654778284,-0.299634238344135,-0.137530239896059,-0.270216322954324
33,3,1.50884595080018,0.374956668500311,1.1670827726677,0.266018151939295,0.413738285383849,1.26806195094073,-1.06764322629626,2.23358249799338,1.5174202335137,1.23950820825506
34,3,NA,0.00691908683405729,0.00355756763993003,-0.363868364339349,-0.71525331292286,1.23654151779165,NA,-0.145261939970673,0.286476086279799,1.19195252522274
35,3,-0.139562216191156,0.557712675130166,-0.16710138250555,-1.02816137978744,-0.489039137253243,-0.0674655681414204,0.661821295156742,0.0639946483439976,-0.201264277808948,0.189245929363326
36,3,-1.34127231005415,0.267634288990375,-0.0364395236393733,-0.541042689697222,-1.24200320479385,0.0593574199856742,1.53940804042084,-0.532781122544286,-0.561152378394997,-1.14411560027162
37,3,-0.483428016861201,NA,0.226016065137595,1.35274629925086,NA,0.341949670859576,-0.423052125806963,NA,-0.17823117832517,0.105884716887041
38,3,NA,-2.56554352622619,1.23113134477938,0.518460697930818,0.101987257940966,-0.910346306650657,-0.785020492043492,-0.0635839271030826,0.885164488002235,0.330255165585616
39,3,-1.31096959498086,-1.0619649301465,0.180563467920568,NA,-0.202802235755531,-0.730012870732753,2.20372207451874,-0.0419296770843015,1.38047489324818,-1.85521617284234
40,3,0.410414092961006,0.474284985010175,NA,0.680111513285606,-1.07706357566674,-1.92382114423352,1.51676685044073,-0.504748344640322,-0.413214644242076,-0.435514167247189
41,3,1.37179898757771,-0.625165712570177,NA,-0.892067928071034,0.0550876943999567,0.0290520085704352,-1.29941132884041,NA,0.68806897131429,-0.51589037939903
42,3,0.509310552979619,0.275397435039499,0.885372277801073,0.639431544533726,NA,NA,-1.6487796312441,1.66090504750153,NA,NA
43,3,-0.541009947042019,NA,-0.114094649590426,1.28782785330402,1.83027974712832,0.14539180557587,NA,0.33253586365386,0.641364923415323,NA
44,3,-0.801818072446151,-0.599338311101261,NA,-0.569301327657173,-0.689337354003187,-1.70389534236794,0.789050250047376,0.0938885071755641,-0.661963428277642,0.603119624538801
45,3,0.18606355580878,1.04005243856411,-0.895001939339612,0.441500497522275,-1.34350399790489,0.902336649819549,1.32157201234786,0.560445799709228,-0.533220479841744,0.4492274177606
46,3,0.44984947956867,-1.24807852454986,-0.18254440822927,NA,-1.24443034336443,-0.125436137076638,-0.280748478487253,0.915665007587812,1.45388696720041,0.527864785549936
47,3,0.304073612477125,1.17942663380658,0.250238342431855,0.602149522769102,0.049833097858009,0.79639122022496,-0.562740300453795,NA,0.178750512671893,-0.639766885670775
48,3,1.5619472732255,0.801800284894086,-1.7510986818579,-0.801505299597467,-0.102830205055227,-0.857424507905903,NA,0.88640743180796,-0.179555188684214,0.51317303758841
49,3,1.95013812793291,-0.5450142466133,0.472019262750907,1.56085389268639,-1.39605518884848,-0.13855343892526,-0.993318783729219,0.631779780374171,1.99392444211754,0.0891748906878752
50,3,-0.000365541929647636,-0.400667974513781,1.75510536944782,0.840253024752288,0.452574400380254,1.45820075914198,NA,0.0152539173608243,-0.93162852795782,1.74524186211117
51,3,1.18374733413888,0.267960053050361,0.44036237331494,NA,0.887766552963048,1.05847516443344,-1.98239759163926,0.829727183801167,-0.724785401679927,1.48529978814834
52,3,2.22227637832658,-0.128499882678312,-0.1245971829055,1.01345744904285,-1.05009769697811,-0.289899384222343,0.485818155137388,1.15076123606479,2.19833184341033,1.29143433998689
53,3,0.540527691269214,0.581859026665232,-0.91748655854178,-0.355482731226463,-0.247752056957101,0.0139923285166681,-0.853070969616669,-1.69562076423282,-0.543584380885435,0.0277573279461352
54,3,-0.184439175056751,1.01962206793021,-1.13435323467911,1.20483479185516,-0.414079006674022,-0.149533225526632,0.80112033290421,1.42490526369628,-0.441674261086508,0.9295432437562
55,3,0.00887129625167515,-0.966641328752945,-0.751036929618935,0.907465751510744,NA,-0.0416890759256013,0.388404447415599,0.561113790780391,0.0907579042220983,0.170478818095444
56,3,0.038144488931256,-0.496554238566157,1.97477199059134,-0.0124343189046422,0.251555731391283,NA,-1.03697615997138,-0.639691898622023,-0.341595221449969,0.352770626262925
57,3,-0.798460293421597,0.177877113629945,0.747425299017376,1.1359901056166,2.00713132864324,-1.21730361018648,-0.692879914347033,0.228821016784514,-0.492819773448934,-0.765284097714463
58,3,NA,-0.362420292188562,1.37191399930558,0.0481680730199541,0.39679605339064,0.511649319429756,NA,NA,-1.53876659848805,0.518321477321903
59,3,-0.799238218832324,-0.167291176457124,NA,0.221776287961412,1.09046977120642,-0.547368087779637,0.181784868074078,0.493527662000194,0.655000062776412,-1.80817277214467
60,3,0.3102729314362,-0.249250512328629,3.15252048432731,-1.99634254742487,2.85047329215274,2.37996754605149,-0.383698476002897,-1.6389092225209,0.115357908657589,0.0411550271731084
61,3,-0.676829796595735,1.15247508160934,NA,0.0110022565412813,0.2131266638975,-0.858849970527914,1.21632546947951,0.867666480889679,0.53221873225937,-1.0301222274046
62,3,-0.31577908684103,0.348653544353954,NA,0.571874993369855,-0.331374809873938,0.0287920559153011,NA,0.568747329101403,-0.960093648437274,-0.0123784197469112
63,3,1.09978786616631,-0.135917309842572,1.20043643422932,0.356561473508444,-2.36934432373648,NA,0.710684392274182,0.207452527781873,1.18436513121761,1.91089418683779
64,3,-0.8270663747744,-1.916248841885,-0.429630053104827,-1.07377478818292,NA,1.07623955550212,1.34138941936633,-1.98575241664228,0.0627286639105144,0.574614149909627
65,3,-0.986469120235369,0.160539316687815,-2.7024714679482,1.10293501455244,0.0399708624508565,-0.472499773171694,NA,NA,1.00784508033339,-0.0355805857002902
66,3,0.892193841863016,-0.876195454147093,-0.325324859820165,-0.0359373337177224,-0.843192798504691,-0.258047541210678,-0.521260677001158,NA,1.0840169393756,NA
67,3,-2.43517849246188,0.609304050392573,NA,0.236078659960845,0.118280251828931,0.91580413957004,1.40552352638083,-2.3418858310665,-1.88652767954258,-3.55904503078258
68,3,1.10210247583165,1.69787294224832,0.135242950766022,-1.01254579598872,-0.176045394154073,-0.802137012925535,-0.324086932933598,-0.166654382411889,-0.217563309536167,0.350119261472519
69,3,0.222591231843484,-0.0325482525343729,0.513671609869966,-0.355368110213437,-0.551082681699426,-2.03898148580581,0.694610846466286,-0.356153266756898,NA,-0.0175767326497709
70,3,NA,-0.851411586830519,1.97184807834603,-0.168197718686664,-0.990220688443455,NA,-1.7389653994531,-0.423308243501512,1.39588784007213,1.62361801812144
71,3,-1.34671738017726,0.0218052876768837,1.5135541783207,0.173042176328292,NA,NA,NA,-1.30208268048628,-0.572887501142833,0.475925322173186
72,3,-1.35237717779572,0.0632897152492756,0.0323859727877441,-0.384714339554988,0.0123051841787595,1.37539376103824,0.178564040354958,-0.88559791813628,-0.733077331870982,-0.290287162114828
73,3,2.64932391297873,-0.66468999583614,2.24495592872452,-0.762597001728635,0.651257612335193,1.0537550947063,-1.73123891058319,0.235164796541281,1.8857596100213,0.689160037109558
74,3,-0.248527523452991,-0.548592864536523,-0.81379179237206,0.650375864153191,-1.50832024678057,-0.895869796718692,1.6643796386951,1.15011408795152,0.741592186149994,1.32090725385897
75,3,0.156516200890805,-0.502514456547129,-0.225466349084768,0.0882134554038453,-0.266014224033526,0.258431490312554,0.56720189036571,-0.441682024564977,0.476251648669439,-0.183528224452896
76,3,-0.272500594678231,-0.317737877179602,0.628434823526045,1.83061589157811,-0.0274669891352839,-1.10060092903635,-0.996257750809088,1.02210496041382,-0.00811275031341132,0.417829448536234
77,3,-1.30996426113721,NA,0.0077136172930309,0.79641605866663,0.314486998512979,0.162286829824395,0.216541405853124,0.298414605917503,0.124585641294769,-0.173533740971897
78,3,-1.02621650136104,1.08181915881374,NA,0.608037332023129,1.86661408581298,0.972100408745785,0.0887978754319705,-2.18615132041602,NA,-1.01411415630689
79,3,NA,1.49137511846853,-0.816496666527913,1.15429766945695,0.349093388698881,-0.237470607946465,-1.66969346641403,0.196705063086481,0.943889606402138,0.434647861545036
80,3,-0.43322175127243,-1.53224651386194,NA,-0.249286115187597,-1.98935133891233,NA,0.488238199868817,0.282389711543028,NA,-0.209699866332556
81,3,-0.108252450467347,1.57056653129306,-0.911748261969398,0.239970325448248,NA,0.0708124680486424,1.22621694611057,NA,-0.729582420218016,1.48402143720165
82,3,-0.620995803011097,0.585509994032945,NA,-0.781720119914706,-0.0425014114855445,1.08434082709823,1.35184705607852,-1.71804295963552,-0.946666056833319,NA
83,3,-0.754491279575974,0.990930438109345,-1.62551994380735,-0.66831896625729,-0.509541601600644,-0.491679145999167,1.7326583409167,1.39780105195175,-0.410105394788788,0.0592549724645116
84,3,-0.060585088208372,0.654771094836541,-1.19029265196848,0.592837490668156,0.114936327322685,-0.750290320074776,0.0499214887186495,2.24553018383858,2.07848118182965,-0.144921893683762
85,3,-0.997282808812485,-1.11334794530378,-0.345314603366412,0.953951764143982,-0.15371245855541,-0.430296323586786,1.56004361308553,-0.0857348530382561,NA,-2.23609302088978
86,3,1.50313732052073,-0.494332081564896,-1.29594642972648,0.128934485664332,-0.798753191794267,-2.23523734247088,0.0980070028154094,0.465149991821106,1.32739026088112,NA
87,3,1.63280756197056,NA,-0.121107806268982,0.638057163315381,-0.138362469771258,NA,-0.631210856943357,NA,-0.138619988217087,0.790376002749825
88,3,0.850833826427344,0.259462418067862,-0.210877347087565,1.4438859134379,1.18818390396677,-1.35935537535164,-1.27949100702334,1.41385954341661,1.15936945469609,0.410413843919959
89,3,-0.313845937017964,0.864684682659266,NA,-0.758293379837506,2.20852703281692,1.49425097531448,0.562070788191771,-1.91213620216771,-0.357474528293335,-1.77465578433872
90,3,0.0626309493202119,-0.926288414259995,0.765942925546233,0.0515383418924129,-1.60549565606259,-1.61227450411291,-0.265409916091786,NA,-0.647090270989239,-0.254567632120645
91,3,-1.03523313282473,NA,1.18588676755436,0.758081297195441,-0.203565288975514,NA,-0.276393513015749,0.835622374013146,NA,NA
92,3,0.805469419291768,NA,0.327305880574032,NA,-0.217044364653134,NA,-0.445544889713888,-0.915107929940035,1.32867675981689,0.0591601572664617
93,3,1.65685807469923,1.64786569950058,-1.40042637084756,-1.31131632725182,0.758943504271381,-0.593527936968053,-0.962614614675281,-0.529711079479398,NA,0.439566429925637
94,3,-0.816561953439132,1.49024480795494,0.161149611181204,0.64389646332281,0.474272590023677,1.35639664993027,0.258715267989376,-0.975559286981796,-1.02793484695225,-1.38994407069545
95,3,-0.667312206791363,-0.5792527118701,-0.805221418462844,1.90015460085232,-0.21444459655444,-0.142782554947356,1.53002648799508,0.193438020413964,0.620732348436202,0.00125391838223012
96,3,0.510238168688079,-2.37627737528162,-0.0672120081756804,-0.108176223803802,0.198791080038579,1.13503307864725,-0.668368291317287,1.20129673134972,0.331995791073295,0.192658188751281
97,3,1.4446046158587,NA,0.857129305880409,-1.57188017852611,0.732544047470984,1.23302383374258,-0.718210649427709,-0.163411066395716,0.491252410527458,0.361629157729387
98,3,1.67893444572535,0.749550640538136,1.34240352155991,-0.0941488615939036,0.727210998511355,-0.774878800784517,NA,2.50432392658114,0.920687623018843,1.57072855780954
99,3,0.0751291253334863,1.62103110897638,NA,-0.377499949570227,1.23233696451923,0.521776906633585,-1.77165656045144,-0.508047163527236,-1.82245042110453,-1.39409281620328
100,3,0.0369741511782149,-1.44727390136989,1.10910732340652,-1.7969611385056,-0.500437253857335,0.454884806839708,0.624508012251252,-2.66452860714695,-1.33811422060108,-0.77604530550091
1,4,-0.384775030721787,-0.848189114622551,NA,0.340759497630111,NA,-0.30688306091859,1.49906002534276,-0.398659688257381,-0.660888515848304,0.678917706551891
2,4,-0.169444482621784,1.42623605489343,-0.962222165456415,-1.16963604563165,0.231217654140289,-0.033515073153679,0.538329042159053,0.297051845534069,-0.281855551963978,0.402863154781795
3,4,0.651993326771163,-0.318890373149408,NA,NA,1.29699021425994,0.614992788469989,0.418115009684434,1.44955034110436,0.615682712865439,-0.40540700574606
4,4,-1.18016961708444,-0.0476167806292797,NA,0.38016878093959,0.023250721265403,1.41278770003858,-0.0578316470120254,-0.975724823478363,NA,-0.576754040751699
5,4,-1.97422212168122,0.302470218536118,0.456741870326513,-0.654530307815289,-0.682041747018919,-0.0730006106295023,0.924134976760827,-0.708870454146352,-1.07624726212458,-0.749755366926022
6,4,-0.446047994167328,1.28701808381444,NA,-0.13630411421004,0.521792058631845,0.284983718465029,-0.236253764098297,0.674949464404942,-1.17100153315457,-0.670308720670133
7,4,-0.178512845074211,-1.45306991375371,0.15571226159866,0.188971220575734,-0.0224251607378221,-1.6726749604453,0.154098048023676,1.41670996550226,0.979704206045698,0.0577765119139636
8,4,1.42478577280396,-2.12389836610164,0.877904323028365,-0.167803161126154,0.810172905422024,0.292543680406864,-1.34076109591347,-0.313467724530164,1.92176677532975,0.832877936270541
9,4,1.75040669410108,-0.863942270255226,NA,0.717091945695063,0.328769227282322,1.33767827357478,-0.493208180080659,-0.355973097219803,1.4726292544654,1.14957115948627
10,4,-0.149724177719824,1.30389310789416,-2.76193759262851,-0.601402467035886,-1.47773246511091,0.176678820543073,2.31901115172122,0.884435333165369,NA,1.30667956068411
11,4,-0.117085261192482,0.147110000357313,1.31592414076401,NA,0.596463066056292,1.15595444765164,0.0659412425475053,0.0582581408795355,-0.158005831860459,-0.452538187146479
12,4,1.54003638474935,-1.10449529366732,2.67297107973931,-0.862309405806876,0.180133310301156,-0.76779371708895,NA,0.586149139530101,0.67376870374738,1.75150808558132
13,4,1.04289058910706,0.518019595356145,0.490255424194142,0.185382798122738,0.0637445250870608,2.45073518007304,-0.77573989985472,0.824743677262714,1.00843158556745,1.98477790339038
14,4,0.0369655661286974,-0.110039277525447,0.44133727590997,-0.398844209343596,1.26154269817743,1.09762762572724,0.135672799934648,0.674368050498926,2.15837350235295,0.613871672423689
15,4,1.28948155005404,-1.10083810344066,NA,NA,-2.89272152256803,-0.898520318127232,NA,-0.985499195112065,-0.857977683275695,0.434506756673058
16,4,-0.238395730160597,-0.545051181040129,1.20096993488267,1.34561164179556,2.37793715120712,0.319049075708919,-2.2028061360283,-0.0789067470423929,1.76517051913738,-1.37828164496881
17,4,1.55893606613304,NA,0.873366641832733,-0.920341285403705,0.464671518682604,-0.770244447520817,-1.55665987193138,1.5257508155784,0.28040094145517,-0.0782561873672826
18,4,-0.14496861000009,0.586623933892577,-0.161843412913578,0.632636571040426,0.981285202121618,1.0083440072908,-0.528615916764591,-1.24680799243328,0.760249400281299,NA
19,4,-0.414131695170613,0.667215278792971,0.647109089167458,NA,1.09974066010911,0.118380349027311,0.0994547738187207,-0.554073386219567,-1.98565956868903,-0.980322548577686
20,4,0.714460532560284,1.08967777349505,-0.137162530596371,0.094803709272729,-0.668792557983027,NA,0.714861785653733,0.10905504117788,-0.231075642262049,0.162884276181631
21,4,-1.05319488743088,1.67165043354496,-0.577740497381653,-0.805023477941049,-1.03371964942749,0.234293587439616,2.25707216905855,NA,0.490632716816543,-0.862591720976856
22,4,0.782101733996193,-0.166423045263508,0.930082353627532,NA,0.0474151798098418,0.051384597112867,-1.11035471360625,0.532960393734324,0.718482639594218,-0.742282273778238
23,4,-0.0637212050314846,NA,0.0717297327547467,-0.535594451692941,-0.635088492082781,-0.276958753180442,0.620335465538618,0.422047706969144,0.368422497549568,-0.421888677324107
24,4,-2.90626658174356,2.27077148974958,-0.918013912297034,1.4925191532414,-0.243806019770515,0.221715119167976,-0.236196652239717,-0.990408638081405,-2.70463512806314,-2.10528205939734
25,4,-0.607749908165914,0.267333292446217,-0.686170434562718,0.0599103496405935,-0.493913581712942,-1.21721198381004,0.0604387771316966,-0.337015160285304,-1.08838559948076,-1.55840452215241
26,4,0.733756894208731,1.57914671376075,NA,0.177784488253955,1.21080597466953,1.31978379694392,-1.03963878865625,0.500927756832249,-0.90022924654822,NA
27,4,1.59224566190235,-1.0728504238475,-1.41368554456726,-0.438715450103314,0.336371457270806,-1.34424465472104,-0.765149467087026,2.7102785097882,-0.289900314788158,1.83373649097679
28,4,1.53948349293396,-0.662587540630566,-0.0257429443897564,-0.605480527219412,0.817564282726504,-2.35951203641897,NA,0.725133533726529,0.673135115521344,0.0780759937264376
29,4,-2.11190913780546,-0.331386289073611,-0.479205800264405,0.390300168127202,-0.1419390569388,-0.537920748272034,0.891620813881351,NA,-0.250153383338372,-1.58136784246105
30,4,NA,-0.0202556830303332,-0.141716457273448,-0.827886139636599,0.0725542423698587,-0.0290569818858063,NA,0.035729927188308,0.63330407645271,-1.80797510042179
31,4,2.55555377713985,-1.64673922022043,NA,NA,0.845640398818314,NA,-1.74394791686173,3.39556143745957,2.337295901389,1.61027886621932
32,4,1.55695083099524,-0.410710681763269,1.28547328900226,-0.910739260791583,NA,-0.850743609290628,-0.512574987223566,1.05103338718829,1.94512180805426,0.581810042834155
33,4,1.43309531833703,0.0722050552919223,-0.37935228438773,-0.525686408216262,-0.358805056110557,-0.781477740661428,-0.827426041060061,-0.820868837810667,-0.579917506583839,1.32854605724675
34,4,0.0122277390415412,0.226860985320015,0.304727633960057,-1.51003906504613,NA,-0.0061979351292425,-0.445165004616718,-0.825701215136135,-0.861697100685633,0.737546887685658
35,4,0.303692032392347,0.644798121752417,0.855511661905633,0.582254802136625,0.334965549010621,NA,0.662600783257283,-0.319412296523679,-0.352606585955845,NA
36,4,1.69159272264364,0.150871752056345,0.0322981190343048,-0.447040071343898,1.11591395268227,-0.872600211343427,-0.913793287198343,0.890884572620549,0.602968533722356,-0.11709100971111
37,4,NA,0.63937058549176,0.680702598427799,-1.83840021265879,1.07936110143287,0.480440461826573,-0.199651617778108,-0.164983846600756,-0.556908067732407,-0.229050412637691
38,4,-0.00616822957090243,NA,-0.58953988984671,-0.669885425498139,0.0663140897455733,-1.92313703262209,-0.759711220000358,-0.0686688682659003,-1.97790478164597,0.859684537658818
39,4,-0.755535349697405,-0.306251318264624,-0.249577829902559,0.951684941790212,0.0812500417441128,-0.899615720715116,0.350289273559822,NA,1.18220071498361,-1.33336142846346
40,4,0.764930268928784,0.142692405900214,0.713326571795675,NA,-0.0463892926899547,-0.712816021559917,0.0120193708883289,-0.192533628530345,-0.957518612847891,1.08740992505943
41,4,0.86189827117379,0.0197185490654011,0.569931905007028,-0.980083435452465,1.05108437414162,NA,-0.495688600052479,0.289645415458079,0.763068914355634,1.45706059406444
42,4,-1.79098221743982,1.36749246785888,0.0979850029862376,NA,-1.04318238806811,-0.600518638109691,1.35193754712848,-1.58064499589771,-2.83379115699622,-0.588511895598252
43,4,1.35859240509635,NA,0.243632040709667,1.50110614847166,0.917957718937049,0.991355505770378,-2.50820080981968,-0.521012568571807,NA,0.188239462506668
44,4,-0.886352687143335,-0.271633714804931,-0.0830400920690904,-0.417034406442806,0.97277037777779,1.26629722260928,0.333712435216527,NA,0.479255471699663,0.605467237006827
45,4,-0.258285649655559,-1.1023921842742,0.341942384662855,0.86915698970622,0.335571165085142,-0.618806385267734,-0.12589448630795,-0.76398733480375,0.624255030271782,0.439610359807062
46,4,NA,0.695214201596848,-1.0592765225436,0.105422805074915,0.571434346068902,0.91306624916099,-1.37861333972471,0.127137786920836,0.831960828593484,0.730735513088942
47,4,NA,0.393788684013288,0.562155979920164,0.17613727499975,0.323583291801655,1.04092768128754,NA,-1.59935369229543,-0.505882068252652,-0.495517439974014
48,4,-1.67501576024358,1.04918215284348,NA,0.479150230640866,-0.73162183795527,0.867702996451229,-0.778712390999838,NA,NA,-0.858051008167793
49,4,NA,0.767644646253152,-1.7195190494429,-1.02452146617105,-0.188689714932451,NA,0.656688555639606,-0.444750610807485,-0.478294255665732,-0.574147065710792
50,4,0.513652829834485,-0.222268189473346,0.988206134166915,-0.803479091738641,0.344344583756834,-0.480341867342025,-1.1049331479408,0.588628292355299,-0.644717056006797,0.614006989414612
51,4,0.911239505345717,0.386742405848877,-0.39189966272523,0.319410035527496,-1.59016018186595,3.01484940223653,-0.946222536274276,0.018887479225577,-1.31233431688677,2.14715450210108
52,4,-1.62539430141783,1.52150713688454,NA,0.84273667359926,0.226025048149175,1.52813761867691,1.9340256912016,0.000856801597117641,NA,NA
53,4,0.514238210087507,0.506298046392714,-1.41090645190202,0.25662086866094,-1.40535644227218,-2.08490511357598,0.43584515575722,1.67219633536785,0.6913974226338,1.01317628303678
54,4,-1.17167631822768,0.343552988904235,-0.920608011342753,-0.509591210690706,-1.91604355676714,-1.59051214965993,1.16101109926517,-0.688102585302389,-0.125449033247385,-1.02163563721163
55,4,0.070230143530826,0.523418579846546,0.926719439612176,0.222006693731313,0.736706754604481,-0.352991233716204,-1.11933131812414,NA,NA,1.04802331470888
56,4,-1.10483237039692,0.570858366287776,1.25204017226211,-1.88131742632739,2.69125555036587,-0.265145910498746,-0.0341881558631089,0.445259097820656,-0.268316415958574,-1.98572978225373
57,4,NA,2.09257587197322,-2.86614875005472,2.70099146861063,-0.994125632879186,NA,0.891705021511568,1.1420735737149,-0.596676168376003,0.344130973322118
58,4,0.679542915608925,NA,0.705249914941485,-1.77208913291291,NA,0.268707272610351,0.277970575930869,-0.879947021434064,-0.656620688431973,1.2293380700291
59,4,0.935140290142828,-1.06466590051531,0.509432617683426,0.336957582615081,-0.10921846981528,-0.467249178770899,-0.53672869701129,1.49129699638602,0.47697527344294,1.00683235053284
60,4,-1.63970703090994,1.22132844373365,-0.637801240696952,-0.166113475802428,-1.29713922313782,-0.437967175732299,0.443817812168567,-0.556843267015491,-2.60637260427096,0.0762572295747489
61,4,-0.68862708283351,0.280484123688932,-0.110562460572111,0.577473884229125,0.233064236733125,0.818533095505559,0.184444281333236,-0.581167292375868,-0.0329822480166409,-1.47843022709142
62,4,2.67761898931908,-1.7611304371596,0.816225933366747,0.992009399729036,-0.192435441717598,0.598042549251334,-0.0808493215517064,0.529693555316179,0.449280759030653,2.09289799677367
63,4,0.589343253400958,0.0630613583084343,-0.371496499852477,0.0411304851732282,-0.305955720188286,1.87156494756514,0.464811174034516,1.49732023408955,0.306713371994617,0.837227839570027
64,4,2.67186559717069,NA,2.0589981070384,0.771373051676296,0.485237918528759,0.860700790197698,-2.1446438873327,1.39398811473202,1.05951815708596,1.65097420483276
65,4,-1.04070835275622,1.91378340116871,-1.91969614330978,-0.502100504184653,-1.00929236000843,-0.112371683993325,NA,1.39208202851344,-1.41621604761964,0.541447391497936
66,4,0.644444469210449,-0.73251982479967,-1.60187809790895,-0.410634131308237,-1.34871144083014,1.31246431798691,0.650121063939789,0.794517949502932,NA,1.42192229374071
67,4,-0.0341759351728505,-0.198487948947737,-0.843875159993162,-0.183581069103028,-0.277468091711329,-1.84043601371648,1.10727194770156,-0.603794245629165,-0.314087112958516,-0.840613613750826
68,4,1.15408338867486,-0.648988551277149,-0.128236832101263,1.08279863696978,-0.775025809524909,0.791959379908661,-1.94392832215264,-0.623215188745909,-0.454756585256776,2.1997863589576
69,4,0.844292193680476,-0.502882230417088,-0.429588807062785,0.610397354641387,-0.464894184647845,0.648747329097171,-0.462236277467065,2.11157430339406,1.29699503169479,1.84066342353302
70,4,0.637235444871521,0.203590090058341,-0.408729455737999,0.354424776139482,-0.0946273794534004,1.11673628987599,0.848805566833498,NA,0.720700873705762,0.485611292366896
71,4,1.31593997713985,-0.88432365103242,NA,1.10608382486868,0.904269693602536,-0.386903048922669,-1.49373526780734,0.912103538704157,1.46233771442215,0.535232633073067
72,4,1.9701203385012,-0.496820617664198,-0.156543736731871,1.46475120703464,-0.620665619401869,-0.20858209762062,0.445061132746174,0.71044372810758,NA,0.570853006252322
73,4,-1.9415173503802,NA,NA,NA,0.0487791226636994,-0.906280322512376,0.773455155873312,-2.56579133935734,-0.809232940747508,-0.961484042557406
74,4,0.396947422032803,NA,-0.676201370148829,1.13010621366657,-2.26836794051375,NA,1.62465131168444,0.348785672194192,-0.412592176286815,0.929684462211289
75,4,1.44570165934289,-0.277580315604178,0.372406921388002,0.59380667482893,-0.683839791033391,1.22420938030499,0.677351954710379,0.29104005427564,NA,1.08158532804019
76,4,-1.71649134677111,2.22636127978878,-0.997584383150933,-1.34943299767073,0.763215798069268,-2.15248498851222,1.99241069305081,NA,-0.133087006590293,-2.08781448042445
77,4,NA,NA,-0.140890501110182,1.00506805942592,-0.903874603978013,0.257309017528608,0.978207349935541,-0.0065317071507627,0.785997662593878,0.559218047835367
78,4,-0.662002803787408,-1.529850575887,NA,-0.958195803812948,-1.85136046954428,-1.38214146103466,0.306382962758388,-0.741201916918856,-1.08830223762099,0.271619842684672
79,4,-0.851874132857935,0.547132871726895,-0.284918232619223,NA,-0.82289119968973,0.966305336698976,2.09979340851387,-0.325434661768528,1.77908632142409,0.0137340644250593
80,4,-0.707784086498077,1.14321140456755,-1.08031167543781,-0.83006761366973,1.95139231661503,-1.40975599409944,0.307744510978772,NA,-0.206369961517084,-2.36351939610159
81,4,0.251014739527081,-0.418577686467956,0.849524696844906,-0.778798809262957,-0.123609134896117,0.036056984808656,-1.00694433039186,0.147620023679452,-0.893269480932042,NA
82,4,0.422353338142412,0.754349738336557,0.98118792496865,NA,0.675564622461354,0.417960942757211,0.0404591137610861,-0.470217473643101,1.45400735845727,-1.12798481247537
83,4,0.401002605080468,-1.05022877807751,0.11694709625666,0.476379417374441,0.572486617705576,-0.0594930981795322,-0.411293852337394,NA,0.643956958157932,-0.129349545060819
84,4,-0.717964285935655,-1.16652985731983,NA,-0.54060883733137,1.67699653568843,-0.565431933407362,NA,-0.569025013312577,0.48697950546031,-1.50821197342256
85,4,0.516235942893899,0.0295628953958743,0.563025783797523,1.02530071986532,0.40156438254612,0.249650355990164,0.809589209283696,0.105445792488172,1.63606476066205,NA
86,4,NA,NA,1.42064852922763,-0.335338531458167,-0.135889560480667,-0.730078741784124,-0.277449903036581,0.0204395260212675,0.293761859974692,0.433510089102445
87,4,0.070011346559784,1.11330051834018,-2.09115031059401,1.87221710505601,-0.269621214749783,NA,0.641646429286862,1.51095148018082,0.122571562048504,-0.79716114191321
88,4,0.474260480780087,-0.495033623129672,NA,0.542281363032101,0.175060324851404,0.42406987962088,0.259018447235378,0.131518298240007,1.58644196180371,1.17062772993328
89,4,NA,-0.0163339249801547,0.219403429500131,1.18302753939335,1.22235848057551,1.50719662737014,-1.66695846929484,0.357284050973168,0.807582182083479,-1.05376391721795
90,4,NA,-0.0829055667812092,0.126298969528898,0.929289947695466,-0.302055644605961,0.620140442893447,-0.244296571829048,0.242748015586751,-0.315799801538179,-0.568750713530151
91,4,-0.593746869934049,0.128058820326904,0.86868133591993,-3.71718197834064,1.84653123402083,-0.140683374853756,-0.0703528322635003,NA,0.00686096663941051,0.121329507007083
92,4,-0.848382769660896,NA,1.60560350277446,-0.401431306603318,0.758318467410331,1.61685274098721,-0.427060602957678,-1.7145273554054,-0.0780530900483147,-0.653647414145838
93,4,1.39840774471237,-0.800710453735465,NA,-0.75079321540064,-0.8281410677315,-1.76146396459568,-0.87033424738281,0.470346120054772,0.404619267190293,1.43343145324848
94,4,-0.193566512950088,0.454214574728869,-2.29767991150784,-0.421850244240327,0.471025211763876,-1.57627728981977,1.78336511663804,2.5650095761727,1.4491396315213,-0.17924878876529
95,4,0.418923659209792,-0.797152041725523,NA,-0.472494494527835,1.95937803959086,1.41646615468222,-0.533039181211201,0.00198743956020592,0.980247669995083,-0.383289105023806
96,4,0.148756949838188,NA,1.1841657320976,0.734840331375938,NA,0.382354270684518,-2.07064879375093,-0.307777322571369,-0.395038320954524,-1.0192173117386
97,4,-1.77175416756945,NA,-0.829375378465239,-1.61624582423853,0.172333645340966,-0.224421919972692,0.993800348910564,-1.78341190951857,-1.95195770510168,-1.11750646700606
98,4,-1.17430290828429,1.3964153641625,-0.337062963122065,0.319767354810426,-0.993809401751376,0.92490860005455,NA,NA,-0.519471927828079,-0.114294754086374
99,4,-1.05614446508126,0.674814084752738,NA,-0.692402832364287,-1.15680163833723,-0.14226571929141,0.965492272043149,-1.30077324307254,-1.7627798780581,0.0264355273073404
100,4,1.31624018427542,1.13850677924847,0.603915913059535,0.237587392587782,0.874099422013007,1.44875342410312,-1.89149649136376,1.05769948001608,0.406822362625586,NA
1,5,NA,0.035744304755932,-1.99724064145381,0.832238910641119,0.291527729557983,1.15038235061498,0.67764145725761,0.450964467557416,NA,-0.201921163424819
2,5,0.864904486110297,-0.71496964297558,NA,NA,1.00402102240511,0.0897680579771713,-0.269135678476054,1.36340756978302,1.20111852126875,-0.0950650722422221
3,5,0.327354634662823,NA,NA,-1.54164245817516,-0.519219196322882,-0.676698783107933,1.17546943202976,-0.295794631434565,-1.37553027864272,0.662193702436684
4,5,0.447695369313439,NA,1.81612829679079,-1.06939281378178,0.545168253791059,0.324702553427228,-0.431556475864487,0.692892968708097,0.727471977811284,0.29164243616371
5,5,0.835461083831144,-0.634037717168505,0.111276071060602,-0.864280323104719,-1.16166739618586,-1.24024215090783,0.341624324720624,0.891277586709788,-0.481339461015961,1.44745021454678
6,5,-0.850973140025527,0.190056519644119,-1.02548842329361,0.246344297455159,-1.0233103420312,0.507885572659458,1.22130862790138,-1.23422898408097,-0.447560409894015,-0.180631587311328
7,5,0.404032411912667,0.22389058885273,0.257526724770112,1.19841329632064,NA,2.67490404543715,0.0190990150024393,NA,1.25599052386411,0.901565549607148
8,5,-0.377704999837172,0.990867107693962,0.293870989680703,0.495662567426666,-0.0544717803620938,0.890067543526342,0.0135092298599187,-0.350732638843358,0.131587308482768,-0.802851962838815
9,5,0.451105197459599,2.42683698892661,-1.34052003052252,1.88909915003525,-0.99635760211451,0.771991570816469,1.41593872017624,0.57425223826303,NA,-1.2256485338853
10,5,-0.671784790188355,1.13188977211365,-0.427405322780844,-0.50193809994622,-0.981883809773613,-0.932048558576584,0.994063804193536,-1.27177107326154,-1.57123236832231,-0.417050242941848
11,5,2.48887974124722,-0.381811363229248,1.25130680325007,2.0238650275557,0.802251858231482,0.891405487281002,-1.38358248177864,NA,1.81494107539036,1.00544987113179
12,5,1.72554444796863,NA,1.81856290746668,0.432916422989389,-1.11459077017707,NA,-0.264059620107865,-0.241390636341162,1.32244032924703,1.92728928284808
13,5,0.285203069674252,-0.571081203554938,-0.68468107902937,NA,-0.863128949207147,-0.818241720044089,0.988479673782652,0.535382743138786,0.907860067643771,0.170537346989549
14,5,1.31359845519645,-1.16386730260261,2.31040708342058,0.0717814308376732,0.138988081626249,1.47870213279394,-1.18135614567381,-0.543353873580259,1.166509648271,1.09772664453545
15,5,NA,-0.628305050626264,0.742406284825909,-0.4695417719121,0.674913729439045,-1.93007007737732,-0.481519547883797,0.594979431947567,0.337107381480759,-1.20129929767494
16,5,-0.377029861455464,1.54265221623236,-1.38333729466066,-0.165387595066732,0.241374641639798,NA,0.524954394050247,0.409834449119936,-1.17260103175281,-0.489928796289792
17,5,0.0816962244104812,NA,-0.273163157020147,0.980255749006205,-0.803343979168179,-0.358631745441691,0.730808785056944,0.0876252485202217,1.60409880598951,0.715382576961035
18,5,-0.779049108884394,-0.609367161012836,-0.934597445129832,NA,1.26212599214995,-2.10227782790098,-0.637979252518959,0.0490700860877048,0.20538055835932,-1.37114017310912
19,5,0.529230170533664,-1.34043314449495,0.0755857024622334,1.43604572051942,-1.22882218215349,0.867066507664588,0.250318117735065,-0.0742503921533797,1.46459472943207,NA
20,5,-0.0526872476357867,NA,-0.779621635499264,0.194729463928755,0.375968855865294,-0.014868593885999,-0.262544016774326,-0.0152515697247972,-0.866330739036975,NA
21,5,NA,0.388759745481025,0.753106758777608,0.447860025358588,0.695500857895162,0.785054045581001,-1.50433072528312,NA,0.396252123579568,0.948103858495009
22,5,NA,-0.609766007019385,NA,NA,NA,0.0587901653627918,-0.864672553227166,0.147437955190322,NA,0.497894492504365
23,5,-0.303574573199109,-0.199685049623622,-0.585322210301242,0.619877287589635,-0.320228545350342,-1.014907118658,-0.125356089336161,0.404312247916192,-0.0258527009015932,NA
24,5,-0.338567683740048,NA,0.722412527301863,NA,0.461310427186476,-0.313716328125529,NA,-0.0880410017469685,-0.422438106062494,1.07988280835332
25,5,-2.20575854119054,0.979316153214061,-0.526672677677555,-0.918382063594533,NA,-0.566623832729376,0.802489391875619,-1.71359225741475,-1.66128638383026,NA
26,5,-0.506454195408341,-0.868534820089939,-0.0553868066208415,-2.05727829310254,-0.207177736228696,-1.49171161847852,0.576023279660329,-0.863532099634243,-1.09034950519084,1.1124677828724
27,5,0.755471315740729,0.619738379245453,-0.240202763112327,2.91111127237007,-0.142010567570208,1.79158542045951,0.0150543042281448,-0.763030984303767,1.35571395920413,-1.1339075085676
28,5,-1.48540826161695,-0.0371747023600038,-1.22643281458133,-0.413241061387057,0.941458290001408,-1.18624387065098,0.169463175112471,-0.353966774263835,-0.0701398090660545,-1.13767258713723
29,5,-1.25989095282752,1.14385391407389,-1.30593853378355,-1.64372138507548,-1.64918885877122,-0.908268483014897,1.54738640204291,-1.34440814513783,-3.71599448042789,0.569717563961722
30,5,-0.612882854306594,-0.102378382887289,-0.186911080636738,-0.0165996704355967,-0.494173359402124,0.00338210836966764,-0.110875179495002,0.44427115221671,-0.726646126067382,NA
31,5,0.27869268900195,-0.356270805647362,0.59234460596987,-2.53513163212576,-0.250248894446499,-1.1187870143511,1.3754727350264,0.0787197176315683,0.046854767558963,1.24102348379313
32,5,-0.599279275139085,0.220501390628774,0.196385881135693,-0.631897051421963,0.547446770658926,0.0279763922410119,0.607202784370814,-1.15361327404727,-0.302316262591463,-1.1018013153121
33,5,-0.553773753906879,1.18712865105134,-0.103767831161587,-2.81711322562883,1.27538464302657,-3.54889685540092,0.222537863932592,-0.440079391755275,NA,NA
34,5,1.17808887113603,-1.12152093647968,-0.420621556413278,0.867396694642969,0.603567884472381,-1.72868305066631,-0.947380812280697,-0.184986099904596,NA,NA
35,5,0.242175781054708,-0.725358586321626,0.602019598726175,-0.308607402461003,0.6488049213873,1.12508921190692,-0.156370865071484,1.10563361704837,1.23865736726261,1.33715185776371
36,5,-0.275552499771151,-1.38655855604521,0.408028130999745,-0.333970157415537,-0.366222483643794,NA,-0.777792837876387,-1.36390635396688,-1.21466019922009,1.95696295142341
37,5,-0.215333364095037,NA,1.45424499677328,-0.651352929854345,NA,NA,-0.973823157777011,-0.634762470777904,-0.460922437523437,1.81806889833713
38,5,0.386211215604616,-0.42677834610589,1.23044208235758,0.552252595666145,1.31853957115688,0.49825457181612,-2.34411489825473,-0.579049538403261,0.329617512217634,-0.0699548433376832
39,5,-0.0249988384257897,0.198470931970908,-0.516690776926357,0.118045963971638,0.872823091675855,1.62827360810932,0.28611839798203,0.505498942419636,0.0033820788339265,0.41231518331372
40,5,1.0477365187312,-1.15229013762944,1.48039593665296,NA,0.105482916858969,-0.0694120683376438,-0.446435799316849,-0.1848367524976,-0.158286957000458,1.41749892589541
41,5,0.582296618789101,0.519858088812023,0.0392446890596467,NA,NA,0.2853382249606,0.444453768291346,0.380232396681421,-0.0271988188392049,0.186404056982
42,5,-0.889090035076693,0.628382159549767,-0.537643880706939,NA,-1.31968111562253,-0.362690000111669,1.271199480172,-0.282546872039548,-1.40755423060495,0.0412283497277747
43,5,0.16461299371937,-0.136045299746303,-0.914035827098599,-0.816976202810612,1.26564596008343,-1.063853571744,-0.29057637241601,0.524734406045499,-0.545735196914606,-0.0134823004271506
44,5,0.108754871514142,0.00891685205659334,-0.212180926250157,2.75441446559786,-3.02773381212982,0.308483091476128,0.586792674037313,NA,0.300357645461187,0.58230098369926
45,5,NA,-2.50633055185007,2.20769625337139,NA,1.01061660641088,0.36326944583483,-2.05912625516227,-0.773166297912682,0.490761594823398,2.21739854865327
46,5,0.0622396156124205,1.5556300301677,0.00120656991219358,NA,-0.374649937730642,0.776793545812664,0.658224995530051,-0.415086260580035,-0.553397996347342,-0.524963288559842
47,5,NA,NA,0.382737738599209,-0.690211451697258,0.191577827474388,NA,0.172254693871356,0.491393694437628,NA,NA
48,5,0.143865978923173,0.428009591718048,-1.54089852168506,1.05844628201152,NA,-1.03322435846594,0.762945339046206,0.820392467838967,0.827861147646596,0.291923275002032
49,5,-1.42992525294667,1.30224979706219,0.0557886661448916,0.620969826967587,-0.204138307104557,NA,0.975257014587631,-0.985375799393158,1.16856530431443,-0.971526043431487
50,5,-0.719329318782729,NA,0.427238878048302,-0.364771333172658,NA,-0.436259197401164,-0.0892768536730157,-0.65273678884313,0.162680531184824,-0.474043876859466
51,5,-0.142657556572548,-1.43305798590378,1.3907188539992,-1.17082678489087,1.71024067648488,0.577560611769144,-1.72259824201839,0.202088973743176,NA,1.54334392584879
52,5,0.590620037582686,0.199833999884705,NA,1.61595017952552,-1.05332682826424,0.910988030445066,0.793551693743053,0.189669771331786,0.480479161510468,0.401264980476948
53,5,0.113759215043208,0.735499818032284,-1.30431551356419,-0.0400407815461788,-0.733866786261906,-1.36141272084462,0.553986760009861,-0.970719090626575,-1.38700785289893,-0.0106236256476787
54,5,-0.821014631445036,-0.504093146327823,0.351773444166066,0.982488737600109,-0.0471837443652516,2.90522989298284,-1.46459224515953,-0.671060969548446,-0.196012247661753,1.80236819134432
55,5,-0.407230882405916,-0.317276765348573,-0.0449907695632768,0.450811709582383,0.823279148762383,1.035783190677,-0.250722793343326,-0.984392323031814,0.826769463769611,-0.318702543151405
56,5,-0.341598144863374,-0.479534897221416,1.09999570996363,-0.0514108253762857,0.739052764111853,0.249276799829662,NA,-0.56717903063997,-0.0494531379567875,-0.862007208075955
57,5,NA,-0.477862325064674,-0.194013046832716,0.525977398137347,NA,0.102572305918634,0.798794731198908,0.524412475147185,1.4199145706625,0.237269174495635
58,5,0.12423015919546,-0.282881853779152,1.2524486841668,-0.794389900463876,0.68691727404692,0.555518123161842,0.450689528109745,-0.458181953826636,0.30079846050703,0.194045684649779
59,5,0.665935943811181,0.361142031908431,-0.335212863095425,NA,-0.31487602049917,-0.367645400472181,NA,1.43616744501649,-0.386204081962963,1.50813252160699
60,5,-0.082229506875298,-0.205557966666558,-0.910496808259435,1.50192057699274,0.35637662178019,0.482720725156781,0.122686054186969,NA,1.83827635027941,0.0130648833525551
61,5,-1.35359009223115,NA,0.0388811020528047,-0.843386654718234,0.525823496997389,-0.423515667522153,0.513309701852853,-2.17625746474779,-1.33169815725016,-0.89443500550925
62,5,1.62484278831074,-0.168727255173223,1.22704962640875,-0.382030196680761,0.248734786771047,0.278528674964578,-0.81617806465033,1.07576454456994,1.00215877654935,1.06165889532464
63,5,0.59299403347892,0.439859592121147,NA,-0.0624529476500285,-1.19396945775357,NA,1.08113402219264,1.06868695376289,-0.89925450771546,1.34165378014284
64,5,0.329679359207813,NA,NA,NA,0.0899693400155346,-1.00820795646474,-0.219186658068367,0.261329075709819,0.0958277788254668,0.603055095497079
65,5,0.844040382984755,NA,0.430597016806486,1.40945408112795,-0.0937223517211931,-0.80234492610768,-1.57975725434395,0.491609029773975,1.15684179675246,-0.572680263446889
66,5,NA,0.578540820415007,-0.950753008746745,-0.690436617268181,-1.37230757064306,-0.706154196575355,2.15142317695941,NA,0.172042656541157,0.468291374160552
67,5,-0.124661272417575,-1.3550065720442,2.40040257228696,-2.75424722480602,0.19995868224664,-1.95326206207789,-0.669984447264358,-1.295398343705,-1.13121103911053,0.292290444384225
68,5,NA,-0.672447321222944,NA,0.0503587532695586,0.250071357755059,0.437006516685546,NA,0.544480286144359,NA,0.650253061026823
69,5,1.62146232676648,-1.1669558549072,0.590086939344687,-0.21154550503586,-0.683737452029051,-1.55732989450924,0.3979805543545,NA,NA,0.787131071330532
70,5,-0.134362323168607,0.12381906116125,-1.67136233360501,0.107434080028085,-0.342375649589451,-0.562643990895503,0.535959820790996,NA,0.214342602123843,0.381711041157632
71,5,0.301915962140079,0.749224996583695,-0.756584930669136,-0.321691956082183,-1.70293337501072,NA,NA,NA,NA,NA
72,5,0.427037875017057,0.132674489230283,1.37409793313312,0.46281229249759,0.475985262401221,-0.00738614902482263,-0.989070895902549,0.0920053344396776,0.620781092522303,-1.21533188032607
73,5,-0.746793098672085,0.20580421276216,-0.347717639486832,-0.00957438666819086,-1.73550934292825,0.924511614671806,0.300642463208817,-1.30608253028933,-1.99763562022154,0.570706358877888
74,5,-1.29953122987725,-1.47334611357754,1.1907681775971,0.93812579542986,NA,0.697851099241168,-0.531166881929287,-2.26632722974234,NA,-1.97889986842093
75,5,NA,-0.745092808220037,-0.591742996036756,0.824772705130933,-0.945166825105946,0.141871326942144,0.6092195120104,0.675951068836621,0.451331214858617,0.800152366455356
76,5,0.93901614742984,-0.31022024934571,0.815849645279146,NA,-0.589982135838413,-1.94164221868173,0.417999286232701,1.22654136515905,0.585492905659822,-0.0738240194437182
77,5,1.19373630716424,-0.0112023740448871,-0.851866464941813,1.2339757915079,-1.56821855557371,-0.109748001196287,0.708517142722176,-0.340382734354019,1.08030557456747,0.766086267978087
78,5,0.345793927269136,0.328826614775904,0.188982172870504,0.406241701833756,-0.187141628173682,1.83586925065981,-0.13628391777316,NA,0.178092230543015,-0.104906475174267
79,5,0.335925352526628,NA,-0.175721607516607,-0.176309823358592,1.47755065814144,-0.926114039679713,-1.35676450830279,NA,-0.663430980570478,-0.842631535521638
80,5,0.320007541195433,-0.726063676107621,0.362685844268921,0.798779119336256,-0.71743410884335,1.27513859747676,-0.91832914782063,-0.573093755824794,NA,0.505293899119571
81,5,-1.91272796132212,0.0770315557668337,-1.58670868984861,-0.646914714873049,0.163199464992665,-1.47845656883003,NA,-0.56808650505411,-1.10208667787987,-1.17028379393636
82,5,0.625962949877428,0.0987464058625855,0.722206765724916,-0.518860145509796,1.59850278627542,0.748806417946964,NA,0.676236305082495,-0.306816198600927,-0.699684409434616
83,5,NA,-2.16714283342276,1.09945271860898,1.65744101367848,-0.0295544809994369,-0.169718485481489,-1.29776139912237,-0.359589197310475,1.18010739413663,-0.310757899154411
84,5,-0.163719026768385,0.377384560381985,-0.526220829564514,-0.234844716973347,NA,NA,0.272714857274977,-0.0816697430684703,-0.535888412702194,0.35794692058617
85,5,0.254205318912272,0.325658554725798,-0.424121321866174,-0.839291619220391,0.819380166399962,-1.50473789510441,-0.0237631973093932,0.436553903911125,NA,-0.149738765541946
86,5,-1.42971062767906,0.939151309238384,-0.651315028007886,-2.68321749168628,-0.289711888413503,-1.70430190631871,1.27486298871958,-0.25920105526487,-2.36629062283864,-1.05379284720747
87,5,-0.91151841421657,0.933267466826826,-2.16585057996841,-0.502051253041667,-0.480899689869583,-1.92416557954055,1.58178692839583,-0.145897096283759,-1.61744325868262,-0.719582642689346
88,5,0.98623276566833,-0.837343144289034,0.321016108398807,0.181447845994847,1.89471522924847,1.39189214669636,NA,NA,0.810757266271179,NA
89,5,-0.0920428657841285,-0.648714394638392,-1.0668365240029,2.5934233213351,-0.710268234715577,1.70530477723253,NA,0.143303093228311,1.05899623610721,0.397393109903566
90,5,0.136816439923528,-0.640489248749977,NA,0.624792218432265,0.390556298781476,-0.433850686334549,-0.358345579248292,-0.219446687150923,1.26384983878293,0.209183942598153
91,5,0.974869177244147,-1.56523197996225,2.19664197347722,-0.687709574490662,-1.1972758839077,0.509466473744831,-0.0621327774534131,-0.875199960046694,-0.107409527596905,1.60102327266045
92,5,-0.798626547962905,0.440023765477299,0.537833570810585,-0.561470657629237,1.08792095245988,0.47857015977789,-1.2131978010307,-1.43315963424228,-1.02880442600804,-0.705008495658008
93,5,1.85106988336531,-1.69995921058804,0.416695763496369,NA,NA,0.184463933238718,-1.93253457706619,-0.166084039744826,-0.544750937474149,1.81383185629893
94,5,-0.289559784218686,-2.03743757361958,NA,0.0220150402439319,0.301896375897641,0.16831692776203,-1.45135639904718,-0.729013895600372,0.731282022032814,0.298803047426662
95,5,-1.21795899218979,-0.179333995376977,-1.03317532668635,-0.155751563843491,0.582801379599555,-0.12397343199277,0.271915807080752,-0.582479800117104,-0.184057933376843,-0.246865967706451
96,5,-0.284415979727,-0.342634615514948,1.14499589811163,-0.000672269359016677,0.892047267531743,0.114449127685504,-0.784463354616985,-0.799122224793155,0.0983570622901039,-1.04242719458462
97,5,0.819138328578558,-0.992195093394727,0.501427041891162,1.14187884702294,-0.548306463702118,-0.161378724887764,-0.697192712057458,-1.21327702970689,0.00151401139119183,-0.389113151649199
98,5,NA,0.910199017875809,-1.08647267029247,-0.523569106591771,-1.40054630954964,-0.26629775922831,1.86780589388562,-0.112497975246402,-0.758995152363408,-0.00207588956497917
99,5,0.483775801338841,0.2951398198148,0.642421517615067,NA,NA,-0.38648228262745,0.618538583220112,0.90834771014416,0.503843495353941,0.34413407701238
100,5,-0.024767172162836,-0.151206660212217,0.0649124732244817,1.6470040226936,-0.680889207592493,0.564750511251706,-0.494798001594402,0.200340040442002,0.400995077007626,-0.00653179374563311
1,6,-0.784789046671764,0.697828723892993,-0.706695793686994,-0.748972154680055,-1.58136189385403,-1.38444951478122,1.16726254951033,-0.586712413122955,-1.38036727485452,0.299629907450877
2,6,1.26551843869683,-0.16555898727775,0.0704596081825978,0.536767871358997,-0.773968659785815,NA,-0.555627570531637,1.03629096966987,0.541923353397174,1.10421830645598
3,6,-1.78459979031695,-0.435095562092042,1.43937185297737,0.0558046023501581,1.04811669276996,0.561724039582808,-1.28516130638889,-1.16764537050261,NA,-2.167821692252
4,6,-1.54899643682076,-1.33990715521585,0.384154403434751,-0.575833778758092,0.102448119282774,NA,-0.00097893724223865,-0.726231992081255,0.811322233183568,NA
5,6,0.208847993330297,-0.331901084828572,-0.411037146619995,-0.525271573471932,0.112589815494413,-1.24217197587828,0.20439878650941,0.705172741157728,0.0197644626514689,-0.120177529134419
6,6,0.151242083862115,0.18899068884111,-0.522713650745788,1.19913883022012,-0.131553884096792,2.28514694784899,-0.691823766625246,0.449299663050969,0.624462877218999,1.17510769719023
7,6,0.774740274007875,-0.934649615713456,1.02413881488616,1.12451137725918,NA,NA,-0.46065911414124,-0.619043396245127,1.34412790634234,-0.200396019456761
8,6,NA,1.38806939554493,-0.233977895875071,-0.814981984340657,-0.0261143582686697,-1.24329175054376,0.336244223899713,-1.7267051802512,-0.625983962981984,-0.256925828483892
9,6,NA,-0.622975425394689,-0.138808969066858,-0.470005547136249,-0.447929472460048,-0.879769695816219,0.335501684904331,-0.331634023110245,-0.427740038573043,0.389765241633699
10,6,-0.432261796021548,-0.752695305581748,-1.10866656913231,-0.877146854694137,-0.901968378789456,-0.581462743102965,1.7784325218914,0.702090007943854,0.106548738223779,0.204188542336044
11,6,-0.172004252445108,-1.12385502490644,-1.78168027250447,0.991951192336033,NA,0.932255692597538,-0.624549823004932,1.80468886933861,-0.114761184044839,1.20256523646186
12,6,1.18822262824373,-1.80785188455785,0.0721202918466856,-0.0564562441734105,0.217945040962052,NA,-0.972968266748188,0.998680235825148,1.03046163984325,0.708394220543928
13,6,1.72564830538955,0.242084408025582,0.50810913251358,0.89271431551561,-0.422035015927059,1.1103489936283,-1.21647170769708,1.65199510785135,0.0515734689343382,1.96376496732978
14,6,-0.616718360041845,1.26751073076031,-0.00327417761832423,-0.460323002968453,-0.604847141307888,-1.69746286006785,1.3825759833476,-0.674522907060886,-0.359506374887377,-1.57793888590683
15,6,-0.184831360257399,0.181501409556153,0.26347788408124,-0.325793946479263,0.0405402483079309,0.61037148165986,-0.0803660379587613,-0.165207643519072,-0.635139414080293,NA
16,6,NA,1.22984364470519,-0.676130910282401,0.335501707306691,0.303265868561347,0.763258714089966,NA,-1.46715936296258,-1.63544294148826,-0.862428661236009
17,6,1.05163863313262,-0.279886294323372,2.02188039220681,-1.38018205524272,0.395685972030799,0.146853760226232,-0.688820390317868,0.457490150370973,NA,1.65971240471417
18,6,1.56973315441381,0.0393365167002057,0.309515671893606,0.767926615708026,-1.08943450672701,1.42601028397565,0.503237594342076,-0.619111450197553,-0.591416681619106,1.67984396588105
19,6,NA,0.324798460237161,0.353898442331567,-2.56055746805436,1.82186393755882,-1.00369536382034,0.215856330174265,-0.0728193690048938,-0.766783628642941,-0.520623410022713
20,6,1.13743190965421,0.460582272034316,2.36813806077642,0.41816244853438,-0.111704168966712,1.95390080810035,-0.641624733596719,-0.759171293243537,NA,1.65983445725984
21,6,0.129032249122781,1.26637473011908,-0.0509642634941209,0.172232501313927,-1.91496050722266,-0.176143798416585,1.89903322566488,-1.31266107637028,-0.673864776898212,-0.621088545558299
22,6,1.35100970706496,-0.391005875314851,1.09391877007396,NA,1.6045520032318,-0.721086727412912,-0.260556091092566,0.737111637893294,0.720381151665804,-0.180504120066733
23,6,-1.00813050395887,1.11592581733836,-0.50680926435267,-0.237886219768131,0.544479838246581,NA,0.256939682607359,1.28951259955075,-0.575056180312249,NA
24,6,1.54869275125888,NA,0.911354138396913,-0.274309499381119,1.33261663864831,0.0220346887782579,-0.722761152714666,2.24718090608146,1.68407426872402,1.15590756874939
25,6,0.240878959795809,-1.10537329481549,1.34464110228656,-0.495421855336023,0.527930430022193,1.12439252330382,NA,-0.335307529148442,-0.5021070683521,0.679769208574443
26,6,-2.16112331403221,0.0387444538459475,-1.47768844146119,0.777851833511328,0.243407459079708,0.248696234867608,-0.609574795312508,-0.693314420760886,-1.19590760407407,-1.93805350539111
27,6,-0.551954627511838,0.389087314326589,-1.7053676390572,1.53012965544495,0.445736592727185,0.77614903105547,0.762722940193322,1.25649717406451,1.60777207026255,-0.754876388088459
28,6,-1.28840303359568,0.466489135520408,0.348872074674538,0.705267406429644,1.48399233997314,2.03410915637439,-1.65242330244268,-0.197728809613073,1.02400506640768,-0.27652453604103
29,6,-0.128773927675078,-0.127168917999872,0.42417969700724,-0.011283745998711,0.588795783482403,0.321770333565975,NA,0.330371111378715,0.466954307565045,-0.605149747814176
30,6,-0.052996393267523,-1.04535053512771,1.45873526227817,-0.967345442184853,0.685042038944804,-0.395562576764241,-0.763501345783524,NA,0.950362225092491,0.950029623513207
31,6,-0.741373527102699,1.51467252106297,0.692495156186239,-1.08902458630384,-0.136809791977658,NA,NA,-0.290618971683197,-0.624859679993454,-0.369388293296225
32,6,1.17308147991423,-0.158649485286066,0.0682472872771958,0.222487523884786,-0.547811701561561,-1.20709537325699,-0.471025237032899,1.26636462636156,-0.506931764644085,0.671353489726754
33,6,0.0931874943653612,-1.18865313333295,0.653073581488424,NA,-1.01769623669322,-0.266142874642976,0.193621562706674,NA,-0.693422799091155,1.54090594325019
34,6,0.200206192144356,0.581381261813658,-0.71511521960186,1.23272542889244,-1.55463038745428,0.214732571047332,0.662808687294214,-0.47518650870939,-0.0115470925722558,-0.0778601460363418
35,6,1.72659334812399,-2.22710645826524,2.18384223682335,NA,0.185577165834149,0.515695068329281,NA,NA,0.529418552814269,NA
36,6,-1.59012246318737,-0.200057953040531,0.655816259573697,-2.5455514278047,NA,-1.74102884555786,-1.07119705609009,-0.90134005651782,-1.68811434399002,-1.24763284139861
37,6,NA,0.0828707520078356,-0.21641921452191,-1.26992287648739,2.03350941888603,-1.62212296693231,-0.364485455936361,1.22692517191057,0.406039365420594,-1.02487732775748
38,6,0.917943327379425,NA,-0.647611912186394,0.203177524054639,-1.47443906968109,-0.351648221322669,0.345417385204065,0.279909753464087,NA,1.15492060445881
39,6,NA,0.960140763478966,-0.623458557691216,1.0212993590476,0.874596183864678,2.2716057854808,-0.0229260279191373,0.83633780931715,NA,0.235162486855076
40,6,-1.64935761283639,1.48698248145455,-2.23247365659096,2.55727703552855,-1.84577851253035,1.85473819550947,1.38605750216929,-1.48990540799479,-1.476436773102,NA
41,6,1.19189505908842,0.390289382044948,NA,-0.754705308712681,NA,-0.949811899575655,-0.417228694546561,NA,0.845874901037072,0.0247529866793888
42,6,-0.142800030525865,0.833590163583545,-1.06318932920962,1.15741008712123,-1.24271007165218,0.540817289198947,0.795495186728129,-0.0714134744592547,0.225014531810933,NA
43,6,-0.376510113514277,-1.17622254282609,0.713175015157994,0.207229578949131,-0.319044599578936,-0.981375171441203,-0.703040493945527,-1.38565420888433,-0.184969319287859,-0.341509387376731
44,6,0.852246388051324,-0.946104132017583,-0.209101864622223,0.907144939385376,-0.599901132014079,0.665752644164517,-0.958232256967236,1.07310426169532,-0.465138625692168,1.25302899133012
45,6,0.540297504217278,0.000995127188051937,0.411381921736993,NA,0.477739788948673,-1.5298245105496,NA,0.510849132887288,0.361188357365063,-1.72888538476146
46,6,0.0393099308503977,0.0389656037185812,-0.386890274584371,-1.19473352382336,0.0446562766362801,-0.819065002984238,0.999979965876235,-0.302000950475523,-0.961353638966498,-0.0443583947409127
47,6,0.796861733746705,-1.3633866560965,0.902824963266985,0.37045281415151,0.298632110214735,1.13003052443917,-0.195510719314864,0.546420284317537,NA,0.745687576609405
48,6,NA,-0.342964587439298,0.114228439725031,0.36599941187161,-0.457305889630082,-0.847978243940887,-0.451260471321316,-2.56452540923628,-1.10934578459259,-0.836626125540827
49,6,1.16505713342568,-0.256288651372829,NA,0.423382300571366,-0.51952269530502,0.419324724063766,-0.927187361557134,0.886241984458318,0.181389828157572,0.920840384189645
50,6,0.406453550887209,0.634797327681073,-0.784851560366854,0.43591422690407,0.173734244804438,-0.308922967950693,0.54166012012043,-0.516232758826759,-0.0699983470845637,-0.420865365549297
51,6,0.718478521969534,-1.08196988036715,1.80203770828387,-0.778191078906034,0.289234445722242,0.701510622078469,0.123375720771646,NA,NA,0.753023730068208
52,6,0.32626710483581,0.177544169339293,-0.619157220942241,-0.993519294495663,-0.970857209640292,-0.262449287597506,1.14789966987627,0.126151357012448,-0.2280981246669,0.870088022039815
53,6,NA,0.0394938544034479,1.02371745804878,-1.42796574170011,0.0772912911620605,-0.0624587128018773,0.320964373311505,-0.171733689038521,0.140717544694666,0.64163476364335
54,6,0.011537575460092,0.395582423262561,-1.74720744695196,1.59424101011786,-2.02156206105711,0.805454007900066,1.07176636245414,NA,-1.03285804771331,0.698386294951886
55,6,-1.16813930297085,0.972438294325618,-1.72849091121136,-0.859429758800737,-1.2664384315595,-0.090336211343288,1.51917983225041,-0.315290954545554,-1.13423462510843,1.18538369878827
56,6,0.105079823524323,-0.23482169345612,1.23416727999776,0.545465609448385,2.65639578171227,0.346944463014486,-2.41920058663209,-0.553218675788853,-0.227503160390177,-2.25909453874453
57,6,NA,0.542390085784409,1.56287235118932,-0.551691083327728,1.27778484842105,1.77303389640222,-0.08246114366491,0.444389531567402,0.897781006430749,0.469831609008081
58,6,1.0920571649491,-0.803337094183363,0.832547853462936,-0.268747286715502,0.138877784830012,-0.944631470571726,-0.833103334295183,-1.18439830773649,-0.657476663958611,1.00320484795753
59,6,1.18256662515148,-1.37980989249179,NA,0.931592720657131,1.27938779002949,-0.226369403234828,-0.96860934523054,1.61877037711724,1.6000560911957,0.540406730856957
60,6,-1.18162166764853,NA,-0.783264129620184,NA,1.60411140439978,1.95871789344456,0.398583757192514,-0.890973597639761,-0.288705433710953,NA
61,6,1.29585829148265,-0.39043750368668,0.0120295395543791,-0.336174969106026,-1.27267703160736,NA,0.619731312807175,0.390670864117,-0.368727559614035,1.65871937554927
62,6,-0.881088286285852,NA,-0.799182482985965,-0.582599758987148,-1.01854374180292,-0.273342906180295,NA,-0.848402062349959,-1.85041724478875,-1.16284735493408
63,6,0.72514955761111,1.91707835092851,-1.03928423775727,-1.18616524884643,-0.682454323919282,-1.1511038329454,2.40082156616922,2.09935789791009,0.00546392757816768,0.279462542818613
64,6,-2.42311715107622,1.2995445010226,-1.7185882797352,0.69189757195597,-1.11342695553961,0.773331271523854,0.981289416189615,-0.829146206976387,-1.55061116048405,-1.70839159255866
65,6,0.171188694078164,-0.107395888649011,-0.255214528291416,0.238115814735788,-0.355554326356139,NA,NA,0.787485838449923,-0.181735900044008,0.193249956479723
66,6,2.09320959318818,-1.7885798218543,NA,0.0552141056647217,-0.797038346232488,0.866438424074291,-0.582203274021748,-0.0979524850317573,0.306513494239193,1.31778129387242
67,6,0.283653730742225,-0.212616543144813,-0.0428887329043313,0.299082749945996,-1.43157656184531,1.15789158946046,0.852927960705687,-0.678360166599455,-0.569198375452527,0.70573754305379
68,6,0.171775135463875,-0.462217559387666,-0.274717039726708,0.907758470051585,-1.27766074823835,-0.129939245347794,-1.0580589426579,-0.949423233994928,-1.56656848879405,1.13380860404678
69,6,0.0579899484534525,1.34598493536348,0.524761818645504,NA,0.725618931074121,0.806754995656537,-0.432638054302202,0.521349901633485,-0.635521070721471,-0.0959012781607016
70,6,0.187681632242944,-0.248176219199522,-0.489973487137698,-1.38830816953684,-0.817122679682634,-1.8398626263751,1.14447834007247,0.62473998467526,-1.28815980522704,1.27878534832643
71,6,1.23960090752317,0.640502431461016,0.718177730999668,-1.30929259645625,1.25509129563636,-1.00525054105943,0.227724708058308,1.01599758191072,0.149242929622197,0.225431196577392
72,6,1.82072987551389,-1.70662676832758,-0.295876523086175,0.339623132321253,-0.719035874691028,-0.165110682275391,-0.0323245251668592,1.94340812729132,1.01670700886189,2.74294232755053
73,6,-0.321501374095812,-0.277458203718642,-0.0510620992417978,-0.030391647887129,1.12045445235933,-0.352562896222023,-0.863664879979536,0.00531419588040401,1.00870655511921,-0.4099237315984
74,6,1.64894700392759,0.0184310077464871,0.593490258156831,0.478025586426556,1.54680002007018,0.434338521013893,-1.75336208528598,2.04648593111272,1.23117205706892,-0.499822279205867
75,6,-1.48039897895188,0.405346179165471,-0.0109431180794809,-2.60592534668499,0.126586470468619,-2.3883835198361,0.772768933709351,-0.714495224126165,-1.46171124731405,-1.73496444587145
76,6,-0.392407101466338,0.589116975067372,1.06676139594658,NA,0.620087211850322,0.545747658290398,-0.219630893512695,NA,NA,-0.0038992486916482
77,6,1.01631927187535,0.510123132358718,0.726616666064679,-1.8603049564364,NA,-0.661295168116469,-0.0199163824722361,1.04191699318539,-0.987169611395795,1.59093931703744
78,6,NA,NA,1.05673911658801,1.88695213026268,1.18056835935599,-0.517740645691361,-2.31812385086454,-0.617883333490654,0.409100442119257,-0.369958354544078
79,6,0.313209165427105,-0.913881174002928,NA,1.49088406496384,NA,NA,-1.95674769131012,-0.591148881983572,0.100368130005953,-0.362892923017151
80,6,-0.700563104327104,-1.00231591809334,-0.0810590696641823,-0.634502453827566,0.442352095673299,0.576949093492928,0.186425906064305,0.0580835799484856,0.23887455948998,1.39937545657808
81,6,0.316965925584063,1.11706269738039,0.235940357015319,-0.394827741930941,-0.777610852992369,-0.762617220106224,1.26268763376148,-0.475515152058531,0.00368795725637569,NA
82,6,0.843577892556992,-0.45209573723808,0.0829616052923496,0.869291925368128,0.25065606587493,1.73449206801313,-1.0186641099869,0.738715875912312,-0.0890336499723563,1.25049406827992
83,6,-0.0551379377669134,-0.119438769460829,0.250658598657443,-0.00716164743371395,0.339445948792405,0.678728713130582,-0.976463142890323,-0.443479950327692,-0.807337261314701,0.393201826807183
84,6,-0.762259847309508,0.204264947902815,-0.326027670318653,1.47116688676819,-1.16234940603921,1.05572387406637,0.0232921864396471,-1.58210056084594,NA,-0.473699194698552
85,6,-1.93414019588101,NA,NA,0.664250118599419,-0.0104916513656428,-0.85436230897986,0.84149893957113,-1.36855168378899,-0.0984842592854898,-1.38524464357497
86,6,-1.03047044463651,0.0997198330993318,-0.410564511504442,0.85120554096846,1.04847400111889,NA,-1.45344592878027,-0.626615335903476,-0.254767605740948,-1.10789452434149
87,6,0.896187447106911,1.05289231766567,-1.34661668668883,0.0951672792199285,-1.61090144947497,-0.916826065279905,1.03672209098052,0.7139421884274,-0.258006218925477,1.74948022738829
88,6,NA,1.52452942011595,-1.94118989090081,-1.00821450217924,-0.363693303226966,-1.46612099005297,1.31757692165046,0.233630365343992,-1.41031094085307,-2.2839837183198
89,6,-1.42110902170471,-0.534741575935005,-0.37623568444011,-0.375189394927363,0.183534875017075,0.453498560294538,NA,-0.301296749912086,-0.293865108216266,-0.389000048330692
90,6,0.290804254400143,0.472693156296662,-1.54180353114941,-0.0327209742147888,0.0306682928057628,0.228871208584819,0.0278571976897941,1.34225473782837,0.131640483003778,1.38266300885406
91,6,0.625741570225973,-1.56145859201097,0.535459160685944,-0.873302223219201,-0.817772682349696,-1.8498258524839,NA,NA,-0.915863315223419,1.03641018582631
92,6,-1.05754360283658,0.720501352181575,-1.57065377062191,-0.77019655712373,NA,-1.70661388794341,1.25645854122905,0.0632808265691389,-0.627717436119423,NA
93,6,-1.22337971324933,NA,-0.958182144008314,-0.718321371237538,-0.420990437732016,-2.00857501468472,0.906152600152193,0.197409152649961,-0.666061535555911,-1.81680326347391
94,6,-1.26995649078191,0.248191713346937,-0.897754545502235,1.03717027783524,-0.590764566911995,0.545161566890039,-0.26383008888935,NA,-0.430272485579746,-1.20648156931068
95,6,0.445792872680769,0.106677607347539,1.41593417594527,0.35879854446975,NA,-0.208885413738163,-0.307841732779395,-0.900347186158841,1.03229357178866,0.0898975540101446
96,6,-0.816987910018795,-1.06008151998179,0.235642248353839,-0.487371333873941,-1.00973373981255,-0.195630663535541,-0.470145793491449,-0.899709556192338,-0.781140029223072,0.271140606416566
97,6,NA,-1.54668466446171,1.10149530329874,-0.273471763037086,-0.135658277948088,-0.951032752048917,NA,-2.15367295004792,-0.532967387322178,-0.756005405992427
98,6,0.151273277619482,0.64280391786636,-0.454940053498651,0.741528463245495,-0.979693885229451,-0.10998511493,0.0570075341914362,0.460259348556663,-0.10768033820702,1.06046707334731
99,6,-0.48656691650368,0.0388594565543823,1.06502460125521,NA,NA,-0.329424436846046,NA,-0.624343574177135,NA,0.339991027087234
100,6,-0.84507414356736,-0.700142582570235,0.0705708349024316,NA,1.48937072071983,0.646797242912121,-2.07163236222761,-0.762289019188377,-1.63014512730073,-0.365474726654818
1,7,-0.247011736788048,0.52369861023791,-0.439621637347866,0.185091558258145,0.275453516047609,NA,-0.18690720382302,-0.178839600048074,0.115185058107428,NA
2,7,-0.207751417000049,-0.326078396294188,1.20644121926014,-0.196787169363044,-0.35388640658014,NA,-0.622799583057099,-0.384630248535009,0.849853309343152,0.671005491053419
3,7,-0.00900781671816289,-0.0595694847642109,-0.931369584359853,0.717830356092695,-0.032775787295207,-0.0965868035098176,-0.817426444904462,1.61920866052368,0.378461621773719,NA
4,7,-0.873771691599878,1.02159346923112,0.371256807222554,-2.07143480390799,1.12786633526508,-1.63820494815587,0.264468025088615,0.819249567539032,-1.09873899039482,-0.807633255224435
5,7,-0.361218236375457,NA,1.13251239941773,-0.327099837634574,0.931894323997873,0.789357868072096,-1.65710549030826,NA,-0.84429160579274,-0.0799931911837878
6,7,1.58876839017699,-0.158035269986182,0.251373348147536,0.331205041212555,NA,-0.767592051791597,-1.16720420980032,1.33588900964863,NA,NA
7,7,0.0794380749000109,0.80327373160005,0.401200679616257,0.541494456993917,-0.935643004138687,0.88904824699356,-0.344218434509276,0.537922698853228,0.264467585692653,0.853615399151113
8,7,1.95027808087663,NA,1.80417313281756,-0.888351793764092,1.72119578491368,-0.00891386129849777,-2.13886435927986,1.8489559864116,0.730014515504655,NA
9,7,0.81841987583336,-2.50381378114472,1.41668109937896,-0.901097618308755,0.457351529933004,-1.56930692253019,0.46544684120606,0.77107007316645,1.92242682837988,-0.451349872935957
10,7,-0.694213449649031,-1.30655425958283,0.112685179809125,-0.614186600649656,0.237342796829523,NA,-0.330722122808429,0.381594190316041,-0.0280698088161504,-0.112444215640354
11,7,-1.11412698184533,1.14034927416012,-0.830183933022238,0.748023844350149,-2.04951444698127,0.406176567301631,1.06485734584874,-1.15276036968572,NA,-0.0298506500648318
12,7,-2.12456777010526,-0.806386930321481,NA,-0.818222186457082,-2.17056655120667,-0.610875585538523,1.50377900137811,NA,-0.97979921918637,0.0893233710046712
13,7,0.982004458754393,-1.35058069057081,-1.08644381787667,0.583732248901579,-1.03095601540208,-0.512110476220556,0.286177088130691,0.625004722013335,0.279625217982637,NA
14,7,-0.71718061309449,-0.323911828724014,0.777400753635378,-1.62409886289151,0.398829298186927,-0.667910697232359,-0.558037458669157,0.499650938421516,-0.628794637929157,0.0618210231591116
15,7,1.42228629209056,0.536042694303841,NA,1.51539659179815,1.9479774878488,-0.838998808122491,-0.661958210000577,NA,-0.421939852988208,NA
16,7,1.03544708723199,-0.595160303297996,1.12269582792816,0.097381229425746,0.340506482504715,1.00342854767916,-1.6250274085827,0.05330174990217,0.0871245011845433,0.0960690467818271
17,7,NA,0.539338536708644,-1.09214726575211,0.469196700108655,-2.04137080754428,0.211756171672364,2.331646029589,0.00390240352413234,0.00256808863692156,0.450149987143178
18,7,NA,0.685839110714005,0.423483589375871,-0.452275049740395,0.208544501731844,NA,0.679703555488181,-0.0571673065854079,1.62244431029879,-0.556699307581043
19,7,0.666200101156891,NA,0.682763264356727,0.607750209700824,1.2024185480322,0.926481757214594,-1.34947032162734,NA,0.264873573171768,-0.345910216547907
20,7,-0.703479502970489,0.442677481590959,0.81446448815507,-1.69860945890157,NA,-0.999360854795795,-0.161147532777976,-0.250330131529689,0.352860424447652,-0.126212977784008
21,7,1.44910004334784,-0.0393709881805015,0.377984251525469,-0.51177082032437,-0.523800562691341,-0.59079014503875,-0.365021168082073,1.68089585374354,1.3897628754944,1.42293479695718
22,7,-0.560822468913542,1.62129916947193,NA,-1.81148831311765,-1.03810554599862,-1.58039615648539,NA,-1.20585870714741,-1.49486650564952,-1.4342649115058
23,7,-0.503238294993279,0.758540065332112,-0.379154296200829,-1.50147080298086,0.697312521213757,-0.38973015195772,1.25250288171209,0.367210612319998,0.825428457693452,0.0552931250537454
24,7,0.0719822461613746,-0.367216059948837,1.51916460409539,NA,0.0842225235193234,1.34440402919473,-1.56681968740702,-1.49721939034975,1.09691179766257,-0.153565399006066
25,7,-0.0206176206794562,NA,-0.11951126901839,-0.00699698372625441,-0.251092018271175,-0.961304391243414,-0.0304359977791634,-0.191660505775549,-0.93882863809797,-0.91658147399185
26,7,0.289104218101511,-0.0533157552191371,NA,0.0309683202224883,0.430413152113339,0.39364841163216,NA,0.373778701167523,0.00248146300913964,0.331234284760635
27,7,3.16518720303318,0.971281492392039,0.0669969126172563,NA,0.946428730948689,0.924530065639692,0.0424584492479676,0.816215928899047,1.45398570776759,NA
28,7,-1.48398133450177,0.366120351032678,-0.926448205776833,0.504138538167501,-0.0833657390765051,NA,1.37903692390249,-1.64704281406397,-0.942568955048288,-2.65836801816993
29,7,1.23403309266629,-1.22619334280037,-0.699700212016426,-0.041524249957524,-0.905527868324948,0.308893282543205,-0.250390244521614,-1.04854056908335,-0.721692835843059,2.04024930957392
30,7,-1.26083390860617,2.00748493672701,-1.13875086308054,-1.1818072956197,-0.082276641555588,-1.03629657303992,0.475532901675787,-1.19872838664484,-2.37122334051978,-0.211502894012467
31,7,-1.10893151793729,1.62676009321767,-1.95302679260903,-0.374636558825385,-1.10298454188474,-0.315514487909023,NA,-0.730522629987869,-0.769837805026785,NA
32,7,0.978277286406632,2.90379298760079,NA,-1.85149375846792,-1.730530523463,-0.298764654116316,1.86782146364863,2.74254326084608,-0.673548229770045,1.43039334781448
33,7,-1.35604155508447,0.270181786294553,-0.515364801893066,-0.0178630015383237,-0.292889280117416,-0.289666501097887,NA,NA,-0.127095590939762,-0.571249734519159
34,7,-0.457627882115635,-0.171106132375627,-0.244905099051934,0.513736906579723,NA,0.486622590142643,-0.494109963013807,-0.402176764270827,-1.36900905903855,0.828136111796471
35,7,-0.101534923522052,0.242221703979231,-0.978345229858405,0.757329909211848,-1.64379176669367,0.0197608419528823,NA,-0.431935051138597,-0.579036373196463,NA
36,7,1.93601114795478,-0.260663375043146,0.916446440444143,-1.61535347850099,-0.157682421420261,-0.96916278669001,-1.41102119613148,1.12911330632696,-1.38516109589516,1.69404301302867
37,7,1.01084397479513,NA,0.871776314024731,0.289890638175462,0.850266551529082,-1.47706568883307,-1.45210251511114,-1.17495531053584,-0.5332674022401,-1.28214790337867
38,7,0.132406033694177,-0.449408171687206,-1.26090869917046,1.85687621147515,0.710383981771928,2.60721920316905,-0.93112801803703,0.30012180034073,1.13761900814364,-0.56045547934981
39,7,-1.85768269311575,-0.931463079944674,0.00808421349399987,-0.354554500805458,NA,-0.70664377471358,0.379728268224156,-1.7805608015384,-0.144840878088171,-1.02529082763596
40,7,0.0596499954179959,-0.584981512893443,-0.185053903467264,1.03609879549179,-0.211150911628672,1.16026066415861,0.120662621621545,-0.0775147204710502,1.275008783338,-0.280150562083944
41,7,0.76246554375044,-0.986572172592721,1.70497989466184,-1.617736735949,-0.256036108631271,-0.581013419064738,-1.95940321302027,-0.676366640912878,-2.08640390829389,NA
42,7,-0.499376278020036,-0.532218953326624,1.01824734536877,NA,-0.836149325938621,-0.386938778875442,-0.0835772601067105,NA,-0.304878859848572,0.174401658385053
43,7,0.828994415668287,-1.44137741340303,0.240826083636622,NA,2.08793002076279,-0.946797497779247,-1.36901898962288,0.162418000360997,0.971385619912481,-0.258232753570442
44,7,0.386066021193645,-1.18285389696034,0.230443784123432,NA,0.333122518520057,-1.55449378706273,0.677195903431963,-0.365001595875185,0.268748002450658,-0.491853527162053
45,7,0.377880489978367,-0.996119862590184,-0.324577734828911,0.136674529974666,0.4126439541704,-0.0975048296531367,-0.14158613869956,0.303767262669274,1.1556009074688,NA
46,7,NA,-0.996655036544802,NA,-0.707442042285807,0.636424408764323,NA,0.867268278333865,-0.504972329520762,-0.0772292415681603,-0.323870377689958
47,7,1.13436170474486,-1.43234105554663,-1.69120661119545,0.572375094233248,-1.24095984493867,-0.214112938193231,0.553627573754166,NA,0.601790077880025,2.46574793960881
48,7,NA,0.816648137457054,0.64283232654789,-1.77316941157021,NA,-1.33013777547453,-0.0516442587471047,0.895556846667441,-0.997797903702931,-0.550894180625959
49,7,1.70626950024057,0.605152529854562,NA,0.956000727157088,-1.73920930295502,-0.512410829228473,-0.0718721714758777,0.45879369464336,NA,2.54192725433774
50,7,0.0833380515372172,1.13499214610336,-0.0252227005137665,-0.98323562356522,NA,-0.404638176704076,1.37198543364091,-1.2693228128277,-1.07967560941647,NA
51,7,1.54140701994937,-0.157692449311424,0.53642176995217,3.14305198298049,0.0798412410578368,0.513503933560283,-2.40007715323525,NA,-0.43593346110618,-0.466108452747279
52,7,0.061069625317192,0.270172149092279,0.430789859121576,-0.749615502661821,-1.8738173948969,-0.0859475129683635,2.77884393201822,-1.19673564225408,0.381926064306928,-0.4357048515555
53,7,0.0793001792458413,-0.285976960390168,0.730532883325071,-0.317419152466936,NA,0.584777437627056,-0.437270393859305,1.76250746174095,0.236604022595084,1.749691615455
54,7,0.299287561772996,-1.80440153361687,1.56993099824778,0.976566030613475,-0.466045267752802,1.21320846264864,-1.52454070286409,-0.203154779044697,NA,1.33222665819336
55,7,0.824758781775635,-1.09839202125558,0.330938083370286,1.00658580477284,1.81945803749218,-0.744003576918123,-2.11089646207386,NA,-0.864048412714437,-1.15412413198443
56,7,0.56431197987996,2.08652075579383,-0.836206638022129,-0.123590478451241,-0.621257205882554,-0.0474591498430839,0.187773584208421,2.04551807087904,NA,0.980020562088946
57,7,NA,-0.522527816725168,-0.556811470308734,0.0819449982246977,0.312879420254307,-0.258472500280339,-1.04383018288139,-1.56633385444434,-1.03585473464379,0.15768689442344
58,7,NA,0.348599262850367,-0.0568508559327638,-1.36396585406975,-0.362253498729596,-2.43959421967699,-0.473001912627042,NA,-2.00065199774458,NA
59,7,-0.86972368577821,1.29281869717742,0.466162238972702,-0.141903276217109,-0.957706766119091,1.50419146034612,0.502906106312665,1.11541155764245,0.223432937391025,0.086363463562492
60,7,NA,0.331814274123352,0.495344809606907,-0.960584859002635,0.0256279445656503,-0.761253699429085,NA,-0.979387583177236,NA,-1.528385507268
61,7,-0.193608196770094,1.31144872454716,0.202901875187356,-1.60959867890627,-0.458522104821524,1.14020977694818,0.335749834275284,1.30817915638191,-0.504513773270251,2.07783470365271
62,7,-0.42528721831841,0.901766023921078,-0.389817752290414,-0.0542072442534398,-0.347568568402238,0.396181491036419,1.32039851131848,-0.595455010020411,0.0831709020078372,-0.137645455457336
63,7,-0.678518047592034,0.323911229303811,-0.741388048253914,-0.701478766962831,0.326917909890127,-1.21644292279453,0.820462966775478,0.224529400368725,0.53664482470732,-1.20305634578956
64,7,1.76800487411308,-2.34212717846234,-0.81120473561617,1.69769559386705,0.313569110995337,-0.211302041666395,-1.42749242705573,0.431072981914845,1.3119921965716,1.08331929502968
65,7,1.03603683948591,0.269186303023242,NA,NA,0.428751085516735,-0.790109432410238,0.620124626731098,NA,0.865876293893352,0.51322161129861
66,7,NA,-0.275707033174618,-0.17856135584222,1.59708874871667,-0.603015302760178,0.423299858070586,0.908426873062176,0.305045316955593,0.957138869974304,0.128614252265023
67,7,0.119086390500219,0.946140284852811,NA,0.565165918972419,0.582865940558718,0.890580340326335,1.10620190636165,-1.38611538811126,0.398422840788874,-0.712383930807037
68,7,-2.12080328487161,0.173675454404781,-1.05278607730659,NA,-0.48176617389193,-1.99204010639192,-0.0206487536585314,-2.04913425390725,-0.874466511169952,-1.09367410682661
69,7,-0.397028629972186,0.984962272955456,0.284241987466384,-0.424138775924396,-0.814198324987326,0.128518827734955,0.756516654170272,0.138183415912725,NA,0.343572701575095
70,7,-0.467988068114055,-0.103530372246825,0.0380916901985602,NA,0.814935109876781,-0.992317565230228,-1.62751389060198,-0.836959621425614,-1.35034439818699,-0.646373507095027
71,7,NA,0.85080342729357,NA,0.393138868183499,-0.793387063819082,0.500218751381722,0.575940323335747,NA,-2.17866305567371,1.79768475417952
72,7,-0.213749448936402,-0.100878209452119,1.29375633619115,-1.0557211102058,0.160616142097575,-0.670140382256936,0.971427220344478,-1.2661121444267,-1.11829807109841,-0.827429882061508
73,7,NA,-0.874395445145917,0.481120540569171,0.501073364587427,1.49997705829193,NA,-2.05421146595393,0.114964821692625,-0.158907924954086,-0.8798179188773
74,7,0.209788881676765,0.531177743801803,0.841636634457526,-0.614501288599407,1.82966231394039,-0.141223727090563,-1.77372953158533,-0.806776243683504,-0.675022456245715,NA
75,7,0.419276974425381,-0.516730447764994,0.0959273525109279,0.0379834202106916,-0.55677357568632,0.860138829242906,-0.227705793927413,-1.07185065521811,NA,-0.430456324626584
76,7,2.18692921936356,-1.25120123215522,2.28409862744688,1.05833529157383,-0.695023943408158,1.87163748222174,-1.92571041730299,1.97458781759455,2.12734517984208,1.97191797570211
77,7,-0.604761508052713,-0.112576899157381,-1.56682640666287,NA,-2.99690232443967,0.150744264543777,1.1936646988603,-0.547518963695139,-1.49884413737096,0.300874722501254
78,7,0.223484468099567,1.05595824920812,-0.0860780643767593,1.22379788982363,-1.84482638514862,0.601467546624275,NA,1.77455312320254,1.05083779132447,1.14875549558522
79,7,-1.17916170371461,1.48126012396484,NA,-0.858922716330958,-0.885455362044918,0.144678631800763,NA,1.13390605460453,-0.374384741783039,0.989148390732851
80,7,-0.0980370606610226,0.00667609816545205,-1.2452190027991,0.188778609989493,NA,-0.214476557922287,-0.060178849459804,-0.192771815034248,-0.421525644148339,0.197210587253705
81,7,0.640600472425411,0.669858590265875,0.566257014426008,-0.646416339096329,-0.12966904327312,-0.237605023740424,1.15349606142557,-0.0578079292080069,-0.325977683505005,NA
82,7,NA,NA,1.85061367906371,-0.030063768367438,0.366005326575559,0.140376825467673,-0.932513446542218,-0.968325047288815,-0.300763889375293,0.277417995425066
83,7,0.0699130497879179,0.0765686393377268,-0.762946787539506,-0.420096704393797,0.174960489967106,0.276225074383935,1.12708194358921,1.74126204256201,NA,0.696194564802551
84,7,1.51253783817765,NA,-1.29166850282225,0.284439337915482,0.483129725416753,-0.485441695852661,0.42706826670824,0.768595445074842,NA,-0.588068105253067
85,7,-0.228241230939852,0.375976874939163,-1.62958869287663,1.41565216797927,-0.78881019223063,NA,0.395059249226699,-1.34665929208096,1.15959357852977,-0.682800669794306
86,7,-2.52488817159148,-0.18043272032418,NA,NA,-0.121109444814963,-0.436645149038373,0.597656231273651,-1.32881192977133,0.265002083712484,-1.46564466355741
87,7,0.550451707706985,0.15736888969812,-2.3870407561004,2.24305597117418,-0.0261983568865795,-0.832738362804888,-0.219931141307476,0.320302280552352,NA,-1.32053951568349
88,7,NA,-0.309653407871613,-1.33639021184705,0.97622183477267,-0.106243609589548,0.254666676011409,0.0772865994997648,-0.813175427449104,0.476074622805216,-1.0050863880813
89,7,0.85323218224768,-2.45138538665219,0.35661626677956,1.06901606013742,-0.484362863402167,-0.246236904233327,0.131227517210702,-0.273417132621077,2.42617146143401,0.397927777235304
90,7,0.654650207564895,0.384287212495648,-0.00496130556546265,NA,-1.07893240872838,-1.28262360863217,-0.375024474765286,-0.504702924321711,-1.58597131606283,0.00968795853063374
91,7,0.814310871589275,1.62719000799963,0.844237625092204,-1.14143252681102,0.463139418954859,0.54557428780737,-0.662934080648125,NA,-0.392165359605978,-0.232265289594936
92,7,1.81906029071072,-2.7912787779036,2.12271127733748,0.025141382940939,-0.0299615690291542,NA,-0.793869901924158,-0.351530535082508,2.09409239937691,1.8875641996952
93,7,0.642985817545363,0.734150109690014,0.114892399217687,-2.92815485343759,NA,-0.149588002633768,1.03862786150332,0.502670368971662,-0.995933259219109,-0.118608991158579
94,7,-0.501503985825512,0.826061792493672,1.25666681387492,-1.09484373471378,0.428245601764351,0.0764651179396085,0.337434805870132,-0.905931212652405,NA,-0.624766715142124
95,7,0.346242801942422,-0.124150772171435,-0.00430713345302071,0.17233993501314,-1.72311695330263,0.767683032394055,-0.282471930135762,1.07237284539596,-0.298008349760091,1.79606329347429
96,7,1.6956921362321,-1.15010767383833,NA,NA,0.352824888327024,-0.752539087291017,NA,0.729479355589418,NA,1.47232328952154
97,7,-1.80128196953521,0.103474523952574,0.564205155448425,-1.80376346322381,NA,-0.07107698242506,0.85681541278401,-0.664560184869536,-0.674824962215644,-1.50868578589623
98,7,NA,-1.40971412449341,1.34080076796952,NA,-0.510657290129863,0.657682589606219,-1.86050378325119,-0.750190068576749,0.206272854118342,NA
99,7,0.534799336851333,-0.00628850455631351,0.217460786436313,0.728700706265891,NA,1.08709420697296,-1.35634042424247,1.32795800704339,0.977260110286085,NA
100,7,1.77557048216498,-1.31250774318828,1.40183660173258,1.26872596024131,-0.0856437097933976,NA,-0.595436253208073,-0.127081529158699,0.910969470210136,0.735015323578176
1,8,-1.2680772492477,1.29880784643263,-0.966560814338229,-1.63896328180113,0.809227296780403,-0.368892992194822,0.362269983662367,-0.248046444685323,-0.469345495883384,-0.99907322065849
2,8,-1.5422368017142,-0.630331516284513,-0.80732295329301,1.16466958516913,0.729029668900961,0.958865522056054,-0.467389132467725,-1.39884729282306,0.299960938465652,-1.74593959064825
3,8,NA,-1.21144967451403,NA,-0.507978371471421,-0.536910647149577,-1.68587584481095,0.44786844455775,0.586042693140982,NA,-1.07072752165412
4,8,1.27233444860981,-1.07640345847765,0.0480681296926166,1.3858093701533,0.274154557555072,1.47082165098265,-1.05975321585047,-1.29113528300264,0.713639685814957,0.47762543664777
5,8,-0.859787441074124,0.411049609115416,-0.359393701704487,-0.789696243212852,-0.832922805023772,0.649699276794333,0.159870375475452,1.30095862874462,-0.345693935084339,-0.774190428633598
6,8,-0.308997588644299,1.3437621612363,0.218374713215946,-2.18744768118356,-0.458932129765693,0.0207943026012802,0.58615325536212,0.356144112824487,-0.190773473656489,-0.765632385013622
7,8,-0.173998974988057,-0.802032328657199,-0.565327804621308,-0.118039065641319,-0.144010518172568,1.33272426839553,-2.21623685559228,-0.174249936742249,0.78843583378548,NA
8,8,-1.04376425668592,1.16195123727614,-0.650722778329527,-0.415327263830194,-0.765569292753998,0.500728850396245,1.81602701255922,NA,-0.139180314412147,0.0341316960948347
9,8,0.855769969426612,NA,-0.211064570681417,NA,-0.248823349489665,NA,0.345422639395744,NA,-0.648864847868059,0.520553675053752
10,8,NA,-0.450321166110963,0.201028954593363,-1.05914716189687,-0.365452251331117,-0.697016786998771,0.756181691144223,-0.141469868718732,0.948073438782069,-0.697158410314704
11,8,NA,0.718968181442177,0.826781986573561,0.0492274415453673,1.75305781233901,0.729763515393531,-2.46071764426894,1.21107107014551,0.572499396818448,1.73504051353985
12,8,0.437713502388806,0.184345229739499,NA,NA,-0.758870079464982,-1.0125262252683,-0.370353589252555,-0.904462692540781,-2.98335697119972,0.908364841250739
13,8,0.0904797225982085,-0.392706953797613,0.668693316682023,0.2530538200149,1.30595751584735,0.829027246252317,-1.28264776683593,NA,NA,-0.0250318909524891
14,8,-1.27396178069715,NA,-1.20466869934005,NA,-0.536820140558895,-1.77969272410915,0.800751324056862,0.324705373660337,0.35757734918088,0.593136082665023
15,8,-1.72408725459706,-0.775256125581298,-0.806444183076222,0.952026500348474,-0.307303112579721,2.07929266949169,-1.03706603302301,-0.964929077469197,1.72318187421076,-1.48526135125063
16,8,1.98812383734593,-1.54078077288486,2.5751036519098,-0.357489141953136,2.2039121271032,-2.52881631747334,-1.36847913222911,-1.41889018347157,1.43512117716222,NA
17,8,-1.42673613669709,0.600499476964569,-1.09335284345001,0.101045727148044,-1.90034026474735,1.25250299716396,2.14484674542181,0.160662895774308,NA,0.648012516814638
18,8,-0.189715782892096,-1.28300414455867,1.28560231427852,1.68385831220973,-1.07817051894492,-0.00647610745554389,-0.0347343763108529,0.10504346977744,-0.485307858591383,0.707513022743791
19,8,-1.00861679968143,0.673985345886897,NA,1.60051070102705,-0.510044981720687,NA,0.573222163692729,0.277996730985169,-0.243935918735923,-0.405847044632156
20,8,-2.28947062460621,-0.769180485751118,-1.81648645062519,1.17396885921408,-0.742623520692571,0.189067611171486,0.012749953739221,-1.61527390076761,NA,-1.03675833097535
21,8,-1.59695786612006,-0.0855643335003117,0.472416550266047,-2.16450984218638,0.289436004112012,-1.08345175704659,0.847892427088118,-1.96673548175304,1.41947966471288,-1.2050927154532
22,8,0.325932437818543,-0.985379274818066,-0.67190763093871,0.67354797601099,0.0956092358543304,-0.136997383700401,0.856097810358531,-1.62893620603086,0.757422061476581,-0.502583213407919
23,8,-0.962777052851686,-1.75727487015215,NA,-1.60486442092853,1.24991832688525,-1.99014764517578,0.850322238256046,-0.897608543771226,0.54229921249597,-0.393817781973687
24,8,NA,-0.295010584478774,-0.101358661264642,0.17014122570745,-1.51843506825573,0.887517363065919,-0.752953252444964,-0.858824976738938,-0.773665836053206,0.956614140460806
25,8,2.21341235239157,0.42115332844832,0.943115132703332,1.83963675200796,0.0211697834492563,-0.54115061242278,-1.10090344178226,2.01918127237508,0.684567530797499,-0.289160690386173
26,8,-0.402425540923298,-1.275534536676,0.035743081123087,0.171828879182039,0.0481555317487573,0.614836227524817,-0.648408750956244,-1.22286775337376,1.27693511149325,0.542359262455602
27,8,NA,0.773846192119203,2.0548003216283,-1.58394549627491,0.517640209664789,-0.757902524505387,0.602365969957051,1.51876444242901,-0.678980821898024,0.919324507065387
28,8,-0.514941149073148,0.920585240091863,0.207281405153399,-0.846417395020849,0.722210886300614,1.41973905132949,-0.0439926463560607,-0.00965117140294597,1.03789495343829,-1.29014613504058
29,8,0.314240038726783,0.519591241890055,0.886445792353499,-0.691614969994072,-1.36917828683734,NA,0.607059749696866,0.190071141376343,0.679087467491117,NA
30,8,-1.87735328019414,1.142208293577,-0.399874062066082,-0.241704771783984,NA,3.12546762047157,0.899161241685345,-1.23533616401107,-0.51951870274168,-1.62277849008769
31,8,0.477445928706363,1.85979647188149,0.931217634454987,-0.29269387452478,0.872581082534718,1.07820475019199,-1.37494604610682,1.69649592734551,-0.950616852506831,0.295200315452218
32,8,0.149082511986336,-1.37400659744287,-0.21553658759655,0.30187392090457,-0.399149753532736,-1.01629745527545,1.36945847572728,NA,0.98224765065582,-0.888978698662771
33,8,0.14936421460433,-0.171384455497366,1.59682299899,-0.754146080973985,-1.45578938228662,0.657809339784033,-0.254676344721625,1.04560539340504,0.800470046994824,2.64269796488596
34,8,0.122835136350375,NA,-0.219497897979304,-0.0773215987257072,-1.09517127855595,-0.875203356233359,1.46483705601774,-0.159220238096365,NA,1.23525134534158
35,8,0.346590180517909,1.91577758652353,-0.582860306759533,-0.0411210220328088,-0.772842541350155,0.17043366595112,0.143932491332443,1.07062883452137,-2.0767132489064,-0.168132730911569
36,8,-0.0334310855202557,0.798345377691989,NA,-0.044385783096037,-1.23520634050634,-0.325702883501977,1.66367345323507,-0.0744994682962509,-0.350906962986585,-0.432608047108388
37,8,NA,0.846558705293479,0.850999580704145,0.10313519558704,-1.03970682262955,0.97733954427571,0.994032024978403,1.07733328092188,-0.509727279582001,-0.53584965044734
38,8,-1.4122960425226,-0.258619399416174,0.738951519158138,-0.462424406505893,-0.609354023874291,-1.16046343100655,-0.75917872976581,-0.721252629296027,-0.983751018648658,0.921780892806982
39,8,-0.211988990329093,-2.74558346319511,-1.06939441713233,NA,1.38266415486805,-1.32594004720898,0.542266851384151,-3.20470113056635,1.30823645335012,-2.12949733916384
40,8,1.08790150360715,-2.33066162713524,0.742327936530471,1.71476508717108,NA,-0.236239932391236,-1.90825775366846,0.907862424017432,0.262090111800679,1.55451490599964
41,8,0.529796773614653,-0.624289330019637,0.715139589133702,-0.168074987857609,1.38475329083826,0.884253793397317,NA,0.242385163023579,0.824985397502977,-1.09090120382328
42,8,-1.18741676625217,NA,-0.8968705871059,-0.911479861123392,-1.01789150831848,NA,NA,-0.492221683646206,0.0187062263066315,-0.727528397256689
43,8,-0.453754109625017,0.747225023592478,-0.582014492171091,1.24383922451825,0.219998657115893,NA,-0.0942089399820315,-0.14377739317799,0.705936623804241,-0.791507080604585
44,8,-2.55411460796915,NA,-0.736856772186866,-0.0548372262237241,-0.924262494923166,NA,0.597723014521611,-0.0444990213092173,-0.832110691006578,-0.908429021463168
45,8,-1.42158970779744,-1.83923742392186,-0.396448721210925,-0.286094558677206,0.866591118106738,0.212307718101916,-0.266021697296929,-0.00607043326229822,1.1588156096254,0.821887662559588
46,8,1.12373058543042,-0.186035004800317,0.107787137491831,1.67799109072936,-0.0637407863282178,1.65989176578709,-1.45135920050956,NA,-0.773460630239157,0.302176022592867
47,8,0.0568031162518915,0.947120864683832,0.942305686717623,0.240290596320668,NA,-0.927676184912117,-0.312999882875528,0.419985914642218,-0.585463113177742,-0.703640966186711
48,8,-0.525669822994907,-2.00332722317326,0.885864879595239,1.23264578105302,-0.207789452232087,0.258663156036578,-1.21160972598752,0.263232733608442,1.59770077366974,-0.358625701560485
49,8,-1.50326993020077,0.000227407708702126,-1.06956233144048,0.297567683744541,-2.00388442354702,-0.203456933142884,-0.108464308148118,-1.76767177762343,-1.69465910954195,1.36911269616797
50,8,-0.758238218334591,0.643126744129689,0.133957959573012,-1.77871390013705,-0.407019175005154,NA,0.559483404648962,0.458173460372297,-0.421243302016648,NA
51,8,0.528648735011109,1.35356750215125,0.32479474095362,0.290151236414775,0.869260038149185,0.0621195168153049,-0.492492018269857,-0.23670843194999,-0.182469476219815,-0.0716536104880349
52,8,-2.70864990014242,-0.198706784017554,-0.0995492072902516,-1.87186397193679,0.243781795060828,0.292718894230546,1.41607333881979,-0.849494559120721,0.50479460718213,-0.528285163515061
53,8,2.06951198835495,-0.529248373979155,0.616084990958463,0.461982037800161,-0.642307201117106,0.492549607220868,NA,0.259896713995131,1.4038233865618,2.46766648579321
54,8,0.41881563190285,-0.195289539007589,-0.684122606807762,0.500617328453633,-0.16204861566633,-0.174974105102758,-1.15606362885886,0.65062551050857,0.421506067150577,NA
55,8,1.46855184612551,-0.020633956037722,-0.653494244566196,1.75549006668058,-1.5615824452838,NA,1.01342979960475,1.17982542786748,-0.881315959437753,1.76561694462181
56,8,-1.54231758339041,0.174955040187144,-1.49639246750893,NA,-0.744682139544999,1.2576709335314,2.7898621421541,-0.404095097729536,0.495148608428482,-1.6760384186175
57,8,NA,2.73299554624248,0.0891481715177383,-1.28479160425568,0.174208736730806,-1.46353653654596,0.713661384564702,0.344762051856876,-0.99961006000013,-0.751984538428622
58,8,-0.948168902728513,-0.868802206739872,-1.47677788130169,NA,-0.315702523093403,-0.0190447288361232,NA,-1.03009194350698,-0.686283458995275,-0.451472851925185
59,8,-0.00554809732000263,0.513841983912713,-0.748178990930801,-0.244988269823651,1.5696394126962,0.726144315516694,-1.00728315628174,1.03997531645224,-0.318423113568998,-1.42583424518498
60,8,0.000927615475346752,-0.0305825122631729,NA,-0.820334203458451,1.68277812011145,-0.454060823960132,0.669420934389842,0.198753206453622,-0.268165571031868,-0.589126633690377
61,8,0.25622917740187,1.13443698518063,1.40068958134548,-2.50337495947642,-0.6561077501464,-0.542327198717536,0.207899817215689,0.431107961510802,-0.122067189008891,0.580060194078881
62,8,-0.354691797504252,0.565709362247574,0.586531882216756,0.439973985562809,-1.19153615318632,0.169021853284814,-0.311060618800663,0.346171802786809,-0.695037222210034,1.97181042275252
63,8,-0.0313641110187775,-0.0167422862434489,1.32187121459342,NA,-0.499217024529781,0.549082202912483,0.854568829251219,-1.14102719098865,0.816912854157472,0.19740906456922
64,8,-0.476209427452009,0.617453113188464,0.110190795700141,-1.45308943226373,-0.331448582962387,-0.608791579233513,0.995945458777388,-0.152840771243608,-0.177278320807413,-1.10906787652614
65,8,-0.255815452677458,NA,0.578179590005929,0.345258738603437,-0.396710975129144,0.920312627961659,-0.940016664240252,1.27134441407418,-2.06465797016997,1.14040425171818
66,8,0.96810081292884,0.721503385409327,-0.135599863930314,0.16135900465138,0.952753338749393,-0.261657996306384,-0.607050720004365,NA,-1.9119096633471,-0.335464426089863
67,8,0.312538948919673,1.83062280265196,-1.3357157060906,0.806777698360254,0.566249185671085,0.805298089123574,-0.855947554120901,-1.56715048224431,-2.70183863054146,-1.63413714844605
68,8,0.458134042327527,-0.335524544885332,-0.700816100646491,-0.888287146233709,1.02943495930742,-2.03533403946719,0.879024803459635,0.720008870009973,-0.807083543677111,-0.57424750713502
69,8,-0.823900921354686,-0.589634895671815,-0.538837946691489,1.60996637386001,-2.03035983791851,0.17138755866561,0.769582004665571,-0.216406336153499,-0.103591389773376,0.809544896823769
70,8,0.746387558713435,-1.36062759767283,0.930537399957171,0.597820042170561,NA,1.08909553267065,-1.10596399941012,-1.87402099586172,-0.754372378471781,0.333240687801821
71,8,0.734526980092921,0.218259944819449,0.191064719146314,0.53315324156714,-0.822268608805307,-1.37107360469614,-0.014261752000023,1.10635693523777,0.338370760967574,1.70147714542306
72,8,-0.0837953068119413,0.758404049065841,-1.93246888641715,-0.579667584941071,NA,NA,0.589496177756621,-0.105900166912111,-2.76179153897846,-0.0431088883538608
73,8,-0.249690152545384,0.363394586016608,-1.14790413402102,2.62610918647798,-1.08318805979887,0.815324948870851,0.23588525049859,2.63684247911289,0.939305563662246,0.525299133226644
74,8,1.77201823051553,-0.247082661600391,1.40971983256652,0.932151856325799,0.470318087732585,0.858569839869996,-0.413491806671073,-0.0871675051471752,0.322998711335307,-0.360334062221731
75,8,-0.655872356699284,0.826207872502211,-0.124128738950688,-0.188470975002239,NA,0.449719827930334,1.41904347807206,-0.957444963035769,0.24737582468756,0.310111305500924
76,8,1.14590207959927,-0.317731881321982,0.51992119368895,0.412800610010984,NA,-0.801395137589336,-1.03072617076,2.4263737465529,-0.149518083525314,2.30732850456133
77,8,-0.260363548797497,-0.0127920891994891,-1.84007676179147,-0.803810696300694,2.29705448755879,-1.32342413605257,0.570718388858227,0.93495857859307,1.08743456686449,-0.805900620466032
78,8,-0.739860058349133,1.55105288055723,0.76789311931807,-1.31068236101896,-0.916111705392577,-0.663618246426149,NA,0.198623244266198,NA,0.939179321747037
79,8,0.0838775172528926,-1.15768611400209,0.530479710656723,-0.612477789219759,0.41189986593931,-0.868253432684235,1.33475609239711,-1.21283609420632,0.298849501490626,-0.6166013913241
80,8,-1.19604184015215,-0.620225017493694,0.286299293583811,-0.493223434812916,NA,-0.387286191569504,-0.396454495971005,-1.25595679891354,-0.395036255874315,1.33618827700158
81,8,NA,-0.41826834919049,-1.47621670438233,1.22025347619864,1.70485319753655,1.35539406397323,-1.61924947151875,-0.578135836754956,NA,-2.47748654170416
82,8,-0.361987692436263,-0.809773500508171,1.26521285423267,0.71236328800252,1.05492682860267,-0.706670536481461,-1.02382851073397,-0.702092413966057,1.10814755863313,-1.50159651080968
83,8,0.780885714213338,-1.31504964341614,-0.366398988440229,0.487286939566012,0.0491763738174561,-2.01645434323085,-0.051500625708454,-0.559836945961635,NA,-0.576463014994184
84,8,0.731590040285887,0.649564821676232,0.0874610212046855,-0.221905722900743,0.338250486888777,-0.158038732255321,-1.393698190993,1.24235771806193,-1.74658361568107,NA
85,8,0.838568711357795,-2.0042433392044,-0.41436279685348,0.234256463349488,NA,-0.0942191047251306,-1.62937656098279,0.345053085103062,2.41365021377232,-1.39095007634463
86,8,0.991574903523788,-0.0762067865087113,0.529089427388777,0.499707869042419,-0.120813384479845,NA,NA,-0.275763247747908,-0.767269380106232,-0.304185274133419
87,8,-0.372197171830013,1.09776456511239,-1.68643330532768,-0.0686829966984654,1.00520488484497,NA,0.225666660613612,0.309510787385323,-1.80725486725119,-0.594263581324465
88,8,0.0901271573167864,-0.849078847054816,-1.55121058771485,NA,-0.205936444616076,0.216132346199084,0.755173005819998,-0.490890607730702,0.766895835513797,-0.701073447090928
89,8,-1.17810945245715,1.40620181942165,-0.643507348563414,-1.12133149953617,0.112261014066758,1.13208873353506,NA,0.244322020959908,0.744432904690201,-1.38293430896186
90,8,-1.79634059185534,NA,-0.357163209709128,1.04039705860108,-0.979513167376664,2.18556783321959,-1.25952736244313,-1.17806884520001,-1.41151158507364,-0.450760510372434
91,8,-0.755083342607349,NA,-0.696094415131319,0.577213382645033,0.917473542312908,-0.437562196966359,-0.934101403556769,-0.982166302241619,0.250350584806915,0.15937966836935
92,8,-0.26179680357304,1.77644698257136,0.31274683709013,-1.21881162919439,-0.579936812354482,NA,1.49739987033752,-0.246426650706195,0.506034920257845,-0.248230653737351
93,8,0.189091774024488,-0.22422698571082,NA,0.492365309907383,0.90493548304897,-0.513592574472698,NA,-0.319298149353138,-0.612482007422213,0.0288474622509053
94,8,0.843342060155072,0.00544093527712426,-0.221070579330981,0.217226547115047,0.251406848108061,0.00859228244927929,0.95930707619732,0.398399222861536,-0.111438148290624,-0.86113599718244
95,8,-1.93752510175649,-1.22854667074987,-0.471262822813184,0.40275136055955,0.287679028620917,1.30503378122061,1.33599361339909,-1.95269929349089,0.315655541010717,-0.41615075746768
96,8,-2.06417448761663,-0.644840516910229,-0.941555183874844,-0.862019887312127,NA,-0.395036425489282,-0.15160297678817,-0.0686354270524213,1.33199012561025,-0.577746039892939
97,8,NA,0.801579206647224,-0.292196245756846,-1.50574156235891,-0.406147626379352,-0.230359429141473,1.49888694313289,-1.06014225755657,1.3792035096295,-0.629960502571078
98,8,-1.25377989358244,0.502974669161273,0.123614005787965,-0.174049578101232,-1.02359042207921,0.12231080499418,-0.599628643949635,-0.0669922030884325,0.605004768814485,0.498292444943291
99,8,-1.68279950854271,0.568549432523681,-2.02908806174284,0.417296478410087,-0.895058201170492,0.999989771576347,-0.274385667842757,-0.19932735102331,-0.557507925635749,-0.008444786124419
100,8,-1.14929867763369,2.13717704994678,-2.11602905385701,NA,0.158830028349603,1.57018473266509,-1.38219931731179,0.412102607703667,-2.59796010058917,1.07308879273321
1,9,0.61600824917278,0.566930245980458,1.81850130998008,-1.65777228262347,0.589291315519715,-0.339955164391516,0.764946150950763,0.913779838673263,0.635189291893877,-1.7813873632157
2,9,0.626497654705913,1.41516477276776,1.58266956352123,-0.54713352759191,-0.325826806962683,-0.855056243638567,-1.12954047610729,1.38448875710481,-1.44426953934501,2.00395714584516
3,9,0.665326845812779,NA,-0.729741299774242,0.404694306285131,-0.39104259590644,NA,-0.077964140530201,0.271819881357681,0.822473138806272,-0.293307801685507
4,9,0.271387584932679,0.660935358398936,1.34078382977618,-0.202222531253588,-0.610545253561914,0.0667454999347726,-0.223317416509571,1.78793029114338,-0.0803489681958146,NA
5,9,-0.455391991940962,-0.471598128614665,0.327292238608826,0.473113767881162,-0.145901001219727,1.1250614831722,-0.91365658990248,0.531457834745329,0.9289192054501,0.597779371389393
6,9,-0.457176580059836,0.783026660057778,-0.00172913972703955,0.123052601447746,1.20601272545113,0.0183805777528637,-0.176423260624788,0.4133690364293,-0.35209933807662,0.384612443012911
7,9,-0.772568763331142,NA,1.7903926981228,-0.728847228245456,NA,-0.553204972048876,1.15914536079594,-0.984651360204133,1.04467591259519,0.267879582109702
8,9,-0.0436202820945107,1.02290688962501,0.834909616777241,-0.47786313405646,-0.703680945976805,1.24699084787946,0.512703563242312,0.758814067491938,0.0221449995831443,0.836919115492058
9,9,-1.34006384001193,-1.02563322209248,-0.723866943794806,0.536507047857082,-1.30657505092353,0.288717583205564,-0.0257621915440474,-1.03335120152068,0.176611642976487,-0.379493744151286
10,9,-1.90525825694761,0.236745441467144,-0.104912924094335,-0.456946015688315,-2.24320249969137,1.18160594813153,NA,-1.75101813694388,0.898756073548486,1.09990137595649
11,9,-0.233528421052437,NA,-0.370775182528726,-0.21683995208204,-1.79713088347577,-0.729946019823641,2.86752843405166,-0.613348730415109,-0.871221966403984,0.116927527275768
12,9,0.620492903584971,0.405771586430342,0.240218713303397,0.0998906156947406,0.17917691923108,1.33563497376855,0.220025310502635,-0.758365758700511,NA,-0.760185029582538
13,9,1.01882831281037,0.876145176136919,-1.13168832685662,1.42495196312387,0.449942622405912,-0.667998974833881,-1.57566881354031,0.108685834073554,-1.73642302865331,0.963003601258557
14,9,1.2251845756337,0.805181178408336,1.27248165316244,0.59741287878877,NA,0.565808484363476,-0.0303704013913739,NA,-1.62131649723162,0.268175850691665
15,9,0.45718195302279,-0.615699286465627,-1.86185593120413,2.3153496780622,1.37682217481531,-0.201183671530993,-1.12261534651066,-0.766471083188426,-0.723155079456688,NA
16,9,2.5517060282265,-0.435589816443166,0.206759551148078,0.81413449128077,0.199973638318829,-0.808924241159726,-0.912053778842104,0.773149992857337,-0.301696782197252,0.54796899758194
17,9,1.23178188643953,-1.35376293410611,-1.588771812092,NA,2.34085872497298,-0.416347355342811,0.941374191694827,-1.20074050817296,0.203254337617468,-2.08154256531367
18,9,-0.549721813602818,-0.308251352251606,-1.63399838348943,2.6060592841921,-0.0118438430205088,0.865233067631402,NA,-0.275956590031808,-1.67468625890931,0.885458379692677
19,9,-1.48722240838068,-0.0749581144234598,-1.09297614908063,0.225953441403617,0.00597853195281695,0.56068589921676,0.58300629024599,-0.521462222675321,0.0179311385033324,-0.666078754573558
20,9,1.47405599883943,0.997152291420196,1.79752436500897,-1.1128346247804,-1.19309612291252,-0.762939328592937,1.15693499321042,0.214474267104102,NA,0.545243664390318
21,9,NA,0.252743661735637,-1.18119216604803,1.85405344612677,-1.24127370163615,0.855959028554922,-0.696303541343588,-0.179920629741196,-1.89608966485356,0.35347007787856
22,9,0.828870393119148,0.376638890357356,0.571168114503989,1.15278164242601,-1.41378884974264,0.390162710672869,0.414782132639684,0.0193100014578349,-0.233942920328284,1.70386976378203
23,9,2.38649538600731,1.74557510501318,1.54512623691502,0.365260247575727,-0.23324703417627,-0.912584388352271,-0.633787398461458,1.65739277005043,-0.829056695316405,1.99145918427134
24,9,2.02934114680464,1.82225451380901,0.504922038433794,-0.27244810139484,0.313916058489481,0.204104497233869,-1.05718948039969,0.989629303128951,-0.482017707684634,0.650451654445787
25,9,0.13389955314873,-1.11455454354884,-0.373785698164582,0.130537710850849,-0.445020216864154,1.09675996465378,0.765116826233288,-2.50204036573952,1.28067230168112,NA
26,9,0.716648652498672,0.872598376110097,0.625227709954424,-1.62189754709181,0.194730652923577,-0.307086385404999,1.62980099717822,-2.42461927347974,NA,-0.738946780192328
27,9,1.51895531339202,0.230187935592342,NA,0.402225986675864,0.632356520914995,NA,-1.72248394192351,0.665036337064239,-0.123265977081745,-0.455701640347512
28,9,-0.0615771491838177,0.103792098777832,0.130448387817076,-0.333808029743299,NA,-0.0594139247403194,NA,0.230513033319698,-0.186100957258652,0.527394103628387
29,9,0.51324291236106,1.35679551885655,-0.00413642814561495,-0.242996780206448,-0.444717641189104,NA,-0.278427588554938,0.794841194959562,-1.07546851920628,0.784463141295006
30,9,1.22627963084158,0.0345077321335139,0.91417888944382,1.08785327810991,-1.07780736957066,-0.248207307912587,-0.775011440820209,NA,-0.689962405482139,1.08397192730324
31,9,NA,-0.601423961872097,-0.55375356662506,1.17528628137008,1.45777954294068,0.231815209462726,-1.25008509698544,NA,-0.423888309426305,-1.07715873592165
32,9,0.53990199111118,1.66730666237426,0.309592306742484,1.54751370088614,0.552562445571213,2.05185606827586,-0.497461118750485,1.2005070458724,-2.46468643010427,-0.968446920582928
33,9,-0.014284314436055,-0.460665643868974,-0.36325027340617,0.8417808056644,0.00915992198101769,0.408388363991503,-1.04172161440682,-0.477388846245872,NA,-1.14268236237558
34,9,1.03421462269881,0.864181357678482,0.296666149641662,1.72103626844489,-0.634200343731844,-0.0803247493921234,NA,1.04302399567366,-2.39208944018905,0.993714381082456
35,9,-1.22580363829734,0.63064372824608,-1.47289892203623,1.03073068715078,-0.756333236358892,NA,-0.688189891112595,-1.21920088625616,-0.245565658674026,NA
36,9,-0.269477880595459,-0.359752374490611,-0.334042993117626,0.10633974150803,-0.731236179252774,NA,0.18404672606294,-0.733310805924584,0.986792713370738,0.0415179035171948
37,9,-1.74482622515796,0.165766681547572,-0.732880174120488,-0.0186848121275966,-1.14076895434947,0.082171202007459,-0.649370875437491,-1.16657653554611,-0.626715575214464,2.17302374156845
38,9,0.68147926454175,1.45922151910842,2.41135842353553,NA,0.302253303289225,1.31028458857369,NA,2.32284672011083,0.879883930039478,0.244512774129977
39,9,-0.747934394261236,-1.43055752326347,-1.21761643952637,-0.304737211620353,NA,-1.31623865457053,NA,-0.980894524248171,NA,-0.0580782534449692
40,9,-0.301838182650567,0.230425295264511,-0.982222284269661,-0.137727609126393,NA,-0.743726418623436,NA,-2.2174320077981,-0.461273779568269,-0.298636344834699
41,9,0.0495139934615839,1.15041452527268,-0.0288173366404908,-0.310833983269414,0.123122890635405,0.33354033203853,-0.0268803584750195,0.77891060260603,-0.904721333755775,0.139648450216284
42,9,-0.0166680118705989,0.272048358476924,1.16290417173094,-1.95641545721998,1.39872167135892,NA,0.871391771432499,-0.666329267396505,1.23538463098769,-1.57999776515116
43,9,-1.51290355644654,-1.08396933522326,0.457019135132732,-0.424256994808695,-1.31959103818652,-0.502476106241318,NA,0.627603963686086,1.25898539034342,0.196766389611799
44,9,-0.913992756388685,0.139735896165139,-0.492461275082586,-0.249260993498055,-0.128893169133349,-0.445693351342196,-0.217716804636545,1.59061383093258,-0.248113096305117,0.524682419263056
45,9,-3.24784831407709,-1.03083259231206,-2.11520837506021,1.32652506554128,-0.071983717069265,2.0097711603172,-0.348324811735194,-0.718320009473443,-0.441020395793239,-0.459105554058972
46,9,2.22914968265154,0.681145508506404,0.674712321827287,NA,-0.714541604929919,-1.52834633124416,-0.302157783163594,1.21700257761192,-1.50992187652344,3.16234409789687
47,9,-1.27385780037214,-0.340989236753072,0.107187406016382,0.509081694636029,-0.717218261649608,1.87381851515137,-0.828546943143505,0.0261336253552222,0.218366241613715,1.15054293408415
48,9,-0.532319092549281,-0.751780730689033,-0.528975840791264,-0.10975505600117,NA,-0.0576494582140943,-1.39193531553875,-0.663887592773202,1.30740275840341,0.809933828990014
49,9,0.794432515361976,0.282633504033704,0.873420202871159,0.941502503352841,0.00504307649793541,-1.92014060790337,-0.780052352984262,1.5930886991161,-1.13100714856932,0.470436823161116
50,9,-0.545169799379868,NA,0.52491422508749,-0.851362953405301,-1.16462056387432,0.776181112867905,1.48072649285131,0.469640737170558,-0.0083028401763264,0.126588511065246
51,9,1.329476322054,0.480526807079218,-0.425833209873969,0.791111632758582,0.02008714338254,-0.379422541817597,-1.10369826403215,-0.399330810824455,-0.377311700531709,0.609012426990759
52,9,0.221041661249415,0.522762409512164,0.283850214933777,1.26128714582711,0.435091375387427,0.388599775744734,-1.523416232148,1.04914087021951,-1.23627947164883,0.0382426634563896
53,9,0.7240466632829,0.132441864312118,-0.244770664592492,-0.264469963795291,1.4592991695818,-1.25174976896744,0.324684917802968,0.476124714676416,-0.667607812203455,-0.664557947900273
54,9,1.64750890395443,1.09243966287862,1.32552720385884,0.222109583526235,0.774939725421186,1.30658760175232,-0.540887516808917,0.98215811292632,-0.362535041052102,-1.43892862120119
55,9,1.5281981426786,0.34745168770958,0.672859616353202,-0.340379812551171,0.262284012038265,NA,-0.988066196737063,-0.0513964443040747,-0.516326671626597,0.315637860675491
56,9,0.119674714136544,0.69650223351948,NA,-2.35282670260355,-0.56230220357357,1.14926453690903,-0.45708561150688,-0.64008867770143,2.04682752081647,-0.856826465040994
57,9,-0.918024211442919,-1.07017915182162,1.67069703737286,0.244674248515556,-0.171464063454333,NA,-1.76220877314712,1.20687677581352,1.4679817761501,0.551751396690332
58,9,-0.949062554057249,0.277366513854259,-2.0098687320461,0.931860164174333,1.19276130147339,0.820173893135434,-0.958146101334101,-0.800682385999758,-1.51993470690253,NA
59,9,-0.624100141375604,1.39715784723013,-0.0476534973899529,0.129875608179307,0.102866320461572,1.48702917985898,-0.923393345315245,0.475479691540495,-1.40136731815862,-0.641055193875595
60,9,-1.4542576343651,NA,-0.62335715706036,-0.553550703175425,-0.774174300666076,0.170773756749984,-0.184379064521326,NA,0.354992359530143,-0.00563968095254072
61,9,NA,-1.03339077445584,-2.88715594802569,1.65172832913172,2.83619232644335,-0.61853230544431,-1.13706998112663,-0.958001521633502,-2.43903624080354,-1.35246633109454
62,9,0.58475452177106,NA,NA,-0.830577154438013,0.203169222360002,-0.861583482790075,0.222609854810546,0.0410423616386098,NA,0.0938491261536539
63,9,0.654705578194037,-1.60330510410682,-0.366070610463237,0.716253843519065,-0.513553948523171,-1.34257940958351,-0.512305619122902,0.271142426805862,0.830079777524436,1.02217187669955
64,9,-0.194355182102621,-0.678362316251017,0.640346245423411,1.11942692751792,-0.649802050096303,-1.74056933190943,-0.0253630559254457,1.05595556110711,-0.818101634211548,0.66634449737529
65,9,0.908363722291422,1.88506286517416,NA,-3.25596224735234,0.929381819064191,-0.534773847361496,1.09960727066056,-0.390754270789292,0.179937589740543,-0.488320808503314
66,9,-0.664247413762351,NA,-0.0672082383042412,0.57686032216636,-0.939829777364097,-0.31473045909475,1.97360857982681,-0.0744143824644767,-0.632773864703316,-1.53889044341258
67,9,-0.310730431981254,1.72019568903424,-0.500246879623621,-0.228800566862707,0.459465179481824,-0.108598458899886,-0.361010474737225,NA,-1.24162623527773,0.847880275304189
68,9,0.298741274792071,0.522873932639032,0.746047801356133,-0.297788422778619,-0.882534184099035,-0.0461856034654624,-0.530248052100035,-0.593782812690386,-0.555774302021606,1.56254468828525
69,9,-0.446591557759718,0.516118371880208,-0.15248952664908,-2.3706005716511,1.08344159565299,-0.0535594132943077,1.08268421375809,-0.927336483467528,1.1441754803767,-1.19903774902448
70,9,-1.01314932998208,-0.456171193151171,-1.59862702038384,0.0993071112603245,0.583675305168926,0.474270460511951,NA,-2.07758904832644,-0.824850206710768,0.130663615301646
71,9,-0.172830366092031,-0.69242098536448,-0.00077812651454009,0.631754808515221,-0.758051783971536,0.363738934616716,-0.820924730137466,0.37120475794472,0.514363465723343,1.09151042108421
72,9,1.30835417102054,-0.292610781653273,0.0173206521614729,0.835253325850343,-0.986953945690204,-1.13632196794571,0.497413637867322,-0.0584960452611206,-0.621825754722811,0.226432398560959
73,9,NA,0.305800425384333,0.622631544569918,-1.4956736822889,0.354992221397356,0.413030024872872,0.481517653572194,-1.35564033076784,1.3622084654275,-1.14306992103492
74,9,NA,-1.39828443507271,-0.977288885967576,0.715551132166526,1.57224868738958,-0.713444892883112,-1.35966856304636,-0.807443351161628,0.524235046398551,-2.0393189970889
75,9,1.45307875641908,0.203639569443596,0.467114969277998,0.853342750368593,1.06273944190634,-0.276885029458722,-0.855395177592222,1.5635190221791,-0.74822215735162,-0.196497652371205
76,9,1.14083635482896,0.236139600831182,-0.0958258751548572,1.21023033818583,-0.394033884326115,NA,-1.75687336889952,NA,-0.304180347153792,NA
77,9,-0.299151982897234,1.0996577400586,-1.19610715185731,-0.712339596739282,NA,0.228196316884693,0.00721523768948801,-1.21089821983972,-0.626721351144085,-1.13269145431323
78,9,NA,0.999929722933783,1.68478325805488,0.149545598399569,-0.819204217685743,-0.710003573256017,0.0925548850329664,NA,-1.30197531181829,1.10943063922145
79,9,1.18602165428419,2.08148352008293,1.21639296656175,NA,-0.000270124350736437,1.61820347009264,NA,1.3246166622023,-0.893147585694241,NA
80,9,NA,0.792329420816296,0.163901499449652,-1.44246110946925,1.06777185164746,0.48044068361983,-0.868929177930724,0.247907386392988,-0.900464316738276,-0.136576193510195
81,9,NA,-0.684973894983666,-0.277694428836164,0.231312413165011,0.119771204476963,0.155283872059901,0.0207553468725482,0.0423082930819193,0.244204881178766,0.530109347047033
82,9,0.395639673601395,-0.0927078905777557,0.694758060129516,1.57302597979598,-1.01933526714389,1.40048285902384,-1.49094655219032,0.471970071718728,0.0528385193644252,NA
83,9,0.434527645058851,0.815935498304489,-0.677528834143796,0.584071291778932,1.70538451007349,1.31984010485194,-1.08586727224615,-0.0550767720339772,-1.25903801781295,-0.300286781986817
84,9,0.954421698398624,1.41415821957308,-0.589905609495014,-0.901498429518447,1.91024382596517,-0.369659286542736,-0.196368787003405,0.932413381301984,-1.19033837846873,0.111389850627291
85,9,-0.255404873703059,0.591547016601221,-1.15209425040158,-0.126316144573744,-0.621894507210674,1.07191869392167,-1.34862189386145,-0.170360112283924,0.34233494167734,-0.627560176141728
86,9,-0.379708449490826,-1.36319582550305,-0.462689885922603,-0.211884941117884,NA,NA,1.39800537739792,-1.65268682753454,0.418676385202407,-0.877607066014385
87,9,0.514799392437786,NA,NA,-1.25996787888108,1.05048970017541,-0.69677438793093,-0.775324718555192,-0.13199593317254,1.25204555393755,0.710870656456743
88,9,0.489150613733077,0.903325423544982,-0.597258943732115,0.51529143761074,-0.466902687773156,NA,-0.191615878516619,-1.37106547481937,NA,-0.669166989735054
89,9,-1.07503243015263,-0.156482803544559,0.346203314548198,-1.21423690307313,-1.15357027788857,0.369863416971718,1.86993989234443,-0.258890321933077,0.839700651559807,-0.369675436574316
90,9,0.324127841550701,NA,-0.058434988752709,0.378672771243673,0.720261931463699,-1.08918081891833,0.661519421762088,-1.2089547611104,0.0967490450525878,-0.239241120794143
91,9,-1.61474474269603,-1.1607725457029,NA,-0.449340717013467,0.806631655698123,0.30922719166843,0.294506790619981,-1.36838679126363,0.788557789913033,-2.43899280987551
92,9,1.16690861453351,0.80158865090048,2.33300737116071,-0.584861158479859,-0.91445871873064,-0.421512821021128,NA,0.756110304356268,1.03194960175191,0.872976937156188
93,9,1.0614223166268,-0.115747035772386,0.273800125394581,-0.330815853070254,1.36294999838516,-1.27238663450835,0.697413475716076,NA,0.203598391564147,-1.21368676967261
94,9,-0.652816670283546,-2.19535856817577,-0.155720046621497,0.161353131413749,0.0264627544145244,0.131016393731831,0.978134548837873,-1.43132200528652,1.96168962327945,-1.53477587379
95,9,0.497228446240113,1.13456351658286,-0.359251077887117,-0.445656706151039,1.18504765744464,0.166064015104178,-1.30197230290394,1.06241097597206,-0.345105360186766,-0.905155256929719
96,9,-0.359048323587887,-0.857222825756573,0.51053905253469,0.660954932077822,-0.462142769596817,NA,-0.165409133307826,0.420472932161793,NA,-1.03893210751318
97,9,-1.83929688734237,2.18335610663055,-0.459053597185399,0.427759982331067,-2.20488199859392,1.82424068425518,0.538091158125451,-0.626993841405064,-1.11159088986107,-0.124117007048017
98,9,2.93062308811286,1.40716388570353,1.12892484373255,NA,-0.0586013725541418,-0.700214941563039,NA,0.245378545072887,-3.08261464550789,1.16474094643968
99,9,-0.95337606781038,-0.531407124793323,-0.483551228460552,-0.6388160856336,-0.471196734157137,0.498556258222596,2.04142435261165,NA,1.51390033733689,-1.58355471169582
100,9,0.234024743133155,0.934086362330191,-1.33622392013318,0.825416042257202,-0.631890098873698,0.28755625776587,-1.33923014600306,-1.41147064321951,-0.797242333715218,2.00637408617673
1,10,1.40413548370082,1.27413910121755,-0.690922662539002,0.521259358692007,1.11275698951947,NA,-0.268252535044188,-0.045774324016921,-1.64027159540946,-0.895284377160183
2,10,-1.58783356318879,-0.0952033693118395,-0.535909884084983,0.108456384419282,NA,-0.0406126340759583,-0.405071590485123,-1.11985569712455,0.026133010544442,NA
3,10,-0.164238423125972,0.278084435900547,0.519549249772302,NA,NA,-1.49058660582915,NA,0.725957426355986,-0.0793695283363493,0.891553163974078
4,10,0.805724596423686,0.654574945316736,0.412985701841965,-0.231510760575699,NA,0.49712958826256,-0.972480568304984,NA,0.504351763688145,-0.130028453293566
5,10,0.280160267726028,NA,0.674485680444062,-1.36884901369,-0.39224986672422,-1.30263875608788,0.41535448206178,-0.261007468732847,0.923592614251029,1.76962777336993
6,10,0.429651538747296,-2.34145821916395,-1.16659270813095,0.545804200808229,0.98912565127094,-1.35706622113352,0.058185382039325,-1.76355301113426,1.14692460206381,-1.38435562572449
7,10,1.03029540364486,1.01557123134876,1.71587864988872,-0.20902784879254,-0.684187225020796,0.22565518061519,-0.638902762003334,NA,-0.0886664923258701,0.463342096086874
8,10,-1.65660816160847,-1.60580049039444,-1.6778306992591,0.403769671171463,0.0828519266635869,0.754630135951815,-0.221776580972316,-2.45016765528155,1.13430169387919,-0.217802811816507
9,10,-0.954553981453364,0.495045693201782,-0.764244894185641,0.631818369273432,-0.431239067072691,0.378531242135904,-0.667841748025918,-0.0721948674899452,-0.840129267815784,NA
10,10,1.2296821320488,0.804279650229352,0.75571073854933,0.203908638565884,0.205180119870016,0.655235389482663,0.460226856864177,-0.00702708478069399,-0.765744710605327,-0.469992147342629
11,10,1.15749558962558,1.15780900212652,0.383526024062462,0.534376543533231,0.708097468107736,0.481400494333303,NA,0.971283274428738,-1.64809098532664,-0.0137884095192328
12,10,-0.434270421614356,1.50066606366727,NA,0.531922900158201,0.772038413182081,2.83114993951925,-1.04567374016358,-1.0817162354182,NA,-1.31834217284026
13,10,NA,1.36436148733559,-0.795952570177051,-0.341535866960019,0.61465238902871,-0.288242409698566,-0.374969568688406,NA,-1.05965838398889,0.935563105479072
14,10,-0.998606166458632,-2.72361705433878,-0.75904510295589,0.595647037615239,-0.740454503668088,-2.13011097551709,1.47313045804931,-1.68555590513637,0.989360995343686,-0.226021174257464
15,10,-0.464964746038962,0.359508077374099,-0.612483399833846,2.41357318079768,-0.791760602084563,0.439523583808008,-1.22620890870512,1.84741793260678,-2.33668258352601,0.725221792161587
16,10,-1.12516766022007,-1.1826145779958,0.74110519787225,-1.9433914023365,-1.2060331379443,0.822118318308442,1.12402789622476,-1.43465425153898,3.37272315078225,-0.201110874726198
17,10,-1.32436074140535,0.319423090105821,0.798925694520994,-0.730607732963266,-1.60728894591765,0.956482541372753,1.57766342722067,-0.731900206415067,0.219168639258128,-0.139255826537343
18,10,-0.773369628050347,-1.45646124110507,-0.150471823002025,-1.21856199069185,0.902632587537563,-1.6832311709399,0.937222881979791,0.160009433774411,1.36922680341126,NA
19,10,0.241066345848318,-0.783359089991136,-0.581028497571035,-0.893728573215283,1.17514655628385,NA,1.02636926636012,0.815636852487503,1.11892403931008,-1.98940222668228
20,10,NA,-1.04307207160278,0.214552798322258,0.194747865729082,-0.0199230264194592,-0.54963661999584,1.77841726552012,1.09719338410303,-0.644634511514154,0.175865034953422
21,10,-0.025335609732609,0.97212236441923,0.382125063416015,-0.37581624369283,-0.726779231809975,NA,-0.766204246324794,-0.424031961066202,0.0560116139521546,0.578915983884003
22,10,-1.32518429041053,-1.06360783495282,-1.48095778554604,1.94782800861521,-0.780138766759818,0.659563900547485,-1.26442211456273,-0.337804310068384,-0.409316389084578,-0.436735815538951
23,10,-0.863848277845563,-1.17603275482038,-1.16595713682106,-0.0104459891608064,0.376694874488654,-0.395886197578021,-0.0100099709300941,-2.15520465128031,1.06382202133643,-0.814582519036793
24,10,0.418986022504723,0.231190387989364,NA,0.541107897958212,1.57120958354385,-1.14383966346692,0.344626830782449,0.648562822127528,-1.81483003697683,-0.538944703566745
25,10,0.205449176677829,1.10779468102682,0.338602689458443,0.691980562854064,-1.51457370065696,0.452050562148524,-0.76269285466465,0.584324897489063,-1.03230681026696,0.705942574568618
26,10,-0.109126798724807,0.0900462602216337,0.345220420714733,-0.103118912905296,NA,-0.918937798181321,0.420712732273181,0.610426629980646,-0.481172975848619,NA
27,10,0.361765520617174,0.542738379866153,0.28057626572613,0.328043038035891,NA,-0.242604840297124,0.763862400289722,0.501601842357267,-1.09452107526838,-0.86029267515897
28,10,2.23890092758311,0.273866019918878,1.04533031218015,-0.264986808095758,0.639528493913704,-2.19084155085333,NA,0.675858400260699,NA,NA
29,10,1.0757571681543,0.601858684143454,0.275942335041867,1.08053100521842,NA,NA,NA,-0.0532269704547314,-0.933400192169309,0.656408723600931
30,10,0.161090244871581,-0.58622890276182,-1.76606525750557,NA,1.66761772171489,-1.50839504514875,0.477450853917809,-1.40703652425406,-0.300036247415997,-1.03972517137571
31,10,0.505552636716068,0.284464579805188,1.72791714589438,-1.5216612508425,-0.554055492991924,0.0142305959027788,2.16788712139602,0.122213752033824,1.06879947908133,-1.07239308593649
32,10,0.928076458456529,0.155295398560387,-0.492398371689465,0.82389806793926,0.678734323392998,-0.393018437743021,-0.791453254154064,NA,-0.875082217469699,0.24130246599917
33,10,0.225632272190425,-0.264026159509286,-1.68729741666357,2.23882890747175,1.48014824937469,-0.487477863449182,-1.9365931444477,0.27136785721347,-1.96282967260248,0.609845441862789
34,10,1.03959821496306,0.408560971361843,0.482490048842876,0.0905986345669668,0.117729492979564,-1.0594943679189,-1.14791149981059,1.057049917044,-0.431105845356268,0.180433503179507
35,10,NA,NA,0.548216518353809,-0.109645669521448,0.366632659783943,-0.473475999495376,1.55408801277375,-0.117100979624377,0.614342153706951,-0.647233675492897
36,10,-1.31214846814522,NA,NA,1.18320794697234,-1.00820299421832,0.352223919569828,-0.462799524589606,-0.618542509822821,0.782630206848911,0.597955012533543
37,10,-0.0698625439940989,NA,0.535906709420864,1.42339883655188,-1.78604994963075,2.01764457015265,-0.50314542222845,0.806880288221002,-0.54099182498232,0.176936918393623
38,10,0.238254377752533,NA,-0.0042556172681445,0.136573032923308,-0.0630669932670862,-0.182273043005189,0.937947656351139,0.508127836696236,0.186990780300195,-1.17660674321597
39,10,-1.35998880542327,1.4103776176305,0.0186573506462681,-0.566303415654514,-1.03963014839955,2.12845834709007,0.161996577577128,NA,-0.0561733245904068,1.12925453815381
40,10,-1.62862338350576,-0.73049624039512,-0.0254498272369794,-0.0202767691493544,-1.1451028871148,0.149468502185627,1.62850591240775,NA,0.150626820619159,0.711836686737661
41,10,NA,-1.09300287914248,-0.0313786399716123,0.57960526535672,-1.9337146444228,0.607986335856793,0.666989642184938,-0.78755457409049,0.692389200471023,1.55315178209457
42,10,-1.28928212189504,-1.36196287884123,-0.920683388998374,0.79871289917541,-1.08985733829435,1.01971825216486,0.413503125184024,-0.646718063901959,1.07393849096356,-0.107511112937614
43,10,0.0675458992659024,-0.74290859607149,1.42599841155467,-2.2868510275716,-0.130812168153086,-1.2160213561354,NA,-1.04782094552525,2.48311480746293,1.20058390771471
44,10,0.242933252342056,0.0210321569080965,-0.139188579223539,-0.0298863044061012,0.551851810255714,NA,1.20975120019633,-0.169481022440891,-0.528213381768875,0.675478448578125
45,10,0.0512441321779558,-0.172925042540092,-0.0021933064345143,0.91246159991198,-0.704745590484804,-0.41759211332124,-0.574812163378685,0.504665338508191,-0.249540175059988,1.29183368692288
46,10,0.885585045332459,NA,-0.00699031033092789,NA,1.63940403443039,-0.732694997902044,-0.372245114030424,0.552055350508532,-0.323444108862107,-0.474337823565455
47,10,-0.302073073128926,-1.25780724963564,-0.0162378781717429,0.180301615115455,0.183505335068267,-0.481582299485001,-1.15270493129589,0.657543646691672,0.887772898725862,0.0366436635569476
48,10,-0.334974427378685,0.817684444533917,-0.321423593900134,-0.597966213253831,-0.175466682898812,0.0842091112762006,0.00597683503861174,-1.16487841603314,0.129663057765425,1.01823241797341
49,10,1.24073634342459,2.33328778142547,-0.717754697455981,1.85822890340301,0.053119591705737,0.821946959674352,-1.342138838631,-0.124628561567927,-3.1972348778588,NA
50,10,-0.632341775952823,0.940516373316148,-0.148687690616426,1.40258530977615,-2.09159004359492,2.77901506572818,-1.00952167444736,-0.727132370590492,NA,0.431601520232468
51,10,0.597068007812748,-0.754442737910575,-0.162730475555977,0.764819747066105,-0.221066268863883,-0.727866659466153,NA,0.0936045506108989,-0.0962797540078251,-0.102190736960006
52,10,-0.120790712394727,0.534752095925319,0.441901756103415,-1.94960389326893,0.664142557433549,-0.0842655013374765,0.702316556721953,-0.0377137880577897,NA,0.0707753592330713
53,10,-0.569757665420033,-0.0853165935265269,0.47950256957488,0.408970382927549,-1.14088955017614,1.1230679145388,-1.2360119167632,1.22711092401879,0.585025898257064,0.619457364024055
54,10,1.34807248980861,NA,0.440185036065856,1.51371648266514,-0.0359007192783873,-1.62782599930025,NA,0.690856106811476,0.205353272968663,-0.47138439930485
55,10,1.09122799583258,0.42767193163939,2.49232414052889,-1.10038687462956,-0.903335921929684,-0.464447243260121,0.894652644116274,1.55515965770179,0.70727422374469,-0.461146176898777
56,10,NA,0.444977925673859,0.467257523337495,-0.412000067712465,-1.4120464468788,2.97502676485852,NA,-0.946895239915048,1.01408106969948,-1.92937945564579
57,10,-0.708741915246629,NA,-1.14174628278526,0.592504985819574,NA,1.25457432611514,-0.61570685921885,-0.250783036668255,-0.604631540987527,NA
58,10,0.651622124502977,-0.730711466407096,0.557375841628529,-0.485758557591983,0.899448078131871,-1.1461928207903,0.687409139008927,0.925444180517114,0.445059393017191,-1.39983934413021
59,10,-0.681195688249995,0.518313593772538,-1.18739366675953,-0.88823033556399,1.71187351100882,0.442185495483114,-1.45030428181751,-0.495868603887178,0.197273682666565,0.207004916548502
60,10,NA,1.07173173077115,-0.698271838324082,0.748529757935073,0.686982879765488,0.526618716956779,-0.924865744494134,0.722676207090739,-1.84528944046893,0.168155558179869
61,10,-0.458712975823165,-1.33146104307899,0.588945450279143,0.228329431231989,NA,-1.5178673865996,1.69089120467476,0.954130895297489,0.553183796069023,0.313373386873233
62,10,-0.364659063703003,NA,-0.438076702912852,-1.01881762959952,1.65082475968923,-1.02071923726487,-0.246359921764059,0.946732503277652,0.233895147315766,0.236771332014774
63,10,1.0492898135695,NA,-0.975513217607397,2.09490191857252,NA,0.503873657378991,-1.10972611750846,0.790028768345043,-2.07799865247242,-0.804486705025321
64,10,-0.299731341926901,0.332382983203319,-0.604625104559073,-0.757287347073455,0.737233532925247,0.580109281712559,-0.399318477891116,-0.682614322892151,0.240699294284465,NA
65,10,-0.129636770624102,-0.416704199644941,0.133555988076407,-1.53403748889368,0.236551974263346,0.802942033145806,2.27653191245012,-1.66367617318536,1.64323357179675,NA
66,10,1.34258599631176,-0.254325534675223,0.837714660024968,0.769312540650003,NA,-0.233503617990736,0.685074266779901,0.150078116009213,-0.317130298878884,-1.66033604559634
67,10,-0.0368930630443749,0.185617006473776,-0.191738651716511,0.101450671090262,-0.353256395783659,0.575001894044595,-0.0972280784734092,-0.93796008839705,0.207093980142688,-0.852936536467787
68,10,-0.491003701061308,0.0418291112800745,1.77783156996154,-1.12681450065598,NA,-0.20402711383816,1.10343521160373,1.61197779825414,0.693872926618556,0.162394456872427
69,10,0.774669693278093,1.17790809546177,-0.245879991083782,NA,0.409047907886387,0.815604286631317,0.112732932317092,0.410031738716038,-1.40280479913137,-0.796129357573685
70,10,2.47546224754649,1.29906409502837,-0.344945788269011,NA,0.844117913282341,0.502689012479594,NA,0.418952480461754,-1.84884494729344,-0.968602483921815
71,10,-0.653472684581099,-1.55054561359446,-0.0365328204202949,-1.11498664373908,1.20722185163691,-1.53798122877526,0.243688269280204,-0.0960524994283981,1.19570786614208,0.657999738543858
72,10,1.47768624519274,1.54411602168729,1.26079545151193,0.00219356483465011,0.0792754761122518,0.267883872743322,0.207567286474152,2.17343636188746,-1.12699490243572,-0.628450645151253
73,10,2.19329795035084,0.64544200052128,1.41333285446729,-0.354073763808388,0.45671197671505,-0.922249381647919,0.990298778887354,0.74633387876044,-0.445981517002923,0.286831221620131
74,10,NA,0.296488189235362,-0.316539229907962,-0.677979787194799,0.593692525068568,-0.0983330779517188,-0.173374745425732,0.103770837019172,NA,0.175206445706984
75,10,0.295589304146373,0.219179628784385,-0.237594461795972,1.88009671547231,-0.325547099933243,NA,0.235256904185997,0.110257832043224,-1.94835080885433,0.867718754516588
76,10,-0.486904840259279,1.80562213025092,0.978823138204709,-0.737273162660024,-0.539917579430818,0.146489719050786,-0.19789250286805,1.32317787902722,-1.35245771949056,1.18648951274239
77,10,-0.371399106839882,-0.903434548128527,-0.639173990409689,0.351398883412922,1.9563846272802,0.574677238005438,-3.33396307903689,0.100382142982419,0.577694372412512,0.963240901252654
78,10,1.14276804919479,1.16961580682953,0.620027482223037,0.885817435924594,-1.14806529339449,0.1995403782651,0.271383995253129,0.171711211589645,-1.17473949223716,0.845113950389418
79,10,0.122476074884573,0.0514194080170133,0.0827026918552528,NA,-0.243789034806663,0.203578739878558,0.320163108461747,-0.682477342168659,-0.335819272038083,0.455179473453945
80,10,0.792128625062368,0.931399473657094,1.5301128982939,0.994908428364276,-1.30524252343283,NA,-0.811032520914114,0.750868844765107,-0.919730134256317,1.08511297898624
81,10,-0.303024683092115,NA,-0.302100106581465,-0.516140864662646,1.00144504289943,1.09146671608538,-0.591011195595105,0.336960956755457,-0.226397494451687,-0.142008846829327
82,10,0.602474997620119,0.865401566465249,0.120819103599477,-0.038291419821479,0.802923172629801,-0.531338943492656,-1.36725064268359,0.633911642415685,-0.96596687787884,0.910903619106125
83,10,0.753681161372717,0.720167451093657,NA,0.413782301654232,-0.51006532974151,0.406404144510374,-0.534545663946983,0.338771991860163,-0.678619803456997,0.4663569581174
84,10,1.65140329733073,1.67212223309946,1.37237126200311,-0.261175721159674,-0.112882554742662,0.348390478102297,0.136013726070319,1.48568015715778,-0.814599507875161,-1.2417498334492
85,10,-2.41907764785636,0.395895807327899,NA,-1.14280204624127,0.751474134083631,0.0769133054619737,-0.0957214309210376,-1.30354045103636,-0.118504285633946,-0.453909947298873
86,10,0.434747243104603,0.302891765583818,-0.277714244661185,1.01773541630081,0.499472989992846,NA,NA,0.114810462942835,-0.75188192695311,-0.462045190792707
87,10,0.592887115543192,0.82523583215144,-0.105780688037506,-0.0875765941395006,0.975699926110114,-1.29633704004058,-0.722832810392251,0.96356657900104,-1.03012660073935,2.61603729918459
88,10,-0.878911374952239,0.745288377126653,NA,-0.921283646342617,-0.386143496979968,1.35781019406343,-0.536602998843793,0.252490218162042,0.747799625307929,NA
89,10,-1.33777905649325,-1.27288975730565,-1.44679922826526,1.35685558908822,0.195325638616885,-1.34487669608327,-0.450267025281096,0.110432342225883,-0.988070249082809,1.02216570828957
90,10,-0.538994615982209,0.249498316559896,0.749869640608925,-2.28053061034704,-0.627873183871562,-0.385049937414572,1.46591817563577,0.21676040748029,NA,NA
91,10,1.50988756781173,1.00312139923336,0.486442141618404,-0.754229572436803,1.2532594746753,-0.722956663350272,NA,NA,-0.555577589736793,-0.452209606214603
92,10,0.130155754074458,0.078306677787709,-1.22830656370257,1.10535409039106,0.895484412993503,1.27349396880172,-1.69957876179896,-0.187033524198903,-0.604403904110537,-0.937158173609113
93,10,-0.384814186536363,-0.489199604298718,-0.453702949318299,0.48053143910597,0.295580424703252,-0.572044191331554,-0.234314594203004,NA,-0.370923545958765,0.19230262594618
94,10,NA,-0.896804697450412,0.628740740106813,-0.514779329877099,-0.984494159749798,-0.64146835914605,-0.256657704703033,0.288307719848854,1.59810581349462,0.688636863368776
95,10,0.651627518096285,0.817086922201961,-0.0696563316877926,1.41738519681158,0.535483434862882,1.06902838504373,-2.1014191389959,0.706775248189125,-1.72376610402167,0.605182929269527
96,10,-0.328703831773637,-0.381176464759292,-0.473991521346159,-0.108164261062617,NA,0.405938335709693,0.158476373698888,-1.16204694061358,0.713517927185984,-0.0320441093165547
97,10,NA,NA,-1.92519233249417,0.41126971342294,-0.0145496625754259,-0.711635290460894,-0.0997189008897916,NA,NA,1.03592967470069
98,10,1.68776045221373,1.45960443455258,1.69402030384705,-2.11192991879609,1.11283918661516,-0.580781322724688,-0.659663435708642,0.548324937253415,0.39526342830392,0.173448728234242
99,10,0.764482437185145,-0.0832616831803184,NA,NA,0.14512859434665,NA,0.319792015333555,-0.0388213293027698,-1.9446624536627,0.538446207356653
100,10,1.60047357413956,-0.933271354785348,NA,-0.197962040259426,0.962612956970902,-3.06590114374076,-0.037522391840147,0.991081488590946,-0.0552174465242139,0.665430527183706
