"id","time","X1","X2","X3","X4","X5","X6","X7","X8","X9","X10"
"1",1,0.701637427172776,-0.818226276252346,0.729963095327858,0.36708415299675,-0.14601521520893,0.466126017455317,0.0180346262802325,2.05886463949495,1.65700657546173,0.072706778714634
"1",2,-0.616952028554036,0.414313973583708,-2.06267381381104,0.353212027344936,0.576556374858955,0.449963628537144,-0.656582360353413,-0.883796158772669,0.571247538537708,-0.11160291406082
"1",3,-0.41225112519576,-0.246523702651602,0.318757965516531,-1.50688640331749,-1.75445366897561,-1.21040784619525,1.38098150308041,-1.12701516339005,0.373080224891222,-0.0833136698205632
"1",4,1.08743112555211,0.79622543990839,0.00778320124699572,0.0101986786702593,0.774702637223095,0.185888094400086,0.957946571256936,-0.0446291785241307,-0.0587541940281043,-0.0315397227505487
"1",5,-0.87037276933773,-0.36678959466757,-0.456125985289547,-0.825554063585586,0.116020168892489,0.0979673154891383,-1.22764108903871,-1.79775660470916,-0.758117354280878,-0.0998074358591708
"1",6,2.4678116912009,1.76283929483474,0.958803431694349,0.492329874433303,0.449105807122318,0.606384427592997,-1.09389231040745,0.0154679210358001,-0.899865858543818,-0.165954069505269
"1",7,-0.138544522801919,0.435625865370503,-0.126583099411051,0.378114756885812,-0.165944368910656,1.42766092604935,0.835005446621116,-0.190420861269587,0.264616537404804,-0.0432329599786128
"1",8,-0.0141541978595512,0.163869351940619,0.121145419132679,1.46109738231011,-0.293057848742645,-0.275217760528551,-1.54172026336198,1.6265335836985,-1.69276981290389,0.0417122212507487
"1",9,-1.04936279538736,-1.9654168240648,-0.658726454874647,1.89512712486419,1.31199306231352,0.579199049162093,-0.721009831010679,-0.646684891213154,-0.0142050143597559,0.0368437516192575
"1",10,-1.22004577793056,0.494914469923307,-1.23164806296348,-0.0914490231020495,-0.34420391680531,-1.78914692886906,0.171138025418919,1.36136886452934,-1.0498885025384,0.0249462082490234
"1",11,0.426999864168397,2.15603470243678,1.42569827539597,1.30473916489879,-0.733315433149144,0.999381891486566,0.0313428114662711,-1.75516409155696,0.36351924242181,0.0360455825193155
"1",12,-0.677175713562609,-0.147044356616974,0.502103880243697,0.143512689788586,0.336616965591402,-1.14594808220131,-1.75948488928044,-1.67378143470998,-1.65067649760292,-0.0446866325327469
"1",13,-0.59132164182066,-0.137672467030039,0.252754245381547,0.949625003127161,1.3059723357355,-0.159039123306605,-1.4017553790195,0.533363390476141,-0.830125330141525,0.139476794489264
"1",14,0.446832252262984,0.989501826697345,1.14706974570481,1.06334583558286,-0.686112984671935,0.469410473397485,0.929327206020797,0.499769408247945,-0.461079748956011,-0.130315793928881
"1",15,1.37150169268018,0.496157735838226,0.818899438033667,-0.757101748669305,-1.35089643508729,-0.475263560512645,-0.534696206077129,-0.399873149462961,0.513726499249143,-0.0279096763972081
"1",16,-1.03064744233138,-1.00996124756939,-0.727787595344025,0.901778745728815,-0.267958610990552,-0.782911184980042,0.0874423718589844,-0.290684650308008,-2.31784135333983,0.0526815662362286
"1",17,-0.37047734168205,-0.35906544362145,-0.00916037375028247,0.0538925333728607,0.230889665239914,1.32360563040104,1.6015268062996,2.51518590113639,0.164779013140796,-0.0601231954354038
"1",18,-1.28060055141725,-0.94161894311969,-1.16478957595757,-0.950555041697861,-0.645095453117024,-0.490584125748589,-2.70246503867518,-0.845116984033618,-0.234670369360272,0.0221588295214839
"1",19,-1.82169343252126,-2.01677655610357,-1.85270784854129,0.27259116632773,-1.06954952574804,0.793566227743021,-0.0910525405854806,-1.07203874493149,-1.40063467958379,-0.0209314171431604
"1",20,0.735673090120717,0.880606536903435,0.819627078263176,0.546583609917496,-0.875103052323703,-0.884257837201147,-0.249045242942507,-2.66723219611858,-1.57887103798667,-0.0360973219141933
"2",1,1.48013694690841,0.137002274149082,0.51379492081779,-0.665696349303344,-0.599735610962408,-0.756327743057634,1.44416816701695,2.14785299788573,-0.515664277695018,-0.0651956368934003
"2",2,0.171516542001602,-1.49107985783606,-0.108667487815342,-1.17462018961846,-0.711400456477925,-1.08364962791267,1.19245118261333,0.56235980454158,-0.82132158986898,-0.00727546169215163
"2",3,1.87830873595816,-2.27141367664562,-1.05672645046293,-1.11691982774494,-0.900389062401274,-0.590698633929874,0.504464772202462,2.15249800245158,-1.22223945809343,0.139267860763621
"2",4,-0.711481022488806,0.517030567370426,0.109519159731618,1.14006839943103,0.428877359760566,0.49905902265252,-0.367286762316166,-1.93800752331772,-0.324923473251489,-0.00200811856980516
"2",5,0.843799028631548,0.250238227236921,1.47898899924613,0.500264403106889,1.85646113716564,0.970366343096529,-0.993273396783661,-0.217015743514573,0.279034143976605,-0.195722192842546
"2",6,0.708824782506275,-0.300874702655828,0.859982059787483,0.330570422099087,0.0499312849978761,-0.577321548271375,1.84267687296142,0.603604364516976,-0.00975961752316518,-0.0811772018164791
"2",7,-0.914579406782325,0.166026863196012,-1.13939311836127,-0.356332141029021,-1.00116295839882,-2.35275244770748,0.606823089831723,-1.00680721012582,0.86543365967325,0.112103186384779
"2",8,-0.510395338691713,-0.916682117781339,0.105686774062621,0.00660788249829927,-0.491279419176498,0.72011056878664,0.076821665176273,-0.970570830153947,2.24527839524548,0.138160897614058
"2",9,1.21921293546496,0.737002260939816,0.497079844323845,0.995103422774785,-0.124332863515964,-0.603152734665536,1.48243099439299,-1.3824193611604,-0.511509593205481,-0.0191148080006577
"2",10,0.0320509782628549,-0.643070479150239,-0.0546522063985316,0.539554207080633,1.13282134603625,1.5382584040647,2.00482959519035e-05,0.409016237436941,-1.25580610694639,-0.0567703068246848
"2",11,0.828951752377222,2.03851391635716,1.82932160086644,0.224192059613225,-1.38088690553564,-1.69354060230635,0.326976724496104,0.994705957139731,0.933253820325183,0.00342350569458476
"2",12,2.05748190311095,0.0823865047705809,0.120524710395514,-1.52399429272193,1.21379745930131,-0.227944944099835,0.677538063630111,0.369727839169864,1.45788518063213,-0.113992802299252
"2",13,0.589747104268918,-0.0790628096465553,-0.26891920718705,0.925499355979815,-0.616961666690594,-1.29377302240342,0.307168575151916,0.0980111785584413,0.807698446667807,-0.0199336955830438
"2",14,1.52914909583949,2.17965026000755,1.71230754910469,0.201262316772775,0.63108565924741,2.19789533620525,-0.334855023912062,0.903958267997823,-1.04752880711951,-0.0926546808677979
"2",15,-0.423147301818696,-0.852220998112721,-1.90292990739059,-0.420114988218621,0.141483063091791,-0.193166595697783,0.796423173358199,0.992754907812587,1.41353401915388,-0.0807703393995304
"2",16,1.4395636761694,1.97041039664722,1.54644538005095,0.37202727033755,0.313708744150516,-1.39571174429787,-2.67867408233191,0.789732299427006,1.28925245407551,0.0229448506270327
"2",17,0.430781141944424,0.519293581281295,0.474638460862861,-1.65633186406762,1.98969405945402,0.64687384265916,0.807009688867766,0.295643258080865,0.574513781305592,-0.00384400533496114
"2",18,2.21520423293649,2.56487960074012,2.86378668909328,1.33737746608646,1.13903201635013,-0.103269203025291,1.576979660968,2.33393353699729,0.988103777519912,-0.0616038370883768
"2",19,0.0439359800550923,-0.0672856058717151,0.397638289990317,-0.15947223643204,-1.11603254749574,-0.988004956810915,-1.3873274835731,-1.52117582326897,-2.04934668363038,0.130165322140412
"2",20,-0.279742458674379,-0.376661888061948,-0.247658267922547,0.392468605446498,-1.37217698562234,0.383915143680365,-2.10379541700889,-2.58190410132881,-1.75176237682387,-0.00526461484553261
"3",1,-1.62050508223146,0.768152557382969,-0.31497121869603,-0.151681731172819,-0.590286684684188,-0.416546918863134,0.177060871268533,-0.131766309709688,-0.397473932607504,-0.0907114195397379
"3",2,0.87303466904261,0.626949570624977,-1.97344115759339,1.44056570032303,1.75732001612499,2.14115021942152,-0.539449060233801,-0.393031684012987,0.582924334121922,0.116339197171015
"3",3,0.233324362552065,0.151510729342003,0.562655309974077,1.05114647956041,0.276090743718561,0.705181336723894,-0.723064897776509,0.0285634002819651,-1.98649928871303,-0.0410030224511733
"3",4,0.612408092413345,1.30913677410323,1.25504953819689,0.443558323750996,1.83481002324757,1.30547088992922,0.402247086857038,1.36288632365703,-1.87933531907219,-0.10031343741021
"3",5,-0.94317544063557,0.770994895030662,1.2398183062057,0.799330002004182,0.639546245684225,0.37012425603723,-1.11928950300549,-0.88515408020172,0.768339352446372,-0.162911473683226
"3",6,0.415152323869638,0.404879819479299,-1.1068816212479,-0.276245795173223,-0.733994212963384,-0.299093020123707,-0.121206844634754,-1.11692955661931,-0.255549805752998,-0.0478637556265597
"3",7,0.838116762566512,-0.859787414591519,0.191425689961416,-1.88241522577642,-1.43487486418942,-1.63894921988507,1.127517763677,-0.590005804646823,0.548407289700591,0.128036678556359
"3",8,-0.205906991306886,-0.0610238667542248,0.671700717813938,-0.265617168047664,-0.748056487117192,0.660560954959414,1.03493427331039,-0.819591000365671,0.611412034497263,-0.0712322783575921
"3",9,-0.601766892793645,-0.53714590583011,-0.637486735529316,-1.1049823247618,-1.00638817834681,-1.17109173093931,-0.96683163692293,-1.40295132811069,1.14626436511615,0.0818706361200518
"3",10,0.592485029311274,0.57069119504678,-0.121950830223823,0.176985047415724,1.70959453586682,1.2668652861475,0.417445308495458,0.92443630912827,0.306145648018029,-0.0178995877767897
"3",11,1.22989060197879,1.54892740246838,2.22962633598437,-0.341560762828762,0.157158332891358,-0.269268363854664,-0.0769531662440006,-0.898410696029053,0.331068529656722,-0.052505197777234
"3",12,0.927943563823071,0.58003843951515,-0.328768270400216,1.11628582858257,0.7196810389719,0.240739764116048,-0.0752304795811203,-0.502590066741777,-1.9341543106622,-0.00906527905528275
"3",13,-1.62299673499494,-1.82137082946843,-1.44077712725137,-0.420618237463281,-1.18841191291925,-0.930954001282903,1.65363993959098,0.324062188472558,0.970233502281331,-0.204965631659193
"3",14,1.17902572705024,-0.639871312147753,1.00166255228338,-1.13064669700129,0.588022354382954,0.716269894149876,-0.70127652647247,-0.894705744855334,-1.69693812332754,0.0686441588266423
"3",15,-0.159285655052222,-0.586463555672643,-0.27253852464676,-0.261331514048402,-1.22081413927959,-0.307196559597219,0.194270317594354,-0.839743817728179,0.112164653139402,-0.15273065863929
"3",16,0.142196169504462,-0.413300101568841,-0.713678789485268,-1.05048942320479,-0.501096507112754,-0.323664366880847,0.900581573184906,1.14327662424521,0.959741069817405,-0.109192184212565
"3",17,0.756082846472793,-0.0439608741439031,-0.271525018954691,-0.290312374673116,0.604982115753407,-1.54800305136824,2.38623978062356,3.09358653117795,1.78634719908257,-0.0900951744054201
"3",18,0.964537699511123,1.19295054627364,1.81957901835437,-1.02430781422348,1.47567155685068,0.306066807013066,0.312590135546895,1.17481882858344,1.0092687934752,0.105446386301891
"3",19,-1.82215346780198,-1.55905250318617,-1.65454630824785,-0.84438041596462,-1.38074171998784,0.300706355673918,1.06673768869977,0.348463953624663,0.0549074306836233,-0.082025342697309
"3",20,-0.661817305974212,-0.527976079736704,-0.55171824842501,0.380287439422385,2.88194782825294,-0.562406936112884,0.515406748315488,0.643237277189625,2.6247017741068,-0.099311661196533
"4",1,0.411446003636948,-0.894934696886933,1.22529343691381,-0.227996879379925,0.279912552535116,-0.0759446649530293,0.619470288685201,-0.0746667514259701,-1.7881016531125,0.203265327399098
"4",2,-1.40933041590266,0.220285311715018,-0.14625909717378,0.269926647781805,0.108335743077041,-0.553389813653429,1.57418309456904,1.20853414414583,0.234616442580106,-0.00796100720014686
"4",3,-1.06598141931366,-0.72269794327543,0.842436113458658,-0.318522008522124,-1.02491220302254,0.036111986346538,0.698582348152202,1.78314615977461,-0.168200750366056,0.0158555575992177
"4",4,0.463635929118465,-0.255782445305666,0.520429992565105,-0.801806608981474,-0.966842736929862,0.125269799723883,-1.3586458566416,0.0862086930954116,0.417920936306535,-0.252347151124541
"4",5,0.718298684919146,0.195875120007528,0.710842699743598,0.491996264529294,1.67822707468355,1.25896620868542,-0.503673047042551,0.613088865493105,0.833011770582162,-0.0826586559185676
"4",6,0.947293789084694,2.02638153924317,0.596543414976902,0.576017509495299,0.356082878360233,0.598315593942763,-1.34691669556804,0.303809228492982,1.77138614895905,-0.0330750174553462
"4",7,0.513219637565528,-0.70000778808506,-0.0275524890306266,1.24439420680128,1.66495991787859,0.905030652092007,0.141354884158324,1.35333276446973,1.35484902207644,-0.132022199584233
"4",8,1.20474374022161,1.27540660051734,1.33768743530499,-1.49464108641668,-1.30160026590547,-0.871115030726082,-0.742816791229341,0.770243127200981,-0.37268697490746,0.173965902278949
"4",9,-0.350739704331884,-0.138063453831256,-1.33935671562203,-0.415901088610215,-0.857447812837144,-1.23595061379741,1.01870089341953,-0.0181778607722516,1.67825044311509,-0.153142679579682
"4",10,0.313896210047646,1.8003957048143,1.36374698886872,0.549047633349178,0.635242058213642,0.412324020982202,-1.87474966700432,0.42022965986972,0.447932204838729,0.0372760076882413
"4",11,-0.991122526048156,0.155129448114139,-0.361955095302262,0.519083445533673,1.0377109206692,0.8455294705267,-0.998752998411745,-1.21075905432055,-1.43653877248193,-0.10952654056535
"4",12,-0.018518630980865,0.224158040780451,-0.771458722896594,0.805539588150653,1.33257167135979,0.450666198728239,0.595212917906516,1.11756419802268,1.46327831866512,-0.0959073772204989
"4",13,0.258001536669158,0.273183390746048,0.868828688711809,0.117172734420145,0.104598452272,-0.844799339359512,-0.0345717138931415,-0.367398854993736,-0.55190515785828,-0.174320167659319
"4",14,0.177808393021743,0.235289223473524,0.839631306435961,-0.253687481989358,1.98122858316903,0.28632872438674,0.190150077282173,0.298998910125377,1.84500235945197,-0.0047364311416267
"4",15,-0.389970366261305,0.156492135599422,-0.50396479723489,-0.035985100177985,1.58188958839263,0.530471112009962,0.333262737629244,0.588902753789477,1.05930893612621,-0.116199177731363
"4",16,0.2637534060417,-0.153171346559545,-0.0121877558332421,-0.93942837637384,-0.495677758056909,-0.252264024867941,-1.44984188312968,0.170927364461165,0.366522619955904,0.0460239067426663
"4",17,1.0267555050803,1.70380265343432,1.28161584830429,1.42162667755327,-0.816460329242203,0.810065440317146,-2.49132193423755,-1.36025528589128,-1.13100464574314,0.13642963092787
"4",18,-1.00564150427913,-1.33431140988183,-0.723700535739352,0.510072938371437,-1.20725465622128,-1.48277728386419,0.397214367215633,1.30987407254725,-0.809284601182269,0.127493322642181
"4",19,0.92286784009828,0.355364170929165,0.895776962285826,-1.3151420603918,-0.604135016216645,-0.264383829547726,-1.64177045018623,1.6076497874006,0.148081511851269,-0.0127657444171192
"4",20,1.28729325189607,1.24344595971001,1.37720314852286,0.323169563497334,1.00980214803028,-0.110667450828493,-0.593349255510479,-0.344153215098933,-1.22560925608938,0.0262634981455418
"5",1,0.932515311247403,0.0589236455096661,2.10161064842129,-0.397014039225525,0.222199673935502,-0.0538747836995556,-0.90023330348074,0.235627420624082,0.117500596587574,-0.0306955045974767
"5",2,-0.257051974396689,-0.319219207237075,-1.88948916599045,0.297647444080465,-0.220842408713308,0.127539111562983,1.57865266270987,-0.0119924161533618,-0.775901882464108,0.0378671125034583
"5",3,-1.23561253535505,-0.4270048188637,0.803766976793818,0.451707543762846,1.09332264082674,0.951250797346922,0.610474813798386,-0.477912024305683,1.67677726507385,0.108724212086314
"5",4,2.00756093576068,-0.783810283972134,-0.172028111249764,-0.151351965849731,0.383318162586956,0.606116402816066,0.47180151169868,0.579650537453014,1.01097610214972,-0.0279528275449973
"5",5,-1.35800140154108,0.0236817343633604,-1.19641466279682,2.32073638089088,1.66658299195989,1.98127103832956,1.03663926909158,0.479883432613714,-1.50682504772957,-0.159232074884483
"5",6,-1.27179142742144,-0.281681564819894,-0.568146681929948,-0.334847043864714,-0.026015838260694,-0.543884331888944,0.499982109723126,-0.32253451149026,-0.153117878077965,0.0362533124594382
"5",7,0.552289888853958,-0.167668747372171,-0.0608433218472043,0.171376955989542,-0.149710408003877,0.234044257118272,-0.0719911835730174,1.15434666993874,2.25002707268474,0.0269696858667515
"5",8,-0.183296957968916,0.74226602035567,0.505199625662501,-1.94039756109449,-1.99918186580664,-1.29185331131457,-0.553110095701859,-0.742251960715667,1.26827526875294,-0.033444343032891
"5",9,0.0820871461380406,-1.20688137875654,-0.229179354724591,0.615728516652609,0.874308745041234,-0.107301719454671,-0.929315338817789,-1.34994417178089,0.784838301613424,-0.0526664015762091
"5",10,0.729911085037586,1.26938824049823,0.994621153263986,0.160110684098452,0.155464100180342,1.25196918460942,2.42383942675706,0.3249521987487,-0.143495658018856,0.0569704996373082
"5",11,-2.05136776006541,0.118234263092329,-0.822827655464343,-0.585968064581735,-0.564126745241264,0.132384615628446,0.0751677606368333,-0.839983760727181,1.34837209132401,-0.0247353583531195
"5",12,-0.807484640519018,0.0402839153907546,0.0133463514214368,0.439740959145922,1.53116496377236,0.36937143106912,-0.0504026932567564,-0.433212552285204,-0.80267263489398,0.0447842617991476
"5",13,-0.402309914712551,-0.274488786420659,-1.2169778358743,1.80279314221607,1.10392758629025,1.72464831655435,1.15743466746746,0.779960187796934,0.966662937549952,-0.159138696713405
"5",14,1.90219349670922,1.43876269497546,1.40581252302098,0.76932205846266,1.13864255392386,2.88434614886982,-0.467260279267117,-0.82806041296769,-0.858856360790218,0.0233091351741255
"5",15,-1.27956299094212,-0.774267488916638,-1.24345262824768,-1.78391391630931,0.101856439262394,-2.33399277705509,-0.431575416515915,-0.533691160477194,-0.644411728577559,-0.0806195567093851
"5",16,-0.237536650342502,-0.73051338201656,-0.609232653140831,-0.0667796228110624,-0.0652157779887918,0.154992306513174,0.177988216619056,-1.07507868627206,0.950674176944299,-0.0186955694019828
"5",17,-0.569016088322029,-0.478874174452944,-0.688209147753736,-0.968189803161707,-0.325774711537197,-1.81478765431038,0.531068663667798,-0.0262320986787912,-0.312859589257836,0.00356203299964723
"5",18,-0.265737161986281,-0.698680620286573,-0.836309869534979,-1.2700748707734,-0.691989864410287,0.525374808142288,0.143193779324855,0.0432982839981518,0.0417685619107942,-0.129210089395036
"5",19,0.828839076066792,0.88405550250488,1.11176167136756,1.30053814901683,-1.14839247335495,1.04855544448169,2.20008777441152,0.411511104153244,0.772304767697911,-0.0518367790656332
"5",20,1.02359775329578,0.796701501537526,1.15016572442146,-1.28387239419988,2.05632701317331,1.12856016156955,0.903131274259884,-0.600172975328799,-0.22842908618349,0.092951262168109
"6",1,-1.7302199355956,-1.24983632843178,-1.10498546943404,-0.230834355615639,-0.171329397956732,0.111233339941575,-0.927871561652408,1.7366133099036,-0.562958422764288,0.150892730030638
"6",2,0.276939152160361,0.453452405855511,0.977016348777044,-0.424424080835105,-0.474005666041641,-0.934363339104905,-0.697830142771111,-1.96196811999989,-1.12647429670637,-0.0262050586919724
"6",3,1.65957687020993,-0.192687875907623,0.523568218548802,0.0890075705905825,-0.257684531126404,0.067791753662258,0.778028094361497,0.251132000044284,-0.132923152151812,0.0738266366015259
"6",4,1.42342327410099,1.22602679602384,-0.918752519033697,1.90026839670079,1.83034665593334,1.21245325320524,0.0933649859248139,-0.259889431590135,0.656464711310527,-0.00544945224022313
"6",5,1.39484300848251,-0.544341145479164,-1.54606546867084,-0.879458515416751,-1.44778834765618,-0.372426099845262,0.0238945124616069,-0.823249419798414,0.187615402679175,0.0569550942401661
"6",6,0.363892664817185,0.729632614414129,0.302511832006505,0.520812755984823,0.990185078904692,-0.0758509468428532,-0.977107577672771,0.0042927969323856,-1.33062852756134,0.165702605691757
"6",7,0.424262219711617,2.11800044698816,-0.302338498206619,0.948274807618898,1.74132812082508,1.33196121313938,1.32850048469605,0.0485350589261331,-0.510039408494066,-0.160861945162259
"6",8,-0.929154385429113,-2.53845688299858,-1.50493454486356,-0.43025171070201,0.957981692878974,1.06740618957391,-1.24426837326022,0.122495613416145,-0.336177004716623,-0.0392605404025677
"6",9,0.188496630797616,-1.54450001145676,-0.56986855616968,-0.68740118049478,-1.80499732097864,0.153082643416817,0.413222969924443,1.33539234564326,-0.32604717696688,-0.00180961422994725
"6",10,0.534011552366345,0.79280930688843,2.5973466461245,0.733487808426944,1.97014611571339,2.79122127446275,-0.808825752132121,1.30961473668484,-0.926137638587448,-0.0787466013565418
"6",11,0.516288455857524,0.54885194198473,0.247125781970261,-1.59218879641533,0.520221765595874,-0.793447486676903,-0.573695997148701,0.180678603323847,1.03581771556694,0.088690983786717
"6",12,-0.361438221883648,-0.203617503738162,-0.943580150755884,-0.876452072692558,0.233778332741637,-1.39188831238811,0.745827383150272,-0.132756075583399,0.122131633816403,-0.108916156128862
"6",13,0.653129534565485,-0.122317516266347,0.819762861368325,-0.442224797481701,-0.00658028484285182,0.786364138064695,-2.79876185598007,-1.1922657059741,-1.86571447213762,0.168932524835885
"6",14,-0.98841805870436,-0.448397367143266,0.363023726744649,1.12115997817621,0.866017372185507,-0.756383162459586,-1.25586789710918,-1.00974055811554,-1.33942626323459,0.275080107993572
"6",15,0.899667028408691,0.906198725065829,1.22977190627201,0.5182230059402,0.659366126279068,1.20152954709508,0.356631049466023,1.2511126571224,0.639381420457931,-0.0507835700779851
"6",16,-0.00106191249708593,-0.905484628677067,-0.181323267969419,0.496592049505267,1.37629324970169,1.78811707976653,0.0791903530586271,0.232809608604134,-0.35494065922881,-0.0988795746675254
"6",17,-0.97842545288775,-1.14086328332381,-0.795068052526916,0.0270797410486515,-1.08024123648585,-1.47281385456429,1.23312970607561,1.38153309078955,-0.00926354714274283,0.0348105939121022
"6",18,1.88636264626867,2.01703702114339,1.84402916699094,-0.0237909656607477,-0.850051154130407,0.713097528859818,0.270814710103439,0.918238726820648,0.996840980164315,0.0255997180984138
"6",19,-0.88908466283356,-0.543825189955044,-0.520864052786039,1.33767544008106,0.259367154714803,0.948055599502439,0.705236940429866,-0.326621074712631,0.385605554363858,-0.0370060851871353
"6",20,-1.05776692335798,-1.03477412319412,-0.938972717879478,-0.69064634834089,-0.0908520701636989,0.0477343440050939,-0.565367669376335,-0.485880727699819,-0.0179766120806843,0.0643496747713331
"7",1,-1.36200334267917,0.663411467297191,-0.813282945708413,-0.341576329967581,-0.31450046205082,-0.0278709530660456,0.0800027667106438,1.24985096010952,0.0326035331181928,-0.0287647591318841
"7",2,-0.545360522914974,-1.44690358294129,-1.02482399389478,-0.759661474644086,-1.38570821715304,-1.89198254519505,-1.12120665990339,-0.308939564033523,3.48913373018433,-0.128720803718466
"7",3,-0.959614632568185,0.139725035818352,-0.225863755583267,1.26581092904947,0.761171338305559,2.19341790230517,-0.181448303372497,-2.47135168459102,0.553089718711388,0.0417945230669593
"7",4,-0.0384363863098238,0.32999209602007,-1.55597852022883,-0.466339367643271,-0.114522302541963,-0.694324813504181,-0.027218248524112,1.76995384828825,0.611037862307451,-0.128539418028023
"7",5,-1.4640030812202,-0.38590424947789,0.466953126015556,-0.638763894526717,-0.915675141394214,0.430644238448223,0.694774674528617,0.100722104571088,1.14514392829443,0.0176969619379447
"7",6,-1.58775395827182,0.708646863465072,0.734173581349812,0.337775227391179,-0.313579368712165,0.410758837241914,1.59234508925735,0.283367953503389,1.40851286544093,-0.206357022313223
"7",7,-1.24957290235163,-1.86793027418026,-0.908013600936253,-1.6984263899275,-1.72262121801027,-1.02122218041822,0.17580255086792,-0.126379947710388,-0.0716363679366738,0.137578197619945
"7",8,-1.84892731627274,0.530203788681916,0.657758514574919,-0.960719138481923,-2.13943812292944,-0.00370289158312495,-0.246368463741011,0.141579538673535,1.31159989376056,0.0833437655908051
"7",9,-0.0354593205537666,0.783388382461419,0.00165563355662056,-1.46042509291878,0.41266622510554,-2.22810522777658,-1.31912766916327,-0.576863759590412,0.153406687153041,0.11221455668765
"7",10,-0.639727076235176,-0.716476499537529,-0.208949698454894,0.415405406705694,-0.278123510526411,0.139299386718332,1.3871714381872,2.14015814043391,0.15319971060036,-0.06540996806434
"7",11,1.64886455712818,1.40446544594095,1.3146791688647,-2.1246823208693,0.424879932791035,-0.763193476841036,1.00902838031679,0.465241503941176,-0.609943329515443,0.0528842593556297
"7",12,0.980996665647146,1.64314898602761,0.80758444577144,-0.346121100362994,-0.182882021753466,0.43678131242327,0.63672850457881,0.976079865162121,0.882343714777786,-0.165542722314429
"7",13,1.20590881119505,1.0074337306989,2.46743852150119,0.1313293817738,1.66577804008407,0.306463739565388,1.40538102652584,-0.257056012407861,-0.481520230694126,-0.0435734214341526
"7",14,-0.759556319411425,0.404245981695427,-0.743901757022156,-0.883490436590322,0.524880957124362,-0.205813566212273,0.366097619481147,0.525285113760529,1.41416429933731,0.123734708358027
"7",15,1.16453207135856,0.963984707438943,0.996632685457082,0.185027518033473,-1.04015062026281,0.0402408792296345,-0.331139072788119,-0.336698967020585,-0.924415499958907,-0.100170458309932
"7",16,0.994633385720524,0.684798770871033,1.08819328186301,0.338585632572976,0.198752888624234,0.17755609662695,-0.219907026936833,0.0951487683954699,-0.933703139373482,0.142378480331221
"7",17,1.88874160254203,1.69445473974837,1.16163994849256,0.0056275235374083,-0.777296311762369,-1.73526780304466,0.510781616120402,1.2243286296799,1.84757460992975,0.0458289351528146
"7",18,-0.860011336109089,-0.380758670343766,-0.310292173979268,-0.0736358719827884,-2.18225240422253,-2.35335022055366,-1.89789427766779,-1.48943616944118,-0.290709109966833,-0.168257163351338
"7",19,1.58742444108624,0.850367471963765,1.06264387182428,0.0821670130788802,0.429522850447761,-1.4332437801611,0.0285588626872149,-0.298200095092774,-0.311738616422372,-0.0818065031799296
"7",20,-0.845713290102048,-0.743171424815645,-0.479194074656652,-0.304413441644961,0.0464406614740646,0.744385266452214,-0.25608469419394,-0.694357247787991,-0.465575559301473,0.0899353408189966
"8",1,1.36763673341487,1.05758160441652,0.764519341124916,0.701328297699031,0.593692020974528,0.801914111923956,0.445280892912839,0.763281983384199,0.341784684726378,0.0814320694125699
"8",2,1.38058034722805,-1.10734223696217,-0.0801048720886421,0.649206501371658,0.536235160395249,0.490464093863259,1.6027965460514,0.467855388332975,-1.54985387036168,0.0401999919697485
"8",3,-1.76817411082296,-1.53058185649583,-1.00310507726362,-0.0604105874617549,0.287602671655777,0.711492344089733,-1.29460096181575,0.858937155796931,-2.21243304719966,-0.121559029842141
"8",4,-0.150683834785553,0.284986171464011,-0.69188785688866,0.686130252924542,-0.602296509310272,0.11528575861774,-0.948559608652188,1.72822144433514,0.126708548750217,-0.00170382442675006
"8",5,-0.880071637899281,0.00844102386506277,0.353825558501646,-0.544918628830689,-0.114545566260397,-0.291403071634715,0.755627982170192,-0.403083686843703,-0.645063516385315,-0.122195801369842
"8",6,-1.49332039996439,-0.779862229114581,0.130070603375327,0.310639189541738,0.817884992984123,0.636549467740323,-0.873798194129136,-1.62353003646624,-0.767028210326218,-0.114299516524098
"8",7,0.962841936025174,1.83736814465053,0.28289295120372,1.13791427260608,0.0924901474871163,1.23274402819953,-2.17112056406484,0.528341212070352,-0.280518442342005,-0.0242072518791469
"8",8,-0.860351001864037,0.404569157299717,-2.30429662625528,-1.2423319455455,-1.34842800790172,-1.23165736467055,-0.00664172773291165,1.22453369695765,-0.017156771790702,-0.0195543723263871
"8",9,0.221237951055874,-1.47668459976414,-0.714802516841947,1.71036862444711,0.162681654034072,1.42570188435122,-2.08329547851548,0.57680176741816,-1.05410664020078,0.0684299765985334
"8",10,0.891150545823292,1.32677209054603,0.0173470488998635,-0.196924086291937,-0.134739557523287,-0.391889359717606,0.206782863251993,0.261461051997952,-0.391262793800255,-0.0242144140439124
"8",11,-2.53356643727617,-2.03705830888467,-1.08630748287557,-0.813296608705285,0.271041823150541,0.299336779367665,-0.728438699447016,0.397825115672468,-0.395366916583066,-0.0406805647504087
"8",12,-0.292477114567632,-0.557208214565841,0.250441981794893,-0.241077094727383,-0.13722702850701,1.39770265026033,-0.265297438066514,0.774817058677156,-0.718305015470016,-0.00630192936460238
"8",13,-1.06160267152687,-1.17861245532279,-1.23840917502666,-1.26584271883922,-0.987480559781113,0.570366088147137,2.29848731470087,1.02124276413849,0.831777890641123,0.25062666941444
"8",14,0.605940964717047,0.765984296014938,-0.343219949103549,-1.21756259828099,1.12259892424895,-1.12381156067049,-1.59671677944076,-1.75813711225174,-1.00068425565879,0.215086643258955
"8",15,-1.26489140536067,-1.30429961275492,-0.641752622721597,1.71810488670205,-1.0864264966538,0.410415669804162,0.127615833782589,0.519097392841467,0.714338870938914,0.00436102024385996
"8",16,1.64746191300514,1.49980368585208,1.02783926236472,1.70841085759726,-1.44730566360074,1.13061905287156,0.052040518812416,-0.00504415824170242,0.19993557122455,0.0673249028775667
"8",17,-0.711917851326189,-0.441579484573298,-0.966634350466338,-0.732284941929494,0.603966800961625,-1.46916508164185,-0.844186791059919,-2.37814527667686,-1.05783359564516,-0.0738345195397205
"8",18,1.01706960527192,0.97664129094905,0.600612087043306,0.213210623019662,0.741782863601158,-0.506507972808063,0.584912600238429,-0.656968847654072,-0.12854943677141,-0.133802268891162
"8",19,0.869674749883097,0.384064181522792,0.97622591250236,0.802910318770677,-0.13900441987155,-0.852838757561742,-2.10731554181493,-1.68778238597353,-0.896828118991693,-0.0197359451705412
"8",20,-1.34425123763749,-1.18051294949184,-1.01896555597715,0.353470385400272,0.909619234912217,-1.24186509113452,1.77885801478642,0.397872609676508,1.43198831885927,-0.00912305084698479
"9",1,1.14276935266283,0.637762747245601,2.01083183380433,-0.258459453564795,-0.0439767249226413,-0.409626561721235,-0.773797928012825,1.19743581159619,0.100980078990657,-0.0280552623516867
"9",2,0.73136412908095,0.111768933042362,0.0909302493959055,0.595482496639856,1.27936737849622,1.04345744431634,1.96047302398687,0.772290258321684,-0.611341855330199,0.103798355161114
"9",3,-1.05286221868864,-0.320318997097136,-0.236459814037187,0.612857026512222,-0.0177122975076387,-0.343813160042969,0.237934939844445,-0.394735408785695,1.22395349246127,0.15265110599765
"9",4,-2.04478928604798,0.250499318623486,-0.406419524532807,0.134182802682743,0.12828815713527,0.546854185423849,-1.81059386450526,-0.135278656429093,-0.285342301175106,-0.0948243150627198
"9",5,-1.03547167040407,-0.0206923312920067,-1.54040048900562,-0.648850131228168,0.209208494684196,-0.0578627267654638,0.786073139855062,-0.0467046680834458,0.625470288067624,0.0652678771648048
"9",6,-0.657115772317021,-0.295962018088534,0.185228459534083,0.639625174933714,0.656315529635017,0.27475336868347,-0.293786896651026,-0.955866282221441,0.0618297137853457,-0.0557253576255719
"9",7,-1.06577238567602,-1.04464382403746,-0.506787965777244,-0.0129418057320877,-0.26795069406713,0.374211763236175,-0.000951952819527901,-1.13427542775278,-0.133222788673944,-0.0800843843063379
"9",8,-3.90497102488746,-0.352944124810874,-1.76187713288574,-1.18034778537527,0.0432407244816478,0.204735971357175,0.252050036984194,-0.0200184823886506,2.25330463302996,-0.0174490697433515
"9",9,0.545593485083083,1.49120166730146,-0.0606262993751784,-0.0817179069710028,-0.61537064915053,0.0236064166265204,1.09435716911548,1.13379004139972,-0.0729001262561389,0.04554577578996
"9",10,-1.58232574383698,0.54345762941074,-0.727454794335795,-0.0914470595889559,-0.654429680813968,0.478237819561648,1.00956524367387,0.260093927446412,-1.55183923809095,0.11583564946688
"9",11,-0.361766178755517,-0.844073330370308,-1.4072074893637,-1.1632413144279,-1.16371780373744,-1.91105288800813,0.908509581038355,1.69078081182316,1.42148563321146,0.00839194758050133
"9",12,0.0624907764723824,0.659700513952926,1.77683048145245,0.392308800870203,-0.607715914112781,0.988605851080861,1.16590109951228,1.59360559578855,0.517993049180918,0.183056363161204
"9",13,1.39983182794667,1.72640535719755,1.62300485458774,-0.511787873123066,1.15942323518195,-0.552109278307195,3.38502582075229,0.502008560290812,0.0749167065976616,0.138338719027357
"9",14,-0.121782190145655,-0.127960127969209,0.627003945580539,-0.949076333918907,-0.506250575681828,0.0741492601712273,0.298352952870757,1.43543947086673,0.38705939645353,-0.0176338379444675
"9",15,-0.0699622885447373,0.676591436368136,-0.0551803985275773,-1.91365717669278,-1.34022981943957,0.864370097396017,-1.01756882763471,-1.56180516936903,-0.807283532950661,0.0400220573558341
"9",16,0.15389759344279,0.230246950520658,0.808156454514317,1.40268610340015,1.31220939717154,-0.574298442289483,1.67206061972015,0.0632948777463307,0.387492873918822,0.127443592894919
"9",17,0.558803960654505,-0.242513632878173,0.443330907379158,0.892227704700674,0.231809397855222,2.43239294072797,0.380752000162642,2.66768117381014,-0.454636815268743,0.111735835521985
"9",18,0.191402855024372,0.381815993924127,0.148579128531831,-0.231112074658748,0.50944931971234,-0.278207591826824,2.51307728466531,1.68431990963541,1.9800294819792,0.127009955955682
"9",19,-0.209423171239741,0.459322930226579,0.653050572902097,1.17204899951351,0.492757877098171,-1.80420074648527,1.13449991694572,-0.373186606618974,0.757243571061326,0.103989615595771
"9",20,-0.872258367610869,-0.624212146491675,-0.586674129345292,-0.646832952204663,1.06722462110152,0.488000602625211,0.197878629073522,0.18211477890814,0.604897225310856,-0.0238901992500326
"10",1,-0.175790339627744,0.40002140994471,-0.0943537846748662,0.222017662774817,0.54897574590614,0.533528393363738,0.88846023783296,0.590105017922339,0.233848443275026,-0.0264561205683079
"10",2,-0.0771925652993568,1.89645483934597,-0.0114648518089147,-0.417922689058109,-0.18343512331523,-0.98263873246041,-1.4864635478675,-0.31777216417887,0.54222058603949,-0.02098501262069
"10",3,-0.226265427419447,0.363766413192322,-0.45140364027701,-0.973429101983546,-1.32071714983023,-0.354444948443582,0.548013662587474,0.319268142130358,1.41977379234879,-0.0467134105205604
"10",4,-0.576162316006465,-1.25636941175705,-0.303449864707803,-0.737180098898825,-0.346342182885419,-0.212405644219667,0.802330430643007,0.569070071407016,0.3824764215619,0.102541296019023
"10",5,-0.466372871549823,-0.873316271233697,-0.358203018376168,0.316308713367973,0.828443969352374,1.11106367958495,-0.714974760896727,-0.358489796563866,0.701945108292319,-0.202009668738046
"10",6,-0.21379298533067,-0.0458419477607794,0.931221278051103,1.80265696423727,1.85631331796654,1.34142908495085,0.606237275928915,0.512164636945362,0.181119728842745,-0.25801276317528
"10",7,-1.40443966475734,0.0405228573875583,-0.0484549388362699,0.162686064852097,0.433664092346066,0.383943224002073,-1.22755746280553,-1.02702354857892,0.38935707280318,-0.0375896998975849
"10",8,0.493460704298984,-0.0308016457089627,0.141992473596755,-1.82884965676947,-1.68997775401967,-1.6328359191488,1.33249845737259,0.043798603505391,1.00007179443063,-0.0851494674228326
"10",9,0.0156257310845274,0.206145064945538,-0.902042757822984,0.430930723147476,2.19341265137291,2.4492198807848,-0.250959628595637,-1.9736273472004,0.819203786362974,0.107340087239795
"10",10,-0.908566667323698,-0.888655354963956,-1.09070847579928,1.12160183913633,0.996756337527452,0.822289661841069,0.961916766853976,-1.17349494068966,-0.142700095237868,-0.0232304974463279
"10",11,-2.14821024566476,0.0636641507171475,0.104664254409969,-1.59043008038338,-2.08634213569773,-1.14827633173931,-1.05068146349829,-0.911405296402425,-1.53405081025602,-0.00442529547246456
"10",12,-1.94401504107372,-2.04438922012464,-2.41974451530279,0.493883521714139,-0.670723066145976,0.117559595555089,0.227768916396801,-0.988409454588304,-1.35801461192799,0.0174684866078125
"10",13,1.96348433604309,0.0843508326155394,0.450672502199905,-1.30402899853795,0.0636309111493809,0.247547902879735,-1.30097538101102,-1.45322503484754,-1.54003567512405,-0.0286775953151909
"10",14,-2.4640131235392,-2.50707772117211,-1.56947875192139,1.95956767268427,0.0410645903049453,-0.608108692696796,0.185305373547426,-0.649977266465025,-0.689889516518678,-0.0520383839015112
"10",15,0.63007086760327,0.640048515690058,-1.12630195614016,0.587835603144133,-0.667313619144213,0.448197852510142,-0.519802820923464,-1.28266275614007,-0.880695992112981,-0.0369436082124666
"10",16,-0.48308093243643,-0.303096859132607,0.0512312474909562,-0.0852148893481057,0.194064007143996,0.604660861701303,-1.11178630030456,-1.38433844577047,-1.29240908375358,-0.0329279876092963
"10",17,1.12875788495798,0.888253356816046,1.46299061700631,-0.511048895342383,0.55581988506367,0.446164457646606,1.50247059794917,0.843880503507375,1.38606875620336,-0.0739019914660961
"10",18,-0.912851241008664,-0.24048069563465,-0.651077568847138,-1.12189819445199,-1.484035916183,-1.76888401022362,-0.551145735827407,-1.48359447509639,0.0892798955727962,0.142855517255103
"10",19,-1.21304250506033,-1.91288068747805,-1.57402074590358,1.38747621019401,-1.04236062699298,-0.744058725102891,-0.515448199305846,-0.734446824959725,0.235241784212619,0.0399402872202476
"10",20,-0.98116930344809,-0.73150324187102,-0.538123497997809,0.558010586640838,0.882475209621594,-1.34081373479197,1.55259333709238,1.75448697338548,1.42398718384881,-0.17617098476576
"11",1,-0.594766565565921,-0.584290573037524,1.59358480533966,0.392457655893157,1.167972807313,0.434758878272394,0.961717499466833,1.36988255446095,0.956714261777293,0.0543794455149375
"11",2,1.39581641130283,1.02414249566136,2.05890168424811,0.540971457394262,1.65704028072641,1.36767266689802,-1.23703298766699,1.13189184163435,-2.03811359089826,-0.0909301122589855
"11",3,1.12608728038254,-1.0263718106194,1.67435863396114,-1.2686120654931,-0.973237159395405,-1.3204976180822,-0.0590500548929355,-0.605479284105492,0.799001251896931,0.117479463861536
"11",4,-0.560234535938768,-0.847893745325208,-1.16215470301454,0.806592378442966,1.09407656511907,0.51317721653215,-0.794079329664136,0.0595886547200778,-0.0757760880432615,-0.149083299337338
"11",5,0.531370418859984,-0.674778680755768,0.26660551162809,-1.20064841087472,-0.585761867122344,-1.44729440054609,-1.75134542384159,-0.357103069271747,-0.213944615713037,-0.078105287473169
"11",6,0.80455289946869,-0.483426879128015,0.136507940381923,0.445588896440037,2.4323896159953,1.4683385246937,-0.296647599325433,-1.4359158792937,0.525762624854901,0.0352377880745676
"11",7,-1.11484600637793,-1.38692347721212,1.28574166119949,-0.105359269792339,0.649340805579951,-0.506091532013857,0.0178688364435214,0.307741470348024,-0.432713841549332,0.0234252405473826
"11",8,0.432673156382908,-0.179674068067742,-0.654285524228056,0.693465724009526,-0.27499768115721,-0.0850881195201119,2.16208296195997,3.77917410901194,2.93986203486384,0.0570824588185347
"11",9,0.582011381948506,-0.722583206993084,-0.111955338484896,1.66428484464569,0.399629757138895,0.642152034368453,0.322887086090395,-0.143754816187265,-0.209074603602927,-0.0620828036044
"11",10,0.324612053805305,1.43650060845013,0.237471424368206,0.130473388936552,-0.00350925830520106,-1.07525083343489,0.120779777613993,0.574345931148395,0.327208709038423,-0.209705852353818
"11",11,-0.689694959822126,-2.93806343148959,-0.860014342930002,-0.521635718443787,-0.22333068835279,-0.160985288325944,-0.965374117941087,-1.50820110831768,0.738527027381779,-0.00796014161096191
"11",12,-0.860225705678747,0.120419761180629,-1.01516869471795,1.38302726890525,1.85782410498381,0.876030160499865,-0.826617094385981,0.00872244146532714,-0.967084091292794,0.145756530594182
"11",13,-0.858929509811106,0.102406358516044,-1.1218753518306,0.955909522815008,0.668558086073411,1.53278601309594,1.16471541965557,0.305328818295618,1.43112367076358,-0.128324900626496
"11",14,1.59524097024411,0.294066942191426,0.704108774240021,0.344140580998429,-0.29709090656372,-0.239706507052593,-0.202951575465594,-0.242549408164584,1.72728449500365,0.0373931305431303
"11",15,0.739761317229545,0.223047863948911,-0.0833602875585688,-0.73051454346694,-0.266757339344375,-1.32631770402711,-1.86142039483028,-1.23691995644772,-0.957093166113104,0.206465871606704
"11",16,-1.52064022533766,-1.5547115005118,-0.898293971682051,-0.151865570508192,0.441559200473962,0.115637666406185,-0.29877224697486,-1.54601571319327,-1.3543884684885,-0.0477996447051187
"11",17,0.792452784375982,0.0135950983538653,0.922299029732273,0.028875283846479,0.905417735576664,0.117706789393468,-0.527528980810287,-0.160152143667046,-0.766760427185164,0.0233058887348315
"11",18,0.403105776606926,0.887600893519398,0.33347572815165,0.159891876986617,0.624317152719657,0.708407279023325,-1.15227358429942,-0.889320501073214,-0.783776089300215,0.0346391453087766
"11",19,0.468757292662876,-0.0049208462740559,0.554108174966794,0.986215856021019,0.24835392219644,-0.76401674051724,0.0883931582832108,0.0719724746652113,-0.335524784459511,0.132987723195279
"11",20,-0.47663617399351,-0.553577016471256,-0.582338265238834,-0.0375841977236552,-1.1800433966608,-0.917675597994488,-0.0818405745571007,0.355097140360043,-0.616718098224365,-0.114102883213455
"12",1,-0.0796718079244253,0.165616770060056,-1.10940738368876,-0.77496117112595,-0.530014995796009,-0.538841368315243,-0.552996736571555,0.759690363268316,0.708668586094169,0.0878281234450287
"12",2,0.713484685985359,0.117569052170705,0.281881725584127,-0.328301600042326,-0.500431650029917,-0.414144561387661,-1.34402617653363,1.10863801874172,1.65421194350408,-0.0468180918870843
"12",3,0.952484171433119,2.06761552733441,0.252794824833052,0.252631197415259,-0.404964581642927,-0.0935791638896918,-0.733589166897462,-0.268168195171305,0.009720604291418,-0.243205604745039
"12",4,-1.05201660135717,-0.134801813833935,-2.30702017072367,-0.601358987893272,-0.292119253115975,-0.944608793312417,-0.072534778069051,-0.771716188243889,1.15124179168839,-0.0421312118750022
"12",5,-0.0871035371307881,-0.550972220855577,1.65051857704608,0.0949424365664518,0.115268495465795,0.475384921262539,-0.298793986396101,1.52464009405845,-0.527084632436013,0.0546207967837636
"12",6,-1.5196336483425,-0.00154086195345532,-1.04498664627089,0.825357578077633,0.243274118281479,1.42440534997985,0.495496876897679,0.469982861548381,-1.11351833442399,0.0710814802693053
"12",7,2.14562665246984,1.45856434124364,1.7229373946964,-0.400527463660497,0.53902381803502,0.405880921671373,0.48644346002316,-0.764279776142448,1.02803453877464,-0.0188783272798847
"12",8,0.0467504040219645,0.583157126723292,0.162630657125928,0.652060828011505,-0.415127240118484,0.619973469750244,-1.005513262064,0.926421398065366,-0.787707778510968,-0.0654365087287672
"12",9,0.434928989928319,0.4895300057005,1.22138784933592,-1.25455941325888,-0.901379584200822,-0.50075648044858,0.747506050973367,0.281417528635837,-1.49888659000259,-0.0255221151734929
"12",10,-0.0967002007231045,0.767514580399547,0.0676059925279616,1.4159766874509,1.25441684144793,1.77255923285824,0.592121190452593,-1.01418861600873,-0.21614034080461,-0.0475738259519589
"12",11,1.38985010209628,0.672968763205163,0.125018965214251,-0.442841372969229,-1.42365979741833,-1.08792823816521,-1.7797826815505,-0.377531347392285,0.0209186095959254,0.236561670112377
"12",12,-1.13255107375384,-1.15387607947606,0.0189224589514057,1.85185236922423,1.27679216388549,2.18084716764033,0.389212497134159,-0.797154093337063,0.323736454349555,0.13095868927759
"12",13,-0.278794752318623,-0.205507496145285,0.988445426342352,-0.0339723045767999,3.62705386273726,0.704758277153028,-0.231778261802354,-1.0833715443213,-0.0962557007599068,0.194598982072211
"12",14,0.388148616243309,0.776376024741054,0.641274589903607,0.808467095436159,-0.211394182603818,0.400404563341849,-0.390136929523953,0.150789896428563,-0.374961461182965,0.00119785138530957
"12",15,0.682148892730227,0.179048585426734,0.311198670064957,-1.13950970337512,-1.62585739339715,-0.581608476881796,1.42133485890338,1.02694678186763,1.26622329147826,-0.0668934013597585
"12",16,1.67161033808659,2.30195575430749,2.3479404838049,1.75726905082409,0.788406409634562,0.240961941049608,-0.317203707273232,-1.10170863196841,0.0346958625330539,-0.149198930885989
"12",17,0.0636510088976907,-0.763112845438058,-0.27946231840003,-2.06132805975786,0.184993124666583,-1.54398083444301,2.28866110990851,1.52383692388917,2.05203808709839,-0.064894617662535
"12",18,0.0179470062744792,-0.160592565190591,0.489803098929667,1.26531641653954,-0.573882386079974,-2.28427344959076,0.959984277431356,1.21484249322669,1.44238114440642,0.0569185106100259
"12",19,1.00457931251804,1.11972946882671,0.909841126876312,-0.917334307449996,0.32570759076163,-0.803326292761559,-1.29908417600642,-0.2872761585947,-2.39741796423543,0.100956297432937
"12",20,1.16333941132496,1.17914206684369,1.09520558849504,-1.68380971308142,0.336009263476522,-1.02359829496261,-1.49704658809298,-0.813644870819162,-0.210644591068958,0.237919614394858
"13",1,1.48549225234462,0.164189539160762,-0.675033245305065,-0.344719179535884,-0.745301723335531,-0.2383587036922,-0.149287646026468,-0.917597089031376,-1.7458626568099,-0.100818395450271
"13",2,-0.408226987233431,-0.847476512177864,1.23752467955303,-0.866952708367793,-0.342567990679016,-0.754377311690567,-0.283251897653056,0.0263094771448218,0.840533022815983,0.0555967082107166
"13",3,-0.36260020749009,-1.4025270846477,0.413852527846498,0.497837411046227,-1.18202823150581,-0.325009628355084,-1.1975035813916,0.79403830555816,0.522459287000452,-0.0614934141711521
"13",4,-1.56837426562024,0.0879026315486192,-1.98287225596095,-0.121823491163075,-0.602137866117209,-0.998240049355995,0.514619485820402,-0.121916175697219,-0.121782239064226,0.0148019013769069
"13",5,0.0954828172340652,-0.0913764195018071,0.244211524717613,0.683452117854929,0.955032940489626,1.79592343489827,1.62789515638761,1.58491105740379,-0.86437564709715,-0.010936523572695
"13",6,0.321189615262606,-0.781915018713246,0.932666163858264,0.350608314781474,1.40011667643878,2.54399267910299,-0.734715678605821,2.09158890380126,0.683108459603985,0.100540557046682
"13",7,1.99122915700066,1.77507975806343,0.519054996954699,0.287469268309503,-0.328219061599585,-0.163279035936958,-1.2422910239543,1.267249108601,0.293119818901778,-0.0836168075719659
"13",8,0.428246079609033,-0.0864824799582953,-0.247134918857152,-1.94314490750237,-1.28247245435802,0.363901340519263,-0.638805938102004,0.760911218384731,-0.317080094657954,-0.134125333181941
"13",9,0.406402188517345,0.753679745844898,1.07271962662293,-0.695377209986539,-0.518863296770885,-1.86935972531281,-0.385889985282899,1.48793798190357,-0.309873681148923,0.139027866598605
"13",10,-0.450271257172115,-0.384799246450319,-1.0267118284099,1.58043901737148,-1.14742993387604,1.22009389802206,-1.39217279024796,-0.571709471254931,-0.596974050255414,0.00954034763238819
"13",11,-1.9716726056777,-1.12485637819297,-1.54434302044979,-0.810299101709784,0.696946445800643,-1.9726568728935,0.935362170998412,0.253788545704226,0.731494167166088,0.123332056442759
"13",12,0.532086676468576,0.0523169146350334,0.704593657245174,0.0413152317217394,1.20583292705144,0.36520688336202,-0.217687248165215,-0.114346688280284,1.29108976668282,-0.0306795901785423
"13",13,-0.861278796618398,-1.81924630077409,-0.427158691962353,-0.459101953532202,0.698289987174348,0.317599128807275,0.189615760130351,0.683155591939803,0.509513831125618,-0.00358748517415917
"13",14,-0.684810140707757,-0.628559584858748,-0.0820102372427151,1.93439971110656,1.31589951058621,2.42380856212433,1.37101728186493,1.73463498031166,-0.137571014648031,-0.0176874861889343
"13",15,-1.431911438839,-1.82048545826297,-1.47467964583171,0.144189185106168,-1.02066413297922,0.114922321195593,0.866763742129767,1.89192552646716,2.59782592640092,-0.00420428282336656
"13",16,1.14556018108665,0.297127190965181,0.350820926655259,-0.032075027469112,-1.55880442493657,-0.93508611598442,-2.20982488005074,0.313464163861349,-0.473940712771109,0.187650940060603
"13",17,-1.32506313956679,-0.199244170108195,-0.165710297006185,0.085054187211149,-1.17968191101997,-0.761983060708303,-0.453843623804668,-1.00907077125605,0.63352383594108,-0.0845555370671608
"13",18,-0.862441052047626,-0.414268891986111,-1.17895472485284,0.691997226048768,-0.620382615537175,-0.0265687983789261,1.04607577686055,0.0242588704034338,1.11728570443915,0.00311652441923927
"13",19,-0.55984198100705,-0.99588378323299,-0.543625018716431,-0.653414720774494,-0.776066143869104,0.168379038558734,0.71360183913636,1.99302634878725,0.881405710155304,-0.0139494582383068
"13",20,-0.450284102490797,-0.232048620893264,-0.456173577696938,-1.44502209379094,0.853974220082368,-0.661278162956525,0.170009618727425,0.663109521761193,0.211765452166846,-0.152504911409663
"14",1,0.00724697976914639,2.12511472678782,0.977516101899684,1.00811026566483,-0.0264945095725753,0.595826673949829,-0.912095807223901,-0.130006969374735,-0.745546867796203,-0.198950336583158
"14",2,-1.29899013561571,-2.25364071084153,-0.727596509922722,-0.0451365538596512,0.206472679526459,0.790136858411893,0.792711961693702,-0.190804561428115,0.745068353299767,-0.0942858249849104
"14",3,0.803214619376247,-0.366749956171379,0.5853118378614,0.292509089187985,-0.340231121898285,-0.641189308597192,-0.102674148643572,1.5889816740148,1.53055120096209,-0.0644657610099619
"14",4,-1.51336429373354,-0.915022137338615,-0.300478786470558,0.257864037165654,1.42825216813147,0.407837171961186,1.7585073586515,-0.37504721368253,1.00205208799748,-0.0692711973958216
"14",5,0.362086925598264,0.390543447822112,-1.62597729876024,-1.01719932376341,-0.390805118019493,-0.843808108688191,-1.53533566824942,-0.0968973442140275,-0.35535888566846,0.251446939142656
"14",6,0.271468587235627,0.432368472501504,-1.19912298928397,0.436733531428728,-0.640069385074683,-1.25121158939398,-2.5027808518396,-1.12370672059291,0.137832903643263,-0.172680022153593
"14",7,0.953708675697955,0.892459544674965,2.02111340981281,1.04932160622614,1.36422830648326,0.646114043644125,-0.779646560342408,0.243232621506623,-0.674455639208631,-0.0453018625184357
"14",8,1.01558297231635,0.529555796118308,1.09590215494668,0.169019091843337,0.479569192267377,0.546910898452648,1.81844140216321,0.769389633496564,0.0691465555058687,0.138521805757092
"14",9,0.36373043845336,0.773523569578473,0.552431749188459,-1.83844643830677,0.334133963015007,-0.896069559849711,-0.498171791895346,-0.785092569247713,-1.01437679378027,0.100113784955676
"14",10,0.0470968195313277,-0.371728938299019,-0.0632074628794927,0.748591858607626,1.89624109479288,-0.342288747062936,1.17243519342611,-1.19511692454352,0.971368368026217,0.0932709165345361
"14",11,0.867930156609515,1.49707463417721,1.17528975358384,-0.703148574270784,-0.167972875680912,0.1880950763262,-1.26074372131903,-0.322013298824923,0.220861689825828,-0.0657104019367816
"14",12,0.95180940363983,0.23521854266159,0.169488799447164,-0.502274729353314,0.949833457307936,-0.422694012880063,-0.645745631438607,-0.761544830369436,0.00161015232864495,0.096785050007345
"14",13,0.128194755313653,1.00254739829648,1.20298529308814,-1.50662600867111,-1.17210941560108,-0.485206264433443,0.364346961192968,0.0669260503341908,0.747173634458106,-0.057105352033805
"14",14,-0.388473769946065,0.3438884925664,0.359923978615395,1.53339727224787,0.455696663313839,-1.2000372626832,2.36783653750168,1.15897616097915,0.000379546918487697,-0.0751114385483809
"14",15,-0.250767580193959,-0.0690324705618112,0.435474033421392,-0.414656823632561,1.03643405695903,-0.448020982753179,0.242680019143543,-0.657312120853152,-1.70320535861932,0.1693166126298
"14",16,0.872167682188878,0.685059296992908,1.45650062874744,0.394245066881035,0.726022865362084,0.384553397032676,-0.753402790274636,-1.26237158407095,-0.0203073343190667,-0.221693929192476
"14",17,-1.18653453998349,-0.876845792347053,-1.0953805581287,-0.204976468700872,1.95256426618227,0.500730094343941,-0.263350154411307,0.69147021892698,1.58840370473588,-0.180037938789222
"14",18,0.45577337440073,1.05428317595919,0.917286625155509,2.31601503024062,-0.273759519332812,1.61550301923534,0.110487646766126,-0.2012274317381,1.07843035455568,0.0243046756175088
"14",19,0.379381782937618,0.249630542330838,0.920775157656788,0.787888084425058,-0.92766104888003,1.51275273872751,-0.1755788189282,1.14013154368311,0.31318845410149,-0.0275144977203017
"14",20,-0.151648804143897,-0.167588879498408,0.121498739193558,-0.457899947046594,-0.441916426114564,0.117407863589156,0.00527131827602705,-1.24431145020173,-1.02943175784921,0.0743614673883828
"15",1,0.819099275616283,-0.460074686235095,0.856322949625216,-0.763073602197241,-1.03229110622338,-1.13002821831278,-0.39625588986481,-0.52985422490121,-0.968507469245477,-0.112134725470574
"15",2,-1.17474915899589,-1.48568392520949,-1.25747772186464,0.593414058920708,0.0341633769419879,0.766731511580484,0.473773392296594,-0.592175159385717,-0.0986526484010053,-0.0218829112862589
"15",3,0.144998547939094,0.94913817147054,-0.731814189435319,-1.49230949142291,-1.95298165014491,-1.0488060081852,1.54763769595321,1.46872478859621,0.44446638677041,-0.00892430059173555
"15",4,0.0650060069890382,0.330212637390098,-1.10285386266685,-0.268450260353901,-0.820868892836278,-0.9664641132396,-0.38864037598494,2.01217339578895,1.38226620981153,-0.109133004160859
"15",5,-0.150002901124314,1.95918708483436,-0.343585138230252,0.0631889339687016,0.0771875077972461,0.344030230013618,-0.501217233394455,-0.292438852020713,-1.22871951505656,-0.0314011954423109
"15",6,-0.29131317907308,2.5941102618321,0.552901536585026,-0.0706712797980695,0.113083042578094,-0.46732859324303,0.794759862697012,-0.731352354235446,-0.463017602773126,-0.0263589336777196
"15",7,-0.915474439263303,-0.629188163620651,-0.181986406468464,0.201096038654675,-0.316275029768061,-0.984432514907877,-0.587525489970081,-0.357171362470924,-0.307100677204764,-0.030067857528908
"15",8,-3.66635330480601,-2.32059655193752,-1.48518181641354,1.04944685066001,0.33974227324499,1.59085942895556,0.106758875300704,0.363915587559211,2.42774574163324,-0.158368029322736
"15",9,-0.58818565855259,-1.39743629479921,-0.464068797753231,-0.0213316368107334,0.933868853982117,0.150821189906775,0.415550451815182,0.776097365570384,-0.685677272698842,0.14482946263507
"15",10,-2.15253330849152,-2.00296413407467,-1.29873629156153,0.338691659174065,-0.831754282599828,0.358306500556635,-0.798650110903494,0.31513443980125,0.369277552100995,0.00942057127055618
"15",11,-0.658324376257845,-0.0498960863163526,-0.0630213176393125,0.543991540149141,1.30669757267082,-0.734603703330952,-1.26572788358163,-0.487179759513686,-1.19540406867645,0.0177930727508982
"15",12,0.612955654546029,-0.258139465755066,0.420374006634628,-2.98466098098328,-2.4734863894281,-3.44906356353831,0.492871900248477,1.06561265323455,0.836761952567172,0.0405956955342711
"15",13,-1.17663410404821,-0.887439299954812,-2.0602029634416,0.306726270006937,-0.593725887471531,0.176322963874215,-1.02734202243275,-0.542229099990892,-0.769975015115975,-0.0150476266539059
"15",14,-0.126469475726629,-0.436051376022016,-0.874949386898292,-0.664245783224376,0.827734885855805,0.392808074999075,1.99141976275143,0.83787442325293,0.638917918664846,-0.126673799681712
"15",15,0.0667901865456573,-0.690369816657139,-0.42212942952842,-0.979862285108782,-0.042598080675328,0.867719730927573,-0.277715279014437,-1.39401202572535,-1.40100164774173,0.130792202098088
"15",16,-1.28194591177039,-1.6511417093013,-1.24678451129743,-0.695741713219212,-0.431130816329443,-0.937297323172591,0.285899296660351,-0.250380320425065,-1.36103337349279,0.177352479990956
"15",17,0.35985729229483,1.1198627264263,0.261731140788355,0.957714752262209,0.585904465468932,0.682091609960222,-0.525212199687311,-1.50855949046605,-0.605803851343198,0.0755950344502987
"15",18,-1.81424032053843,-1.67999996653075,-1.08978057415478,0.22976332251894,0.751871670532102,-0.196547763016857,0.0386394627240097,-1.28749512297728,0.155488762466042,-0.0293815820478937
"15",19,-2.76584202070309,-2.86917605348058,-2.85282913802324,1.03708935366733,1.16707092275775,-0.97146718731774,1.39333870587994,1.4655614845565,1.89727758572158,0.100470483285229
"15",20,-0.39548987760724,-0.298596531038877,-0.469078723154711,-1.7131896618197,-0.04152996123779,2.45940552999094,-2.20800564769729,-1.48737658884507,-0.00400530211480001,-0.113567134410606
"16",1,-1.27179997535703,-1.20099588945523,0.739681897378197,0.312134826738399,0.358599705480315,1.02279027171399,0.249053583475462,0.952554400441382,-2.1880887603544,-0.0190667758653856
"16",2,1.73312783111961,-0.879115857619424,-0.260882381731701,1.36547959066708,1.73304976233095,0.661410200237154,0.0282812353849278,1.75876578483598,0.290095229123368,0.0464218044818877
"16",3,1.58769541687134,-0.0669206509674954,0.0119294511058232,-0.87685296502849,-0.667396577012778,-0.531548956104111,-0.206406443356097,-2.11693554538454,-1.23477285244399,0.0679555215423163
"16",4,1.0810003554847,-0.269681580264926,0.314678369326148,-0.199537082315674,0.930517069899108,1.12688020859671,-0.579959800778349,-0.800847160296724,1.4907756348166,-0.0443658839121744
"16",5,0.90324256277815,0.991160606145947,-0.297329818643094,-0.482751611113451,0.00319182664944811,-0.454011362256049,-0.55274268133708,0.464368350265068,0.0564094429905122,-0.015325270237177
"16",6,-0.299142474849679,1.20057130734071,1.99695233174598,0.837053976613901,0.863304867610759,2.29286656279706,1.7790722336887,0.452349538090503,0.723035753234688,0.070985680912979
"16",7,0.366230632441713,0.165730738969137,-0.557630804951019,0.00217777169792217,0.605292502696011,1.3511849452375,-0.0355638528570739,0.354629415934711,1.42543648361762,-0.145654790256976
"16",8,-0.397617409244054,-1.02431137611119,-1.22303252775193,2.84336713942585,2.63396367041219,2.24388244023299,0.77423387150288,-0.305603996068197,0.783176839725343,-0.097851654452825
"16",9,0.385254356457873,1.43246696859802,0.484649362335022,-0.137950250169037,1.76964251846023,0.606195127344839,0.324281165942126,1.15070397575474,0.98771806531342,0.191015364099211
"16",10,0.178687554820132,-0.522975107962011,-0.309181296599226,-0.686698259491197,-1.23349205275922,-2.37733409895358,-0.82533155898847,0.213657860171456,-0.700601761857513,0.0647105359039868
"16",11,0.292502690370112,0.587639052793403,1.11666958762003,1.21541213781294,-0.0106778226124466,1.89846325812835,0.0492896828998941,-1.23097715048283,0.116463679580747,-0.134935395247053
"16",12,-1.07850689332248,-0.313025446665651,-1.5677666011425,-2.32617634964134,-1.41288869465744,-1.82820188342886,0.451082253377645,0.956808131795872,0.217412531936366,-0.0655219056034592
"16",13,0.232974947264562,1.13776753137973,-0.601899191435483,0.140136765195573,1.52186966221213,1.59503235388979,1.95312026270246,1.64888408286312,2.10365179532669,-0.0641139795927169
"16",14,0.0083620580864098,0.654868769400086,-0.0154084810591606,0.65215728251824,-0.487065134939304,0.434567714771986,0.349034683934917,-0.153565636515249,-0.159622368301235,-0.0515755330097486
"16",15,0.221761274571536,1.15637498094473,1.4224565481931,0.729541491348388,0.593358631380752,1.06620671017002,-1.07480339707564,-1.56527929011751,-0.801169872396835,0.0414107679967198
"16",16,-0.0380498693935722,-0.583514888591027,-0.216714240816208,0.141769183058398,1.60112585671442,-0.816480407039965,-1.05422167823248,-0.740426587991789,0.0881862550450764,0.040497393328465
"16",17,2.93124292358764,2.58566126314591,2.4705464328599,-0.671884276971942,-0.63501434272144,-0.232630363521124,-2.00018118129573,-2.12916859436193,-2.46943400893939,0.00786844500418935
"16",18,0.0766802245591565,0.182468838150609,0.0028434551855253,-0.141718963057418,0.742338264041884,-2.03674873347505,0.929795190951441,0.677413973880899,0.573805994569494,0.147606395234906
"16",19,1.56537190171282,2.24602065527877,2.89273524755686,0.991520762626045,0.706695808263429,-0.326448088819812,-0.47455948133768,0.278853913200954,-0.835199201139541,0.0697456581073774
"16",20,0.411006058646579,0.400174212798755,0.432414055418248,1.91703596691475,1.05882401683277,-0.478268478287461,-0.330058276895751,1.11063793577492,0.298820012414986,-0.0492681083009084
"17",1,-2.16091831417358,-0.531913982251837,1.95156169511998,1.31398285999483,1.33123017574389,1.74947411071162,-0.2060104490517,-1.04068583816444,-1.7454150309849,0.00917149778971045
"17",2,0.380540480220343,0.116233527161587,-0.85488291486186,-1.11472170979765,-1.67734581559894,-1.07284664489983,0.817874739260548,0.269063103181722,-0.117982107317737,0.101860609488515
"17",3,0.661141514605762,-1.38013138136021,0.195322427884104,0.890939019422872,1.22024923631482,1.88426524177023,-1.48877672219074,0.280664142916822,-1.49143136554899,-0.0538361346795685
"17",4,0.97749469104946,-1.32657445114526,-1.23793950865515,-1.92681736928897,-2.23759793673637,-0.547813479084803,-0.0325328915174953,-0.304382715445123,0.854766758790024,0.072313168035139
"17",5,0.318803389878491,-1.0609463668308,0.303619132508609,-0.785009129892883,-0.668855012708077,-0.557296460484022,1.24810997799603,0.794235805439204,-1.5907037640278,-0.149249573373884
"17",6,-1.27678049949857,-1.19092271914744,0.491910159131974,0.264202142206061,0.249786051063699,0.23028834774347,0.00788869882045419,-1.2322300616982,1.17779229278456,0.0883683800423993
"17",7,-0.438920395709767,-0.875453083826783,-0.223708275189268,2.03136642703851,0.754416269729009,1.75068364961346,-2.26581252480346,1.45775927952027,-0.209110548442644,0.0592752644199522
"17",8,1.62390488417858,0.326834476236318,1.22985590164929,0.31314028503339,-0.0550788468613084,0.170078177272608,0.303615144677067,1.5815191889066,-1.20921780332425,0.0630286134865091
"17",9,-1.48743929387194,0.34210913919345,-1.16138992721166,-0.0641482935375197,-0.500657423921358,0.191368946379397,-2.1701694946885,-1.29085888701296,-1.63371020626808,-0.00641147055080836
"17",10,-0.245566303681227,0.444105186138182,-1.374103900768,0.505240177716731,-0.875559983247301,0.300803257005743,-0.928754758615849,-0.0307154206318155,-1.3697477248612,0.0660095184848623
"17",11,-0.796148527238968,-0.127576601244939,-2.89362108486671,-0.531830536059549,-0.830803141449565,-1.63697950021568,1.62843653740538,1.74888730284029,2.67038699065311,-0.150952687899241
"17",12,0.87818390184547,0.450470586949501,-0.484317310079335,0.301389106623919,-0.157282075530697,-0.498069360645148,0.555103925991368,-1.34948558743476,-1.04300455098182,0.00854559738959284
"17",13,2.54335216220154,2.48895165988427,2.23396683573284,-0.216794436768881,-0.214465753816799,-0.79669207121646,-0.80824048935379,-0.820433717269038,-0.316209881004528,-0.0634474627475969
"17",14,-0.566278604044039,-0.410075412084648,-0.464581511988798,-1.03848031827522,0.24895567059911,0.381335443797402,0.434330272626375,-0.0412898126880112,-0.93223202233654,0.0526551365618135
"17",15,-0.863831328744111,-0.38173066327388,-0.670914744563373,0.280271006733369,0.776051482453732,0.898088804339105,1.03971812848226,0.961919537667119,-0.463376305750315,0.0134388543462867
"17",16,0.956845859041318,0.260860954339013,2.464606728822,-1.00080525423119,1.41176217865674,-0.344098377878733,1.8873554870597,0.928970127140526,1.25905546591816,0.0516760856231149
"17",17,0.0890345789685132,-0.116757804062447,-0.428012215920262,0.503504380491639,0.128349187000902,-0.859451112604051,0.422928267607135,-0.543648979640499,0.46742881759783,0.121038185246658
"17",18,0.621023648053643,-0.50299817015118,-0.129576516963482,-0.550645785567575,0.401578920108725,1.01988864323517,-0.470896395241369,-0.644701991260158,-1.09654164659378,-0.041990462605377
"17",19,-0.39334047344724,-0.41956286295123,-0.670153858139118,-0.767256578469244,1.14061913676713,-1.04903263439146,-1.36129521436931,0.599474613632703,0.166224482800687,0.263027437304365
"17",20,0.168712290933335,0.324374826475571,0.628005621816116,0.31023548845326,0.187095378580552,0.586996643022119,0.974327506915579,-0.0538395848366853,1.70519021180885,0.108284433438968
"18",1,0.134446669041399,0.507839750185574,-0.351339467495244,1.93077403273352,2.29362565856202,2.19095720013045,-1.49705431441111,0.0654367756073283,-0.247538568300922,0.00724111028235557
"18",2,-2.16348187795569,0.479539985736336,-0.0632680743645643,1.16635232182803,1.65542616233544,0.993871462629389,-0.394366717006297,-1.41885481517748,-0.295841731519323,-0.10045968302337
"18",3,0.730066609582066,1.64353957176517,0.467861312216378,-0.0808729702774119,-0.0293083225317123,-0.0490374353214974,-1.24477712020032,0.722515202418665,-1.33216527459947,0.0265254235069436
"18",4,0.418276231483774,0.531122399024232,-0.697984452201076,1.31803241473892,0.383698390517235,1.09790091576232,0.465089744379568,-0.509127933621725,-1.23422338378876,-0.0456897942338758
"18",5,-0.884586882878443,-0.0625021978596591,0.574994752557715,0.791668724985052,1.37549689548065,0.072936149385999,-1.84322265275662,-0.0825900378591648,-0.0105923777158749,0.14192318840189
"18",6,-1.38936386737764,-1.05466295386018,-0.562813536956197,0.993545042893987,1.46064857902394,1.07628839094344,-1.63156886509381,0.329187310859575,-1.18383625734863,-0.0590370403368256
"18",7,-0.837428100942579,0.514671794617172,1.51004727945826,-0.842408071522915,-0.55725598340551,0.0289807213907293,-0.939739477440131,1.99296956837122,-0.113575656555634,-0.0143045059654851
"18",8,1.62289280432926,1.21454080533454,0.159093066574511,2.10850591059166,2.93485908649563,1.63744077274442,1.49761686065035,-0.547368356413538,-0.205435087560317,0.146797964174128
"18",9,1.34252577546281,-0.455309794984618,0.590182159303054,0.996709824289159,-0.153360979500261,1.01439708795521,-0.40976733305214,0.642792114613246,0.97325580310945,-0.00478923081220015
"18",10,0.457890730904149,0.0683997564839651,-0.583032030497235,0.476968562098792,0.197190581908148,0.136749889552737,-0.715865089591635,0.271926131643944,0.942216415495577,0.106518372448457
"18",11,-0.36898728404645,0.873950887937497,-0.825673553875121,1.39149811501216,0.476767875474165,-0.197688814206893,0.228502889851635,-0.250991488032779,1.67366685315915,-0.0974518489968933
"18",12,-1.63343503530025,-0.945723422229147,-1.3797989155824,-0.59818686216233,0.618679760645943,0.592598123153146,0.54726459514152,-0.83791577346479,-0.563479235850944,-0.047090602618544
"18",13,0.77495931762201,0.888614844902971,0.802767616712969,-1.65608236913579,0.763742958159383,0.224255287119271,1.32875179068086,0.553907425690165,1.74625267122852,0.0598636616666377
"18",14,-0.409056198785354,-1.77385741809834,-1.16877314934969,-2.15256574316549,-0.327659751940266,1.9949861116938,0.557193357563383,-0.538997377526164,-0.256402908230587,0.0685746951759772
"18",15,1.35223191603363,1.1923375337231,-0.132171495279579,-0.00800416448219327,0.61208974954157,-0.513160372364687,0.635275664240076,-0.46405095006892,-0.494871336848374,-0.0812158650200191
"18",16,1.22121720773328,0.520414253755161,1.13415017879646,-0.114027593438716,-0.094684006103393,-1.20947067144107,0.212409533064584,-0.13704373317303,0.843600343834529,0.151893946851678
"18",17,1.11387090213425,1.55474830381338,0.704245863872341,0.156927364711302,1.6814509383232,-0.218696634870931,0.817077285887357,0.380770110541504,0.645408591712924,0.101650529728467
"18",18,-0.0976584615576661,-0.365072232757168,-0.60325495132007,-1.10359680554574,0.18247094281395,-0.503833160835492,-0.0492226770525128,0.017045006257833,0.166513437601929,-0.135357451651378
"18",19,0.519861604356751,0.538421310283127,0.0426467052035896,1.33653364391056,-0.413596150307958,-0.349478218923022,-0.944547674154444,-0.0636032349265094,-0.370484968327414,-0.249642791899827
"18",20,0.668909037161186,0.604112807626562,0.501209054252641,0.278394280291574,0.254722309224533,-2.38788003930826,0.107088300948331,-0.531526437607786,1.27562165615516,0.0270223226448877
"19",1,-2.42757876997487,-0.537552383542993,-0.827730524928548,0.567688610393825,0.517215644050391,-0.092682667966173,0.730059654519437,-0.221724831166884,-0.102300396555381,0.0159842149401491
"19",2,1.49234103504177,1.15587736103382,-0.271816745808527,0.584201856001402,0.66500961319098,0.701968831999148,1.24951129008505,-0.0798024771213638,0.687341089167638,0.0661053760637692
"19",3,1.47025790119732,2.4349455795752,2.24967366600661,1.14568026129445,1.38509078651546,0.0676931320542267,-0.958728462278181,-0.88484390238756,-1.04184391150933,0.0707870359785919
"19",4,-1.10479630756234,-0.233999353355068,0.388091339626653,0.903584189743251,0.372376226203255,1.07538615541818,-2.05409866562026,0.978016456399176,-0.481326325877413,0.0585406844183963
"19",5,-0.145066030554612,-1.20813725849521,-0.462473275769522,-0.00239640593200993,-1.10460744449831,0.0495381447664065,-0.102080116412461,0.040163455298128,-0.575475193110721,-0.010497952131633
"19",6,-0.79726095635149,-0.722236916388588,-1.64465380750394,0.0960189894019085,-1.01222850897666,0.836002444683883,0.178892343566053,-0.177128354620315,0.23634836085001,0.0609433610249693
"19",7,-0.124481653194307,-0.586945734091335,-0.0342944360418213,-0.239605469939093,0.803282657957254,0.277578532618629,-1.78486724798624,-0.53571808363191,0.2950085555979,-0.0339048537917573
"19",8,0.998588347197664,1.6023130846728,1.81114927637162,-0.267182071820586,0.668554331865379,1.1223989904144,0.501255951126404,0.52915249871655,-0.225391811327944,-0.00969510844396132
"19",9,-1.99129963782583,0.137559286831648,0.143204431513364,-1.14448591619217,0.421764178960256,-0.0525056338730575,-0.0975113182198089,0.189527958876519,-1.81514565086988,0.0736738132991812
"19",10,0.57129536489877,-0.355242040056617,-0.700851860375227,-1.01661216165943,0.154195428124508,0.276944371229544,-0.973248174858623,-1.54302094325745,-0.208584073711752,-0.0892732151112557
"19",11,0.15894005355973,2.62454897426585,0.851085752040921,2.04663813521822,1.44790574532515,0.730346898252006,-0.762226130481492,0.0292116737634298,0.2606677577443,0.0157586460360387
"19",12,-0.163066712371983,-0.210368063892064,-0.0804483106514133,-0.656820359819038,-0.644296080980919,-0.347829786440929,-0.265090098076621,1.34355191796993,1.09928397760685,0.0468792744149394
"19",13,0.885589881224546,0.889595863903776,0.823923636193013,-0.68213031144154,-0.42437216597671,-1.35495037591932,-0.903365673475786,-0.213777094647413,-0.27055910767929,0.0558335986337636
"19",14,0.718494142986932,-0.427414658202292,0.228554026104736,-0.425483749770341,-0.28539430741755,1.15194863574398,-0.977992424399812,-0.297345536337056,1.23878334008309,-0.100660482929843
"19",15,-0.821610840775618,0.434604590373387,0.114447460414039,1.29109772220928,-0.0306429209280206,0.164242008344842,0.340635337927065,-0.185124507600527,0.515625836854624,0.0605639318165435
"19",16,-1.19241761326998,-1.77366309463894,-0.985144066020796,1.82622299147918,0.903928290793278,0.608029472053976,-0.414392442113022,1.06113991448687,-0.0253875961078174,-0.220378708647457
"19",17,0.519676230883006,1.0838835759578,1.02213792680078,-0.036931577369508,-0.0932788429199142,-1.34937236554604,-0.111890826223948,-0.290798971267415,-0.216311180025011,-0.108552132401586
"19",18,-0.794820082766677,-0.752607549280571,-0.184365471180822,-1.72236736395828,0.239205325683521,-1.73950472649228,-1.29659524027135,-0.957847630999559,-0.849976347314194,0.072152884371703
"19",19,0.147602631161167,-0.0641173039881207,0.293093904009536,-0.0901261954825902,-0.206131319750728,1.10656972044082,0.281332481266581,-0.136143294334212,1.66350404075481,-0.123923671475434
"19",20,0.176873003006128,0.268517544692318,-0.104512231203443,0.0924260617982498,1.09139170732058,1.4291726254545,-0.119942235237127,0.211824524872706,0.561104134496564,0.0645866265471968
"20",1,0.613920584011105,0.536189479393954,-0.173785347440378,-0.479487698907408,-0.733997541412157,-0.0101044006211465,-1.2802187650388,0.613194961715273,-0.369604971062949,0.100891464168701
"20",2,-0.474678111057151,1.45998076750906,1.18921763727539,0.711335916227988,-0.416552431846325,0.37048926271663,0.334954617459695,0.228957249354191,-0.147529605582023,-0.108844677675983
"20",3,0.671232962027254,0.26595231658389,0.463574469630606,-0.838247656358863,-0.553417576456381,-0.398813280712609,0.100635432761522,0.0111202800636097,-1.70513974141266,-0.0302665763512051
"20",4,0.44581912074762,-0.589341129645499,0.633325737339166,-0.0798530512561352,0.635157561196801,-0.305953939732928,0.38832511101312,1.14493949748782,-1.3032837298849,0.0884770379101145
"20",5,0.724094080383252,-0.393202927580652,1.78521002447918,-0.656985497104219,0.995359494777347,-0.197824821563014,-0.291661469503749,0.0811693434533274,0.596009683224006,-0.145133845042606
"20",6,1.45002341006339,1.4684441261857,-0.05181886533829,-0.115846444400991,0.743208144510918,1.67757953174934,0.781468073439586,-0.396580621252152,1.50798009986818,0.0506361958533368
"20",7,0.9812757605618,0.927955226845812,-0.0529823437081963,0.465084577178197,-0.808376864219853,-0.139982637772671,0.20996768354827,1.61168502360904,1.03706431981731,0.078566436146615
"20",8,-0.400180554181114,-0.920274690747535,1.93544391994798,-0.976098333640054,-0.948899491781084,-0.695743074471672,-1.03273506955962,0.00827594458466187,-0.634930432365798,0.0417461462238147
"20",9,-0.177816292899356,0.576411279345487,-0.208870699183601,0.793404524893093,1.39610843508788,2.20165609934122,-1.04789569848545,-1.11736229434267,-0.8479173184091,-0.0570141354025609
"20",10,-0.765389958534021,0.738001469771181,0.127576519386769,0.655186312384362,-0.0978403993215409,1.1502113840635,-0.0265122175717539,-0.632733565769114,1.1475974776967,0.159959118935951
"20",11,-1.12525132770598,0.270450461405831,-0.172629703859578,1.77802545690832,-0.131929156265802,0.460878748497061,-0.579141943135744,-0.860620915952418,-0.409745360734391,0.0360639957385466
"20",12,-0.339351952171803,-1.48678919617224,-0.692668483111626,0.99974564575524,1.07116424864714,0.881921789757375,-0.606884343466672,0.942970086686575,0.637896550853466,-0.040612874713777
"20",13,1.60319209382605,1.41546485416118,0.633241908438365,1.09687610114778,-1.34445307659222,-0.61718428150451,-0.0545029897115715,-0.652269366997276,0.00501253522243326,-0.0226245417486162
"20",14,-1.2817348708799,0.508342715787241,0.459304359731593,0.45907621513532,-0.988213915409502,2.33068862821074,0.339711492272943,0.513689885657257,-0.548955888124553,-0.173454736523934
"20",15,0.936424330619124,1.55371429262744,1.30630375819453,0.785062048043429,-0.103076541018944,-1.46566461229911,-1.29732814844107,-0.517860429657333,-1.22540614872528,0.0844580998059869
"20",16,0.572754777773914,0.852756352123175,1.12657542469161,1.05894183974127,1.4182128032065,0.545426780547454,0.02284110543738,-0.616131567279744,-0.0020765942908462,-0.0684037158544914
"20",17,-0.147788261830236,-0.421088479803123,-0.123354630390792,-0.682879021650307,-1.74899307118586,-1.73965709132293,-1.37250178110939,0.316234254195117,-0.253464760267338,-0.0392959413168875
"20",18,-1.79253894075644,-2.01269165368225,-1.91819274601963,-0.866463861477237,0.120587134974228,1.59959602746266,-1.59368465653914,-1.4703038449489,-1.62185232380346,0.0776905582734754
"20",19,0.468889496725433,-0.27852912967957,-0.253826761834117,-0.600583960488041,-1.48835624648482,0.733636127394839,1.37943324079653,0.111052187352132,-1.24885470263377,-0.0350391788932201
"20",20,-0.534177568265393,-0.402747765106017,-0.505003430715625,-1.13236830178902,-0.701876460390494,0.247261916794377,0.848858731210173,-0.671223430143846,0.461344573243331,0.132825996401584
"21",1,-0.951598979491226,-1.02900586668306,-0.0235748052178725,-0.324337769154147,0.0680129684305447,-0.425634103159584,0.275803520506945,-0.805387623707851,-0.00241780708987796,0.050892632579291
"21",2,-1.24833867568105,0.0140565375894863,0.154236363191597,-2.03816826084487,-2.14866713627833,-2.12754126577424,0.343233435069591,1.94407694994245,-0.862705403270286,0.0504008189061693
"21",3,-0.0256525167402266,0.117326316466533,-1.44437183411259,-0.133902463421218,0.113383843429877,0.150836643435513,1.02117943892689,0.977044017554155,-0.163587577764055,0.057065544929131
"21",4,-0.444201005150894,0.974706658242377,0.557409868949713,-0.961399202892839,-0.290220212158736,-0.190449461574699,0.746031357419874,-1.39742388531064,-1.08160992703357,-0.0782849317852879
"21",5,0.580922597156182,0.921360615968597,1.35518011387315,1.3642208839308,0.218227316144807,0.453923228181107,1.47767001538789,-1.13492170574032,-0.619346817858081,0.00759857341009487
"21",6,-0.918957289477798,0.307603703988051,0.977909967350144,1.03173012092417,0.410184532108321,0.242244952575104,-2.04800903739313,-0.262232805787977,-1.84347742260114,-0.0167612202135957
"21",7,-2.23183045767523,-0.968829431745057,-0.183341928978706,-1.15667284743756,-1.76065057824911,-0.531191357575011,-1.22881460368177,-1.16064621485692,1.53525868468941,-0.0907683116983479
"21",8,1.17721441504699,1.05227936293974,2.31999472478545,0.251784507597474,1.01533565603312,0.372253420088755,1.78093085715561,1.00886667430782,-0.496256969669234,0.147385380391073
"21",9,-1.19916291879105,-0.883962585636411,-2.33587224530967,1.14754884926029,1.04130762635594,0.452987409695406,-1.6866483011362,0.536661264556897,-0.687947841734734,-0.10971204198355
"21",10,-0.633993689481021,-1.01471881902326,-0.333054465557613,-0.199336702250039,0.64164865965171,2.10964900177634,1.28145917926148,0.715197717752535,0.321414146926202,0.114477242769244
"21",11,-0.54721447053429,-0.396468233229333,-0.165147011978784,-1.36615276751654,-1.15440933235443,1.23955953323822,-1.09889780975539,-1.23974889810799,-1.52706276497584,0.0833653354832083
"21",12,0.611075301265775,-0.113083955694386,-0.39159083227111,0.0268397637262645,1.20619213672194,0.504936922410491,1.54768329302322,0.33986486568549,0.328056343248319,0.00427259464742359
"21",13,0.48812041132699,1.29637406967465,0.0303463758184397,0.323768448834966,0.313757445852277,-0.766993934250162,-0.581775133843829,-1.25477789237451,0.306583402442239,0.00520217089080327
"21",14,-1.51587301289137,-0.947226542492046,-0.539276907267175,0.376612985566916,-1.22358771361953,-1.14724645571508,0.579555720679803,-0.0961463124661253,0.579021043304096,0.0237124728507485
"21",15,0.569950715754394,1.37727296422219,1.61554756863594,0.698419783130832,0.448545303287222,0.961302107618369,3.33046625686111,2.83941053492115,0.371922449238779,0.0735186884643089
"21",16,0.0679451094244092,0.37747700585553,0.0735640682573436,0.686110264447713,1.77467896154692,0.76473288963805,-0.222432842649623,0.0391316312310963,-0.715568261763957,0.123844558502022
"21",17,0.000128077747270527,-0.93699286155065,-0.497827792719131,0.374891515973764,1.76615394440182,-0.0170696899270051,0.749913333711754,0.584442233929522,0.232919623555013,0.0732608578259072
"21",18,0.177329410818346,-0.451375761640433,0.0462876692767076,-0.86426550020771,1.76655131973252,-0.490832587398435,-0.847585993892013,0.271479186920021,-0.0363305022484142,0.0385855456132613
"21",19,1.26703158591783,1.6024417353945,1.64715053086474,0.413586770853728,0.767424247119358,0.741369430254618,-1.44194169633093,-1.3536907615625,0.0277244271751656,-0.0701267231144657
"21",20,-0.465053967412923,-0.45369697068239,-0.342153219152462,-0.444760385205718,-1.69485890817737,0.634414025468567,1.60616984537521,1.11056678247731,0.517363150797226,0.192353325443322
"22",1,1.00371852899398,1.24163588769581,0.0700006170190954,0.442026086439077,-0.257930207515483,0.361045980873454,-0.108412023700817,-0.713474627265823,1.21811107561405,0.0530094555988439
"22",2,0.966706097222742,-0.739637971179348,-0.0638543292149172,2.22707266298064,1.79712525855604,2.46477318577325,-0.0224881518890593,1.18008416918943,0.401385207568121,-0.115380142182231
"22",3,0.177818561815389,-0.696499649070851,0.107106327214911,1.0218523306681,2.00001739769383,1.19056732544631,0.629758269452573,-2.08207110751487,-0.816648528257275,0.145518346690893
"22",4,0.309474837069185,-1.33585081403135,-0.765367242071593,1.30033573466135,2.5745990788756,1.98179909339965,-0.81899800504656,0.970838628952292,1.08271724033216,-0.00348926744092927
"22",5,-1.31843548070837,-2.86605675737003,-0.21641219385811,1.13111208139592,0.257798933018316,1.3720673016295,-1.80921054428999,-0.209842371076549,-1.95043769360696,0.00655491273400341
"22",6,0.196807414360842,0.385980099458736,0.0777858506103802,-0.00249609824547706,-0.585665141952534,-0.950289971424286,0.271657282680035,2.75568261004137,-0.170495609683678,-0.0405639527903859
"22",7,-0.0610425359194467,-0.0654136757434832,0.0804973743986476,2.25745404290231,2.24069057765972,0.907463259968217,-0.653887510700594,0.425018156959056,0.713806228151558,0.0510669538737337
"22",8,-0.550915763952899,1.29003116145398,-0.42343287872344,0.112940640101755,-0.186146424817913,-1.42201915426023,0.316796024551396,-1.76112406235226,-0.480928611291877,-0.0941849743458552
"22",9,-1.05892981589103,-0.648848447305182,-0.321108380885084,-0.310021634748387,0.667098394190929,1.54828219138195,-0.918792637065338,0.85050145040824,-0.829658244740822,0.0810617056236811
"22",10,-0.752869858071158,0.110596462683138,0.190448428632647,-0.554009130020059,0.739875317138856,0.802664488542073,-0.966742336323116,-1.57511561995118,0.29198368319088,0.132232847875712
"22",11,1.13552166624802,0.919605606941042,0.682190603873581,-0.55359697303045,-0.0912105355376281,0.126054870292469,-1.63279566815036,-0.564965901860352,-0.127424410115371,-0.0570171228524892
"22",12,0.730377815061841,-0.144073412703411,-0.0930046861464954,-0.277820726360686,0.679247529947037,0.906601199413769,-0.20088841199603,-0.985533958721062,1.11275757552875,-0.00679286809717174
"22",13,-0.523826419767638,-0.527645620021064,0.393432313909036,0.37256902171175,0.899729461952239,-0.290577790406398,-0.467926664865587,-0.162958997661196,-0.479213867549921,0.122745141368154
"22",14,0.122406799236539,-0.308100870491454,0.0237329865994531,0.834267457499435,0.354559857591471,0.425258979645313,-0.0129185190715931,-0.00600015639366488,0.861198060203724,-0.0263556055391687
"22",15,2.29476433492669,1.34520271078978,0.840644605574227,0.225072757272328,1.95625635344185,-0.545131667015433,-0.390330453625488,-0.669835465774834,-0.43897919346924,-0.0727622032560444
"22",16,0.459038457523814,1.09823574944622,0.508139156872048,-1.12509003537424,-1.59895624558553,-0.385549818135453,0.0486146870258405,-0.889249927899627,-1.14658307605229,0.0400620149202585
"22",17,0.811103764035431,1.00266639897684,1.48507748785658,-0.142541758957988,-0.084562563735052,0.971028103186406,1.24429011831661,1.2836364872797,1.55655750704164,-0.0191227063327956
"22",18,-1.00135633173804,-1.4944488797007,-0.554576983514399,1.06951635120571,0.635121858404372,2.33106872804874,0.602248854066633,0.245722531180465,0.300775909681909,0.0168223481889137
"22",19,0.373737724285359,0.31313485504106,0.35163189985514,2.2331421754792,1.79095735182936,-1.55517821991336,-0.255764248905044,1.25501077045609,1.18208766207541,0.0254271178140441
"22",20,-0.309904452109427,-0.0538809987465104,-0.388824155072717,0.0720236905452763,0.526128074456642,-0.802180312815004,0.216439083104122,1.474645080328,0.311333472919737,0.0684013667085419
"23",1,0.0126250106919088,-1.20569176880763,-1.81200426083669,-0.0506435462350557,-0.138785170269011,-0.30224324200973,-0.450692041628085,-0.159796597837291,-0.51828316017779,-0.0088962775603816
"23",2,-0.045916828527451,-0.116769768981941,-0.319187999103994,-1.57764002537456,-1.20780643600841,-1.65822093865005,-0.333004325712753,-0.601521226794302,-1.45218707370816,-0.00787197700591242
"23",3,-1.17925094325587,-0.241008394038454,-0.553088163729156,-0.394369489963463,-0.450890164133142,-0.691186267275112,0.217236819229886,0.847534720799912,-0.689381073968918,-0.0159160893480625
"23",4,0.991119113652468,-0.249383110986676,-0.155669529798493,0.152804332958834,-0.0351167587108301,-0.00881446763556117,-1.13329749940711,0.320462277931926,-1.33279712517182,0.165119166918338
"23",5,-0.420687666046537,-0.911536392456207,-0.696347063260535,-1.31283041171452,-1.68460758276773,-1.71432671336567,-0.362799669296407,0.746015487512197,1.67753643394035,0.221150329435402
"23",6,-2.73798235550235,-0.380879913276875,-0.467915241242577,1.08278091428632,1.90168214150454,1.08115313910213,-1.98805751129441,0.723646522775008,1.18210742460275,0.0142686663351155
"23",7,0.258596826547789,1.18694956961886,-0.0951535171932134,0.0895788910693057,0.702816122891685,-1.06235334973465,-0.498488448513414,1.21477993543852,2.22364151603429,-0.0443154079287403
"23",8,0.105873710111441,0.843872607179257,-1.13136335140003,-0.272423041321812,-1.7093268024477,-2.35961759212229,0.797417229988225,0.0654543605393611,-0.779642943043276,-0.0325098391962322
"23",9,0.65274128155488,1.45845946498741,1.55562897202998,-1.1856504327506,-1.62715239373678,-0.06361613059859,-0.0513290909099273,-0.468293248440957,-0.318448368468399,0.0981015372024442
"23",10,0.801931466522476,0.727177238643101,-0.501191713774326,1.02358714859335,0.892731603996494,-0.173147015939241,0.285732645005835,0.09150459141275,-0.247250359917765,0.0669631066689659
"23",11,0.235528128252673,-0.30450395468638,-0.878566315266209,-0.0229346838350554,1.41598691563603,1.7834424986291,-1.98544998301814,-2.11249778501458,-0.817853332172123,-0.0513886982579508
"23",12,-0.47064038666163,1.00484769322286,0.852977949712927,0.761801106902725,0.311896169106986,1.09523970568539,-0.293150669381948,-0.388717205596591,-1.58294070371215,0.0737839327136644
"23",13,-1.22431292029497,-1.52317342725932,-2.29962790666707,-1.46425176127961,-2.14233833676723,-0.32564226355021,1.81911192970865,0.0305730147271337,-0.48295732354274,0.0189551420826056
"23",14,-0.642012972302175,-0.966795122315125,-0.619847039815381,-0.717907256814545,-2.02802535793463,-0.495293599633496,0.117880946814729,-0.951941046332579,0.516796178993273,-0.104197558472878
"23",15,-1.33657157982232,-0.187305016879483,-1.22059932737785,-0.792830659535134,0.670202553402028,1.82478195466888,-0.35933563958856,0.134943882239446,-0.00436696990353122,-0.270566482624113
"23",16,0.045430604156264,0.00131038760579918,0.17176087889342,-0.052732843562064,0.0427911017468534,-0.523786703560767,1.54084687422602,0.228798752168564,0.673320334444574,0.118025933489362
"23",17,1.88926832235548,1.30117158157028,1.70563460627087,-0.9293869989531,-0.0278131068920592,1.73067644179135,-0.288758937794461,0.0342722909299444,-0.165758125188197,0.131790079887405
"23",18,0.138589858987268,0.740267638838912,1.00169547106679,0.566831376066773,-0.537585474006121,0.53418116901004,-0.108032246220627,-0.283564294298779,-0.2983946394763,0.0437739455305489
"23",19,0.566767327860646,0.922047441650806,1.20016532960439,-0.0253231135135283,-1.65150113151539,0.558518758945654,-0.357478238055482,-0.684194326262275,-0.786431375120675,-0.0808840382986296
"23",20,-0.0465535775757418,0.572167233355602,0.0860396856328391,-0.209054277719076,-0.33697532007671,-0.269806079719804,-0.896824766791586,-1.36534150242708,-1.13909664088441,-0.034363020724934
"24",1,0.879924913378239,0.839675083279609,-0.336489662287715,-0.0210356792114561,-0.274149514664698,-0.551959148144278,1.08587248055178,0.118022560757794,1.23628257552015,-0.0155927902090714
"24",2,-0.308963904744313,0.779015903099917,2.05861572344096,2.11737049298821,1.8457694754833,1.6669574462783,-0.139590187222396,-0.503714430951415,-0.769254969098372,-0.021780909296085
"24",3,0.673470030000929,0.496933340433912,-2.21424954309152,-0.0554681323133891,0.745885838214084,1.21735914733446,0.156403103569685,-1.47008373414226,0.697917775337683,-0.0188064370259141
"24",4,0.0215364810534449,-1.16758602109475,0.00862848193838012,-1.00398168085936,-0.519227947037673,-0.24676259677025,-1.48783450260836,-1.83544022824088,0.603415567077687,0.0905109559374024
"24",5,-0.534662589457703,-1.33167662161857,-1.80006661175662,-1.33588027127404,-1.05944189021382,-1.28035418900642,-1.11340775931429,2.10980828250855,-0.383270057218788,-0.0910073065563703
"24",6,-0.0734898163027282,0.216445864073151,0.156732357354536,-0.565422211422385,-1.45744367433629,-1.02595482441716,1.24836419270242,1.07252921102281,-0.812781496745994,-0.118090936224192
"24",7,0.416233463258648,1.38042018179435,-0.853458460434588,0.383169895675216,0.988626920552386,0.944220859318896,-0.567641216526943,-0.601933231712842,-1.15968033824835,0.191957595572115
"24",8,-0.321945091016381,0.815715511774217,-1.18235673910623,1.10165927009414,2.09405643387188,1.56001716319386,-0.453305363905764,-2.31775499015696,-0.465700511180858,0.104254266375056
"24",9,-0.280439721239946,0.319172022424468,-0.997013817852834,0.851877651045252,0.396215767465551,0.601859240810795,0.707059625533866,1.0623226366027,-2.12087333272338,-0.260931627420558
"24",10,1.16636770848366,0.469007016870482,-0.0296285476860129,1.08306888853492,-0.00254583669794778,0.202415510076817,0.497885938886208,-0.194146775652278,0.940556073461577,-0.0580821467016832
"24",11,-0.0646235141496244,0.817967957899961,0.964623791047827,-0.461253966011873,-1.0263074238801,0.770983664222802,1.37889724351007,1.6895386861481,1.3000751440381,0.0674844464386199
"24",12,-0.312415639799299,-1.16081739517676,-0.792040602354102,-1.79552000280666,0.809473417784685,-0.828374339320055,0.331459435146099,0.873034467514622,1.31997788159347,-0.106048007303322
"24",13,-0.684596130224177,-0.656772859946253,0.142627513670997,-1.38437827067731,0.395866571359115,0.231422969410661,-0.0845176584717552,-2.55127079400987,-0.683656417415075,0.029896989279463
"24",14,0.37314424168677,0.526713382815794,0.85341456704159,-0.071633214398122,-0.813118641160849,0.0881709212195877,0.331461707584648,0.83525700836867,0.0467127303435155,-0.0453896022442083
"24",15,-0.438691814248561,-0.204099662261772,-0.0219513857332255,0.0714272001089509,0.54261909790964,-1.81817001434344,-1.93010931845897,-1.79308153088421,-1.83103156528272,0.0292769176216949
"24",16,-0.074281556702741,-0.451829325002626,-0.0862756330454862,0.205005814361635,-0.872747689902409,0.840927201528353,1.41436021142713,0.955879169791757,1.37888070563397,0.0355602219346819
"24",17,-0.569514810512807,-0.588228591362297,0.265286753698218,0.467379816906827,1.15796420496302,1.48282006320715,-0.354754533397344,-2.21840047447344,-0.206346966384518,0.0968567548108737
"24",18,-0.47128740789756,-0.371626747192933,-0.11035416255169,-0.16784539993571,0.184053898276061,-0.676309975436253,-1.7560647489289,-0.400217662793904,-0.150961879251013,-0.0993815051798385
"24",19,-1.37562974837728,-1.78704796629676,-1.47871719618685,-0.045131987857069,-0.644109330993483,-1.62872972107164,0.626872586033192,-0.0127320014124803,1.8723527262899,-0.0355158644875089
"24",20,1.70961314670455,1.88858815049897,1.82876199513345,0.051355240151212,-0.298204327963249,1.30994264604253,0.0055310509621069,-0.113428839399721,-1.02610198654224,-0.0481525027975165
"25",1,-1.22563538966275,2.60171399670672,-1.33863972256253,-0.58013850879019,-0.896710308820059,-0.850208980933936,-0.619609760513819,-0.181046048906465,0.72872694915336,0.043132438174732
"25",2,-0.301104174137606,-0.329195458313867,1.47351146389575,-1.87028483832315,-0.954617359293075,-1.28715827870723,-0.434601748934574,-0.917807042117935,0.463704348384584,0.0755018518865497
"25",3,-1.99050253758246,-1.52783364787042,-1.36639653180564,-0.280783996501291,-0.215643358646749,0.0822934447395267,0.610492561217453,-1.1544823666142,-1.09401961740104,-0.171918807010958
"25",4,0.605001285155533,-0.0519261201712746,-0.139623339087968,-0.61683092558763,-0.296496971651481,-0.977028778306422,0.943537093491695,-0.141960008978535,1.49575358834722,-0.0820378598646482
"25",5,0.936317292203514,0.543235359521865,-0.659471883287763,-0.540787227319513,-0.620383168212022,-0.607717495874279,-0.243440440790743,-0.483947399867925,-0.209129524294486,0.0272551805700254
"25",6,-1.07511684663517,0.563108442289049,-1.76346234684219,1.72727892060119,1.37254503347788,0.976404594855629,0.423588106148585,1.4211500926669,0.866163502323096,0.0151753998120074
"25",7,-1.65533780318077,0.590812038089736,0.525753095699613,-0.321451240059742,-0.763836784416211,-0.293661200290903,0.35229737807267,2.33644002294601,0.68532341491064,-0.115587051842005
"25",8,-1.80198207215702,0.390637197218309,-2.34080814284597,-1.0206507202509,-0.861077548468158,-1.65583741098044,0.736796690239449,0.530046267511079,0.647867341912918,0.0527700188559805
"25",9,0.756124587783968,-0.0430739285848808,0.163026931407203,-1.77549679349321,0.955256398183978,-0.0319047639681822,-0.34945049054916,0.359779631182121,-3.17077092334459,0.0463828023409986
"25",10,0.00954467936436632,-0.404630177154293,-1.36233782735626,0.588706315137591,-2.04799399382096,-0.750324219104239,0.348419932606157,-1.70623637313482,0.475642954384486,0.00545498327732424
"25",11,0.116368110971985,-0.167457041118959,0.10786566618518,0.962679392000693,-0.132379750410405,-0.682721821657747,-0.12642784624064,-0.654437605935037,-0.712177461845208,-0.0631902353578218
"25",12,0.419472312935119,1.08891749024305,0.571394160146846,0.425150033047853,-0.29757349936951,0.121467457151724,-0.649858916659792,0.697058877052148,1.31748665735696,0.0311068233172024
"25",13,-2.36123860836193,-1.53458334875086,-2.24545649682824,0.608879980030163,0.314444621704266,-1.3502842918783,0.412890404897199,-1.05539121229627,-0.298427507918072,0.0255736191986223
"25",14,0.541516243079774,0.270888303244107,0.865480954361249,0.489734245630339,-0.943960801868015,1.06099350327091,1.70035247778607,1.36132557814188,1.61183470185869,0.110582246833296
"25",15,-1.6143305771661,-2.00608476075986,-0.902123997163964,-0.779882730678939,-0.22785117820067,1.54459940705511,1.22432779654867,1.71967066181396,2.03926450171196,-0.0304095619234648
"25",16,-1.41984302549799,-1.13609737342,-1.45182937421856,1.96432454130152,1.0170996683245,-1.59779749307135,1.15462059473124,1.45477241421888,0.83521751920004,-0.0394797117825127
"25",17,-0.665417155203863,-0.155284984252743,0.130862763801096,0.0784805647395668,-0.0118403213019105,0.0367470037546468,0.347984101223828,-0.0127852053338691,1.63474798834692,-0.138747356262948
"25",18,-1.15737449351773,-0.655334963767628,-1.50021438905638,-0.0199439885249662,0.588434000651156,0.0535925134613584,-0.358403590392559,-0.672053851486776,0.590274644113133,-0.0955331607039111
"25",19,-0.3572612284682,0.220308778603566,-0.177389634002769,-1.47160593792243,1.17321511606195,0.242562606178498,-0.412711394183885,-0.324688761679622,0.343289337154705,-0.207830497463291
"25",20,-2.73690928333728,-2.61583215373611,-2.51417132777373,-0.262157194431142,-1.4515253525952,0.115726139193661,-0.521310502615104,-1.10798219960384,-0.502941705110646,-0.00120772943006207
"26",1,-0.159106028481979,1.20594802098615,1.20296756164661,0.408262136237465,0.044279319281984,0.584030551688919,-0.974427611780666,-1.5608214592492,1.24253859027752,-0.0536086031011118
"26",2,1.22880089786127,2.32708932966763,0.488326887044976,-0.347731345825742,-0.370771217688259,0.0115114112528519,1.3220471555138,1.44627250481999,1.30576297569614,0.0525119752256608
"26",3,2.21903856977278,0.41180566656002,0.984413102684678,-0.0650203180661224,-0.472289770025296,-0.662262976704728,2.05967113055524,2.2225767503813,1.1036768019995,-0.134836329322672
"26",4,1.63109661418748,0.860422566761417,0.6043262213938,0.588991697426823,0.833357169984142,0.0498884736804066,-0.53238302607497,-0.112824364034833,0.329118437731935,0.0827994943209223
"26",5,-1.40406952361221,0.419531528861569,-1.5983594053067,0.0355388969082737,0.742590964385133,0.180721291839585,-0.735059646403112,-0.762015753607823,-0.376412950616044,0.0946352090677889
"26",6,-1.33773764248966,-1.98968912324,0.386337022896193,-0.136653915220512,-1.38674915279861,-0.541497275474612,-0.360644713609937,-0.613900548799194,0.0137414475618057,0.142597288625271
"26",7,0.232187052757197,0.0470157752525403,-0.654521196985465,-0.32507523269266,-0.213565646780923,0.100482156456674,-0.0283065461072847,-1.14598752063878,2.56230353740077,0.000636614529163105
"26",8,0.221387605399252,1.4891561807629,0.657017515612825,2.02197486107791,1.58052501990193,1.11620497792079,0.579191886576498,0.547822381567219,0.867976263880687,0.119192476402685
"26",9,-0.0678659690213465,0.386234432977534,-0.467593965865125,0.785447960067956,-0.208304310812129,0.718234046466154,-0.250634300007419,0.692963333700928,1.23007470886075,0.12453771138915
"26",10,-2.17702866115229,-1.19327781500441,-1.35870824765123,-0.615406986108336,-0.719086501344605,-0.0903323078551755,0.840632378417045,-0.249449085710353,-0.0857305280953598,-0.0251802812899212
"26",11,0.209416700707089,-2.01566157954879,-0.420092254556787,1.07041480896838,-0.0191194707441709,-1.09304581771154,0.692767168696892,0.227910250223367,-0.682309623413826,0.256669712722656
"26",12,-0.461327200178692,-1.15959611249405,-1.96514173039922,0.48055987015345,0.796880708394572,-0.158815339213121,-1.25140758061451,0.375364279112697,0.218224416191105,0.152731590485128
"26",13,-1.13771320320157,-0.961290180586047,0.0675181137836326,1.43169333288346,0.859998297873692,-0.497162769095922,0.260779197209384,0.244340471141952,0.115272753452505,-0.00868037447847332
"26",14,-0.0133514152660655,0.576380044648572,-0.378038161608484,0.303442308912038,-1.11727376419716,-0.686749334197765,-0.871646099312216,-1.37748008214173,-0.579752946597006,-0.0751781326195635
"26",15,-0.438988656977196,0.84817703991559,0.284639254347513,-0.259498153528308,-0.440804214019714,0.261407970302838,-0.229775073833233,1.72042772052109,-0.498782121043744,-0.043711461064135
"26",16,1.19186767443203,1.01030902672583,1.96753369715967,-0.910072016619291,0.0251778042927532,-0.575226673720453,-1.14211478344305,0.910965600363642,-0.511016065131121,-0.0438354978817537
"26",17,0.457257737631887,-0.0590841941902738,-0.0914454310389103,-1.47354125886592,-1.35455461391268,-0.103526932115085,1.27406400051997,1.9260442341009,1.51114976795413,0.0919720462227621
"26",18,1.41110378308872,1.43094612267188,1.29977525690018,-0.100918338547177,0.399881290282,2.72598464712457,2.34429608442018,1.57057714278963,1.09242706149737,0.0502828729232746
"26",19,-2.16172782462548,-2.36262026509226,-2.19301638960412,-0.0244704866545855,-1.33975402833061,1.85000841943312,1.65862272565608,-0.14127690117496,-1.07200019476484,0.0381650201278089
"26",20,0.767655908044893,1.12026398991134,0.87260915628378,-0.0117203397465386,1.2920919934199,-1.26870701055941,1.46366480778192,1.66817133923316,1.29762452969306,0.207599104385087
"27",1,1.32315667791667,1.22413193458852,-0.736075419635417,-1.21301783842319,-1.00886578288591,-1.1441065071708,0.775956402558439,0.773124714260611,-0.366658783988914,0.115689005983806
"27",2,-0.361780358660887,1.59602149577922,1.33107304602935,-0.14843417264182,0.336666595787477,0.329951645656888,-2.06819357250678,0.485007414865286,0.293272273442441,0.10677374050313
"27",3,0.521334454015743,-0.495138549032018,0.111477872703812,-1.04986038837866,-0.882956383015674,-1.84221590214829,-1.01861460895253,-0.510004325023199,0.818605994151416,0.0441895980345082
"27",4,-0.574150594307172,-2.11758607519356,0.377222217970436,1.08249215832907,0.697514179023224,0.512200581661458,0.334094403002205,-1.14921076413701,-0.993109717104489,-0.0631997254598426
"27",5,-0.28240138519045,0.630464487225632,0.244470893265795,-0.116420578596919,-0.546521356205392,-0.622845600695094,-0.698887387641081,-1.14793205990022,-0.234998194459015,-0.0136859113969506
"27",6,-0.961187572100788,-0.642761235765426,-0.298618321347064,-1.10354251163772,0.20820004471661,-0.542182561752136,-1.57853601010359,-1.34302702953111,-1.03060750310838,0.141071884360915
"27",7,0.703993977468945,0.786909937078581,1.46542398930941,0.206943582584897,-1.07575988794393,-0.67062079725396,-0.194898799774839,1.16697920389151,2.22507787412308,-0.0528722100956775
"27",8,1.66924609902313,1.99501363455433,0.69738743068446,0.310329906823493,0.181182458119936,-0.575315195871387,0.536931385294122,0.136278013103678,0.287083122768974,-0.176271469602308
"27",9,-0.930628354395095,-3.34918189935392,-0.453251128244909,0.824193847405573,-1.63768627671165,-0.18758437132976,-2.11660255482146,-0.216980422689633,-3.25938476962775,-0.0302870035363515
"27",10,0.60214919678784,-0.164450492043339,0.509577333787344,2.16140836349466,2.13138365530323,2.16891689875873,-0.55672806966269,0.688059817103052,-1.98170004159302,0.0468987326477702
"27",11,0.0841964756070158,-0.385440299635268,0.438938869516499,-0.529529485774939,0.069194251752107,0.400901051507033,-1.6228700706203,-0.472591901947954,-2.14789520027256,0.104525776649774
"27",12,-0.695818843132001,-1.31626098287898,-0.762520778706039,-0.107966780395496,-0.265757909816582,-0.60588842977851,-0.522499077257858,-0.434522752601499,1.07066304093149,0.0893267368025648
"27",13,-2.1213457544046,-2.21652159695456,-1.1440314284722,-0.452495898778569,-0.73456628468434,-0.329901877431807,-0.550598333956074,-0.621428693749752,0.225914000954811,-0.0723271862312021
"27",14,0.0809793968269769,0.335759109587202,-1.40077773776049,1.26858076315808,0.6439282858905,2.52023870795011,-1.73494190918043,-3.17488781341121,-1.13407562537608,-0.00997646933625105
"27",15,0.420020772985096,-0.463844320488352,-0.0763195639744472,0.25106257991331,-0.204379525268915,0.490599947112352,0.46520585776021,-0.120848577187656,-0.532354635044733,0.11721306728417
"27",16,0.128855182030643,0.260076381391407,-0.89233905005525,0.448151973088537,0.112235513716482,0.330449732337454,1.12348830604332,0.768759000358141,1.61185887565562,0.187702472273013
"27",17,0.199545683503306,0.766133981974818,0.207238320729275,-0.104641681320408,-1.50809229918044,-0.267432119172646,0.73302433591239,0.130062582310439,1.08370031122465,0.11582685486492
"27",18,-0.0320343382039553,-0.10008151362932,-0.902950964267363,1.68063885908897,2.13198784310069,-0.382935175134875,-1.61384681598469,-1.66912879841827,-1.49225900447917,-0.0186650983778779
"27",19,-1.58179416702122,-1.06921262976971,-1.10289436223182,-0.0120754258753482,1.73387630475882,0.0698717318504961,-0.445026110692102,-1.30792569077161,-0.504611156571613,0.086570913867451
"27",20,0.405994861249907,0.0789503457788342,0.0927478576478879,0.289459750004238,-2.90676745958036,-0.944634537102845,-0.271814039351989,-1.28320942621729,-2.12333455162993,-0.0152062507160335
"28",1,0.937474042001887,0.42559145474752,-0.459311637722571,-1.17062495415691,-0.83016450889493,-0.82070120507638,0.233350465818868,-1.38154061230401,0.660350692073585,-0.160171096445904
"28",2,1.06760778100445,-1.09752930121299,-1.00939919397404,-0.460070397426078,-1.60095608288385,-1.04499066925151,-0.628742344913164,-1.27021815819161,-1.03182229259182,-0.0646198000421469
"28",3,0.257921140587036,-1.34484088651699,-0.764060743171994,-1.03583936084085,-1.73702750690397,-2.46614653497938,0.739020681586278,-0.576069117636371,-0.381134028085564,0.0919020839792382
"28",4,-0.147565297277311,-1.30800427574445,0.24037824094085,-0.875718373891483,-1.11802384308172,-0.190850838596535,1.03805747719904,-1.00416455177047,-0.637364548729773,0.00102666491501197
"28",5,1.72420769642226,0.0403141235720891,0.7070339551712,0.170321641791664,-0.220562072584409,0.598150743894468,-0.992076752735758,0.184782324600122,-0.961132463463376,0.0140201210550679
"28",6,0.130932971595728,0.517355845586504,1.84572938596443,-0.629730236455914,-0.844098296846863,-2.05786940130514,0.488933675912469,0.683831917692208,-1.09974864734187,0.106683162116774
"28",7,-1.75924440619358,-0.230693484791536,-0.491267709958249,-0.841894085625475,-0.57136785470336,-0.0949930112999261,-0.0979104748256037,-1.18037108847399,1.34454033889684,0.0345043470106845
"28",8,0.16439538545223,-0.857913454384737,-0.901641547786876,1.75239630158125,1.59279115292304,2.70171916277334,1.19789026582219,-0.92205143358852,0.565867889621527,-0.0490434684597146
"28",9,-0.124636227926388,0.585482045034976,-0.331647476793671,-1.01286805866737,-0.0187690694946485,-1.18581985824997,-0.225611804765188,1.50037486311543,-0.465958705520943,0.0207346643797092
"28",10,2.43750521519946,1.54833142122638,1.27239175081551,-0.364310305594079,-1.23262635692527,-0.812116253809841,0.778677085961464,-0.14482501828921,0.205981762190061,-0.0137220604221535
"28",11,-1.3814610613741,-0.228358002057816,-0.411756659733001,0.456152169578742,0.59315631519686,0.54242687315591,-0.420230658260151,0.0929164142179859,-1.18110314017997,-0.024572824290264
"28",12,1.07188727033146,1.0606302734372,1.44617411006179,-1.83756380291977,-1.45666212606888,-1.0798043120378,0.761668564444745,0.660104949821204,-0.19299504681428,0.0843684116877705
"28",13,0.881663837295285,-0.307344181836463,0.891764161556278,-0.727490265298407,-0.509328981947161,0.071640350480096,0.15822693440986,-1.11579185406478,-1.46921452305443,0.0445096559337572
"28",14,-2.04508344178435,-2.38046148125403,-1.16398166885475,-0.877664937967528,-1.59323327225252,-1.36877833715906,1.34750575518962,0.330051947448268,1.76354372234391,-0.0123168460822927
"28",15,-1.30428747791196,0.67970293895968,0.0217282117819052,-0.402480393936296,-0.712518848687115,0.159371033289232,-0.147737498528742,1.62379771573203,-0.185489129717287,-0.0429554546369142
"28",16,-0.114182108452522,-0.550653557114112,-0.0253559704342513,1.1573997920496,-0.391028988500798,1.04795761673452,-0.61094314984575,0.254106717540918,-0.918398594006892,0.115945432026109
"28",17,-0.330474359841004,0.436796476742606,0.0956231534466998,-0.559247506819985,1.02774970393631,-0.102923079524493,0.912026018786076,0.161299154153914,-0.062459379290324,-0.121526529058393
"28",18,-0.244063784494592,0.340317531700563,0.171402236309703,-0.549488497871751,-1.05674716771768,1.3300424139154,-0.115648328349356,0.136305155916024,0.931710728179483,0.095893981873886
"28",19,1.37341213880868,1.30979102202655,1.43577546620894,-2.08086494296157,0.913719689084424,0.201083458898722,-0.21771160850516,0.349755332907884,1.45006259903361,-0.117806679787207
"28",20,2.47528486569092,2.38178214592129,2.2338834540753,1.18624940733524,0.391465906511547,1.23918888996027,0.64868653753216,-0.601940263487413,-0.695312561514627,0.273238224139637
"29",1,-0.0387444688067233,0.72158522172881,0.639241652961297,-2.59871348471406,-2.08199400661278,-2.00026661588315,-0.984027335724376,0.959396812093723,0.91658951830208,-0.103870537884213
"29",2,0.240580919953913,0.221862700417418,-0.957702280966254,0.604757491357365,0.366925432829169,0.295209011019128,0.101499662536823,-1.89915061472514,-1.75548226211471,-0.0094941859865129
"29",3,-1.17123712568911,-0.31566512903931,-0.517416703666645,1.07063810236232,0.859572354999291,1.53823863685161,-1.30456749512867,-1.91929502204028,-0.200474990593528,0.214108003032402
"29",4,1.38946225201661,0.452154901824681,0.931339297438568,0.753007453230826,1.34740935171534,0.438404179593436,-0.676772877221232,-1.56845498318761,0.0381103267469167,0.13860872815475
"29",5,-0.818144893903214,-0.3150686483067,-0.0057720249471528,-0.890619725774722,-0.442834003971582,0.0405944387418122,-0.732532929445075,-0.669096171803516,-0.449678799791373,-0.0219274363323047
"29",6,1.96888003101885,0.337233182273832,1.76052115599939,1.48935229101189,2.76227298460817,2.13354894699603,0.627918734258565,2.24665638721854,-0.847383488063078,-0.118649987413214
"29",7,1.93251629769115,1.31504916481858,1.14670332802706,0.585012584976129,-1.39537120081134,0.0577347172277608,0.244844364596323,1.32776348148724,1.95991089501014,0.050643688648538
"29",8,2.36629280721798,-0.431472227359935,0.306936702715808,0.894882625889572,1.35335567120111,1.01293173855187,-1.46047201848994,-0.417685238886864,-0.462768387071106,-0.00288386118205973
"29",9,-1.43387739319758,-0.432315412106155,-1.04567595607951,0.0021161817226908,0.49896373465081,0.501861050898408,0.377897334141274,0.255165886560245,-0.347105665898321,0.038398775779726
"29",10,0.655946343834303,-0.480894507317881,1.13590636938696,1.2467017368808,2.29787304108039,0.83072949867597,0.0913605677664196,0.235355318486592,-0.111816342305682,-0.13177901739185
"29",11,0.0171785597768865,-0.205024976503265,0.650751284429157,-0.344688434439936,-0.41744646895604,0.142590156578275,-0.688060359763708,-0.27871756424389,-0.960096769645286,-0.0260261944458054
"29",12,0.763223550002391,1.23727375199747,1.36663813647723,0.476617456536233,-0.549482531760888,0.667914470690611,-0.396215760806704,0.18058061611791,0.542623005380838,0.00906855418113322
"29",13,1.2665370611794,1.0186507368865,1.94573919629132,0.413099471983824,1.05498805864487,-1.49503280321006,-0.270072257051499,-1.35521775497631,-0.197391684700075,0.169747124452926
"29",14,0.0415122060067851,-0.517676574760815,-0.783565713347034,-1.50949057037022,0.549265330417101,0.692304783440498,0.404598898904885,1.01299357393006,0.0263422950747112,0.0813886080961497
"29",15,1.44799230309365,0.81656864046485,0.794461835618148,0.801338383657082,1.0492217118992,0.975185499511402,0.469190556709947,0.856390809541807,1.75157364177949,0.0981624815028006
"29",16,0.255876974278074,-0.0836569200861164,0.140168445214925,-0.572205691526158,-1.15136533950809,0.111018146241881,0.0539637144516443,-1.94283126335904,-2.02166762860057,0.0920429322093849
"29",17,1.54709317463422,1.24944988104843,2.61741072576008,-1.04037724674806,1.33492946018097,0.307798624298695,-1.3887549442532,-1.67980314729808,-0.628648918669195,-0.0124035198416092
"29",18,1.02927533336927,0.999347804858971,1.99950636615486,0.232753332481295,0.90417994767982,0.0451344588108205,-0.59428402917017,-1.2070434047945,-0.310702342342421,-0.142621259439488
"29",19,0.737376225073665,0.494149317673822,0.464022623186567,-0.831638043085563,1.71755232817435,-0.221074211187345,-0.010746902354466,-0.838646985149988,-0.84161756027275,-0.127511424512857
"29",20,-0.173856523023421,-0.263936072851396,-0.127915020542968,-2.0366511825503,0.91819929845229,0.882625240939262,-0.151110896874115,0.507824770921858,1.30734940933184,0.0730151729812768
"30",1,-1.85991851465744,-0.27461814173347,-0.419141913978377,1.6768403530504,2.01357714146242,1.81210186554331,0.903757014819577,0.534811734878923,0.664790543113206,-0.121449591061345
"30",2,-0.228892543983389,-0.481424496181695,-0.0843191744713052,0.0681291765384533,-0.651716056462857,-0.370305358654289,-0.560150016583454,1.33744397661337,-0.117589561433176,0.0919671641522383
"30",3,1.13283567040137,-0.225453786078139,-0.625509585997767,0.287237185952313,0.349374490926601,-0.16808062104298,0.377915695592486,1.40189998476304,-2.08280790320411,-0.0529669678240245
"30",4,0.668115446506366,-0.538712134324871,0.352901649977952,-0.66256002592803,0.193496143010322,-0.413209274451052,-0.433123645291064,1.46303121955716,-0.124389369019618,-0.0415789044878048
"30",5,0.185075618993555,0.0824523042535829,-0.577687760368101,0.425534299848166,0.880439198841286,1.62717844759456,0.219968048199385,-0.511057879568558,0.270447602702239,0.0123919792841076
"30",6,-0.0714166793153201,-0.812661974446189,-1.32115503307628,0.266019585640738,0.140886964593099,0.893035705664525,1.76936260897074,0.569762965522305,-0.581507253003263,-0.0342156661713626
"30",7,1.1567854206739,1.19388141563145,-0.267240962978626,-0.631328576236494,0.556839551927946,0.763287119883358,1.04946120713556,-0.660619214814814,-0.232958588473991,-0.0114049015167214
"30",8,-0.420159604648955,-0.444201804634627,-0.759745750330209,-1.31901188718857,-0.959234278942174,-0.048184397905904,0.14293021811905,-0.0302361479517257,0.710916597325491,-0.0905125813761943
"30",9,-0.831818578521922,0.357650473015535,0.789810847582195,-0.995867133409578,0.49525292656432,0.13750150028208,0.924059730733413,0.531788216999344,-0.312347514740853,0.164582603204466
"30",10,0.46242314969462,1.83752868409071,2.09771984870822,-0.00183807585748214,0.539243937371866,-0.375881647964211,0.549268178550649,1.4219764908524,0.213495045472584,0.0262172399779112
"30",11,-1.3836197284065,-2.12086350872073,-1.93060727390841,1.24914320258702,1.42311705610919,2.12257848378079,-0.395762482929825,-0.883462403912873,-1.26662170040052,0.198935946558969
"30",12,-0.20658118739723,-0.403686820483344,0.711960441145372,1.04727847823593,-0.422165257371972,1.57221209546946,-0.55550746119662,0.0647685221566424,-1.02048204492401,0.0171054939100999
"30",13,-0.886101446445802,-0.591041251397434,-0.83596345144951,0.813726483669538,0.408774438416741,0.515153043226003,0.00304850899982954,1.05258865334394,1.85241304555285,-0.0264855651150084
"30",14,0.815079484376364,-0.254653035099697,-0.00194377986222216,1.89661890536135,0.613569057908496,0.424512539381584,0.187657623171713,-1.12639693627028,-0.520007305819746,-0.173068286599955
"30",15,0.962374237460072,0.479168254377422,1.37268061114032,-1.10368758301503,-0.0162019479371297,-1.23832423830463,-0.153153356913494,-0.0688008762762283,-0.357648355147449,0.138452576486673
"30",16,-0.0468250239194486,-0.0525000266063424,0.402974562300556,0.579075212966718,0.403796580836557,0.00409538928708485,0.559970334731842,-0.486492793200009,-0.160972488200279,0.222706122493569
"30",17,1.32012156780087,1.84490761796273,2.22376775400012,0.464471792016881,-1.46646805172755,-0.468814492890901,-1.21074353742676,-0.74493224079616,-0.584510794719461,-0.00943383975643546
"30",18,-0.0460619805557472,-0.122010578665074,-0.977775321612446,-1.91499687531474,-0.669483297558261,0.619987990197171,-1.46566976366656,-1.30268413790504,-1.11935733425757,-0.00682399531821955
"30",19,-1.15289667825673,-0.711131956163319,-0.584388127671029,-0.104748401626365,-1.20974517485925,0.306444389789366,1.63473176117893,1.16954577736546,1.51416822258323,-0.0271326223001543
"30",20,1.45801695391411,1.60776236668115,1.51983703909969,-1.5587802219832,-0.291766201942075,0.560218061492818,0.443844977991236,2.0141899099349,0.67454235188493,0.13521907892646
"31",1,0.242333926169368,-0.0196445747837947,-1.48442080929113,-0.159967274773001,-0.457550727098626,-0.992024643689044,0.858633780162927,0.41301870263804,1.06215218915547,-0.188962470388769
"31",2,-0.830488379090219,0.861803844314437,1.05918521695797,-0.560817804664626,-0.0296121203980589,-0.507642482618306,-1.42566324818406,0.897191368512168,0.110170979947406,0.109142067359148
"31",3,-1.6035336992063,0.740428394871103,0.901028511750087,-0.450979647871561,-0.198919131053037,-1.0469349876663,-1.16206450635908,-0.20496497322208,-1.9491622707054,0.196484503443137
"31",4,-0.134040483970988,0.773149460889626,-1.24456697855015,-2.13747058586478,-1.18446260616655,-1.69639312935777,0.748567266675653,0.241482123179321,-1.20476449247947,0.0494406689454596
"31",5,-1.00845481618185,-2.1276788027862,-3.19754274951297,0.358938491530953,0.92921288721259,0.0608250682734162,0.329881636671222,0.275171712622322,-1.55333731243808,-0.00204079157476716
"31",6,1.24078669914339,-0.00764342007408585,1.36528136509343,0.734991045366462,0.420097238809059,1.13128457666024,-1.05708708882363,0.182084554677196,0.741418427628923,-0.10434077518667
"31",7,0.522159869961924,-0.180705269524485,-1.66923249333214,-1.42029948981473,-0.53828214689784,-1.65680025661314,0.216086721084934,2.18731441152689,-0.0519524956736493,-0.0458705915780218
"31",8,0.71862649703976,0.643282698264633,1.39068047097761,-1.04307969578929,-0.134035946366956,0.112606837123304,0.555960561746614,0.761051284845555,-0.427642512241108,-0.0169274388884621
"31",9,-0.615663906271881,-0.369197465460313,1.3991451662078,0.80552585135937,-0.753693425549894,-0.49836831230835,0.697715769737809,-1.30090227897548,0.364101666678187,0.0577668090963629
"31",10,1.13740258098459,0.372953033840056,-0.17125765182773,0.568615508886412,-0.857109127148093,-0.113402057843195,-0.415455006323812,0.325413064936247,0.829627045000221,0.0938451392944922
"31",11,-1.64072267907716,-1.36498744370407,-2.46316384211976,0.33070217312897,-0.399326696720745,-0.296238376702006,-0.330601126966649,0.739927675776928,1.30804703696114,0.0228167578683783
"31",12,0.387518133676526,-0.205464920467245,0.946614202706911,-1.01587705705576,-0.252518099514954,-0.752248969230606,-0.269870893624319,-0.677718768537629,-0.284171823206275,0.160662505138027
"31",13,0.555440600955941,0.108246182357241,1.3567057403944,-0.0654785967793352,-0.0361242915971104,0.964140043911328,0.241045986073267,1.36521086362014,0.22108913783489,-0.145059462038599
"31",14,1.49498566287605,2.06639082112274,1.58396911391012,0.234787356548939,-0.54107325269845,0.0380903376222707,0.367836694560281,-0.188552106304161,1.23097389891365,0.247903454414331
"31",15,-0.59693209668563,-0.380076216585186,-0.327626673527633,0.00070945003140449,-1.80134475685465,-0.522746438426364,-0.038983714794205,-0.508595165354808,-0.044118922421442,0.0288605241471322
"31",16,2.99603052981264,1.85303370935381,2.57326621481734,1.42165336638734,0.606694835290058,0.190304058459205,-1.0894719915128,-1.4110528068213,-2.01387388452558,0.027433558998158
"31",17,1.31189548529764,1.1206383333292,1.38494431849141,1.07291423788529,0.681528247309854,0.457829992422101,-2.74585328640027,-1.01895961115613,-1.26976549295887,0.145887131166754
"31",18,-1.30748714874064,-0.786010380657842,-1.73640158100031,-1.90185839337769,-0.0508170168852115,0.120804279330075,-1.30051145947459,-1.32917857394954,0.163824347646585,-0.161324110027172
"31",19,0.447039848999021,0.370751720934479,0.387765602828022,-0.468867907435896,-0.286318205129774,-0.144857714593736,1.05379945633278,-0.263306672465489,0.834236109581043,0.0440217790352274
"31",20,0.892088939886819,1.12886595826477,1.19744907275177,-1.09345188598323,0.19023901535479,-0.650817554903714,0.970882969731072,0.272167346349632,-0.48061691206951,0.130569554029286
"32",1,0.717019594388145,-0.35720271578871,0.525120546597588,0.243293150693114,0.285609473530426,0.827854352147569,-1.072334413182,0.357351292109194,0.67462178139933,0.154507038943609
"32",2,0.353294482448986,-0.448041390972182,-1.09914629351564,-1.19104639614482,-1.53240767422287,-1.50130809098996,1.17229265499043,0.112949459620032,-0.914861496129437,0.00555407960301666
"32",3,1.55125117413874,-0.694704305696499,0.416741465771827,-0.197926626024469,0.282241757646927,0.0225776647779884,-1.66385180115836,-0.042173070558547,-0.599048698121398,-0.0157653731568569
"32",4,-0.65507185663927,-1.49575076374459,-0.97397416248415,-2.14068677282862,-1.25638575369621,-0.771703728500743,1.15647668238307,1.59817795701485,-0.259219373853012,-0.0608010210238801
"32",5,0.468207364952567,-0.0562741368964887,0.178874446398782,-0.443856891515778,-0.342910458368837,-0.873039746898384,-0.511798063857505,-0.310896651478142,0.173106074122757,0.107339673267735
"32",6,-0.952870880223464,-1.59884951245581,-0.153332872100406,-0.683008423752123,-1.17381438037662,-1.55550774124829,-1.08534440424929,1.71825539928317,0.70946465847746,0.190107466143048
"32",7,-1.1873063600803,-0.399321945855112,-0.682866605596846,-0.359175608372447,-1.0330740957924,-0.755755365320976,-2.42572805262154,-0.822165167407741,-1.41821624748273,-0.0461368300238123
"32",8,-0.659052366793083,-0.418201582732474,0.019610804349039,2.18782736754192,2.46923918550556,2.47492947515338,1.3708282120397,-1.64096188377468,-0.108076487728141,-0.100537468405513
"32",9,-1.02029055792478,0.51732671081835,-0.0289242643794617,-0.424510106441612,0.251484176518621,-0.446180059832904,1.06922262473914,-1.19808891586018,-0.948956246598781,0.201964881922012
"32",10,0.306280706476529,-0.146011946210349,0.215539470712371,1.32023874644686,2.33876483995507,0.30265957741929,0.69736332053473,0.568261921101836,-0.978446319960404,-0.191662726507536
"32",11,1.63098821509711,1.40578673454819,2.34629852716911,-0.284025077202318,-0.695808916773935,-0.162208079623145,0.669991421778593,-1.17472860013762,-0.889199181089092,0.175933487653987
"32",12,-0.103440527233024,1.47417774730045,0.980593261612441,-1.02337436312273,0.142157568112074,-0.895516204096863,0.48932759833086,0.0365334941313643,0.96686008160563,0.00380579373280333
"32",13,-0.154389670605789,-0.546845982336799,-1.36857105578322,0.829290115149149,1.7369401867359,0.79700825175252,-2.17787755000757,-1.73958401062278,-1.80765196428467,-0.0543016063515643
"32",14,1.82073279760623,0.504434454751219,0.511755218297363,-1.19602336433817,0.879279439317501,-0.831276124214412,0.380081745865213,1.64479985819136,0.547378409108522,-0.0119481181185878
"32",15,-1.72205111492232,-1.20934586263303,-0.323321551416039,-0.896458992621863,-0.701090622195726,-0.411793746383385,1.38683966421321,1.46735069099841,1.07714999955153,0.105863695119894
"32",16,0.395960514501789,0.549415923149714,0.649412333655967,-1.6863523214898,-0.791877614442247,-0.640311297769426,0.580913258720183,-0.137501080338088,0.399158769940493,0.0200217577806943
"32",17,-2.07118234130443,-2.30242916858328,-1.49355579479296,1.71876779219597,-0.921350506717252,0.968474836939824,-1.48745246333793,-2.54338570853054,-2.06418248703031,0.00234977548385213
"32",18,-1.31146414255479,-1.86969034220246,-1.94150962124232,-0.0851184269314596,0.707222929572192,2.14317089941643,-0.41974320648125,0.303924151837421,-1.59650721490849,-0.261624651400511
"32",19,-1.86412296312944,-1.99091344383418,-1.67230214352487,-0.399181475212527,0.189731129065693,-0.858439770754623,-0.990440912824313,-1.13717416596117,-1.9772595259751,-0.150384285261526
"32",20,0.298052974231467,0.641974582090096,0.577035519369692,-0.378171629594238,0.196523229550481,-0.0634206880638068,0.988722999791269,0.351287413847595,1.64047774002677,0.0222217724199746
"33",1,0.758133913629813,0.0420280105543593,-0.167541839700934,0.931220291203094,1.11533584723056,0.667088830165581,-0.964141726635042,-0.331491405977747,0.43974695971,-0.0879475841560167
"33",2,-0.605127893128755,0.219599237954311,0.678843626337509,0.279251921867164,0.383113272726076,0.0462456155294386,-1.20151927308184,0.671172960414148,-0.489283043037052,0.00206336868774539
"33",3,-0.676867975253596,-1.33834733957835,-0.269883059960019,-0.158581501544337,-0.0890162874864453,0.323000373172957,1.41529732581259,0.542855582675414,1.11545076090417,0.0671224856038818
"33",4,0.858826858834323,-0.860208979309863,2.03619039108382,0.888480578767518,0.227711102322885,0.914801530823705,0.908910538258431,0.282125794878172,0.277345789161038,-0.0971270842635982
"33",5,0.331926896545095,0.209718699210947,-0.287076377345215,-1.56679348515465,-1.4727035100024,-0.172935412265303,-0.559989344245154,-0.422663342489625,0.48014286310619,-0.0577089072886141
"33",6,0.907712571532399,1.56079837793417,-0.253904024166436,-0.539103531666143,-0.385843290895373,-1.23271748962865,-0.174401280060091,-0.0364824609483511,0.0459951525061681,-0.060056990844822
"33",7,1.51084383900818,-0.0328219746828548,0.213650180669426,-1.22342138081458,-2.733926005575,-1.9400825250634,1.19625410861996,-0.435384850518413,1.34459871981791,-0.174767125542028
"33",8,-1.98116251796178,-2.38331148982333,0.46932340216751,0.915943405232255,0.591336418189326,1.01675219892416,0.687067358977196,3.03065786012368,1.02090571792462,-0.0826588282934191
"33",9,0.947097813719984,-0.962316191912409,0.68156158620072,1.54708138737077,0.357866437550551,-0.246886767019707,-0.819446427332338,-0.794797767768408,-1.69811338580266,-0.0353522517784447
"33",10,-0.690496117424001,-1.26088945646649,0.389764234600643,1.1260019892574,0.660846207059551,1.53441161223428,-0.869434103663673,-0.0876472399405098,-1.06355161148817,0.096848962340781
"33",11,-2.00814251090412,-0.646341859966222,0.054917824747092,-0.00688206935340047,1.31871855115599,0.372243387472659,-0.0254193995450655,2.28556861234124,1.47191586941391,-0.173112094221304
"33",12,0.761121777217155,-0.636351610458944,0.0871690621142271,1.97245939707537,0.983424317105916,1.71155728049146,-1.17078812698301,-0.948422892903201,-1.96930790830705,0.0498155403593014
"33",13,-0.757217744847883,-0.961600852664754,-1.49434534941364,-0.367033044569748,-0.112179640627002,-0.321181284161797,-0.727849771462375,-0.00512705630286771,0.442181698537521,0.0315469429895454
"33",14,-1.88456153617381,-1.01862358990137,-2.29481513452193,0.77666357154631,0.365528016121376,1.65392285637884,-1.34588244078447,-1.05243418791146,0.371389513110092,0.0165365650731133
"33",15,1.59327802157115,0.751970314619705,1.47976086806167,0.228586568816038,-0.0284113481119804,-0.548046811691653,-1.20915603019443,-0.936204964385218,-2.27347161062044,0.054203879247703
"33",16,-2.50966346251927,-2.39755304079014,-2.80736549521188,-0.932639962691187,-0.860177768030994,-0.423135862202963,0.268683346323133,-0.266619635514853,-1.39562252025516,0.0382282726262055
"33",17,0.597691378628411,0.866114305360844,0.403713515950697,-2.38119997316274,-0.328482384847176,0.99514454768438,1.73684489302017,-0.0539024838791605,1.50071088230414,-0.0331136838168006
"33",18,-1.10271378190053,-1.47319895270458,-1.5410670693879,-0.371100949651951,1.85546221424972,-0.30641058588788,-0.772564261570605,-0.339504910643993,0.831396889330587,0.158502109601125
"33",19,0.714125299557927,0.690025364802494,0.467651577390084,-0.580153162134864,1.05996660472723,-0.424425940176857,0.00242786193014974,0.54260721058623,-1.16917560470914,-0.0691704920045132
"33",20,0.558520988584236,0.75264161932122,0.63802618569101,-0.339269917955062,-0.448976044231088,0.259021506550517,0.069768703275287,-0.844200089376669,-1.48181765662821,0.0324633201140562
"34",1,0.00847412092403374,0.366940108132513,-0.84995123067071,-1.26792634822102,-1.59939830419825,-1.45846353710803,0.173754825949083,-0.462826320826648,1.79927080806337,-0.0647764704731921
"34",2,0.818469089360721,0.190351305563929,2.04488337670148,0.34837151017647,-0.6361290875361,0.0972097086028297,-0.123591447603995,-0.571606640736631,1.93334362844381,0.113629241153423
"34",3,-1.80675465967695,0.173790917867628,-0.128278651702395,2.06328904909639,1.22861853284246,1.05462753430149,0.307454560702042,0.183153940041977,-1.28565540198833,-0.0114694730193145
"34",4,1.60609988859606,1.19909922218443,2.15925066127054,0.832183437113219,0.653059550628531,1.18407959362245,-0.545047851069821,-1.28877092580244,2.02223319640724,0.138794759241757
"34",5,1.6067869115526,-0.805788098592629,0.968730005259188,-0.389612050682618,-0.0652398309994764,-0.663787324270372,0.354406483265324,0.994005020029505,-0.426647835561206,-0.000543902429616095
"34",6,-1.72431618536772,-1.08362992580314,-1.98106183806206,-2.39650554224591,-1.45977513812369,-1.94976149327711,0.389000547674039,-0.62819229845575,-0.448912444682234,0.0406351668694985
"34",7,-0.608280415819349,1.34065563913366,1.1411889073566,-1.01351978045749,0.128825857323836,-0.236695318751757,-0.644660961211523,1.25932741857556,-0.280446257231597,0.0583884511364587
"34",8,1.02065572275785,0.213901343841686,0.360112572778147,-0.528787706974018,0.883913995622094,0.630377459720366,1.95949486705562,-0.552239690347192,0.483299664594422,-0.0176703957906723
"34",9,0.445479610381821,0.598616467283405,0.853775754049355,-0.502329360200915,-0.519467426925763,0.293051865107989,-0.921595944965011,-0.0639764164957104,-0.812382162173295,0.00313779727541792
"34",10,2.90894647125946,0.679085979518386,0.737003774141617,0.21204554597917,1.34552733552547,-0.499947774821247,0.629250674284668,-0.596986982669196,-0.81034455620127,-0.071158980644838
"34",11,-0.188117799237284,-1.0008392907347,-0.440567335038227,0.410709071686858,0.850385928957883,1.07208246550901,-0.388694506408025,-0.266614017696733,-2.11028081604953,0.0806976468396868
"34",12,-1.41846256816209,-0.228293328556498,0.240788449299702,-0.299649084240534,0.771425773409679,0.797985961144303,-0.145314909752339,0.0749499246197484,-0.818301069207948,0.0757818444041119
"34",13,2.4061967735687,2.3962483072063,2.17883639256304,1.59481080538611,1.25559605208478,-1.21586272241011,-0.941198063610857,0.418671067301568,-1.53913228831449,0.0166361404166789
"34",14,-0.174080431628979,0.504889143659592,1.12463209978051,0.270977147964602,-1.16172096265845,-0.208433531514982,-0.191214032211186,0.836389829360245,1.06091589457474,-0.211450641046168
"34",15,0.984018733219507,1.7098935037972,0.403181834148022,1.27562080953841,0.63228801134511,-0.317191808452469,0.60985978387809,0.677485261936217,-0.843661029265003,-0.144425476336986
"34",16,-0.449869752593186,-0.368909682668382,-0.524838422862098,0.736917505037659,0.0282505609466174,0.011865696083973,0.190610393702324,2.09647745630657,0.0467444044738933,-0.0848963599740833
"34",17,-0.169979248927416,-0.0377571784068623,1.10470490230828,-1.40776974838292,-0.890906797963158,0.0219208034420402,2.16770061125609,0.730295317831593,0.916451193951277,-0.0613553222450225
"34",18,-0.480895368339738,-0.241064978448871,-0.490115851979116,-0.582388725907412,1.22003252027655,1.41972908074292,-0.485609427374964,1.07063059568365,1.11878647719425,-0.105202469692437
"34",19,1.16022968910958,0.957364594021675,1.02632517754222,1.01758795131501,0.921363819139882,0.0795650334224567,0.124536388218793,-2.10858996150385,-1.44445799975421,0.0320602124547239
"34",20,-1.06118371568603,-1.02596377540224,-0.856380810891268,-0.895942582937653,-0.408686531579066,0.594389237020437,0.915927596220643,-1.00238146010552,-0.768937700467598,0.0724156320809262
"35",1,0.532426485033231,-0.344446871596936,-2.08986496237379,-0.665788441000303,-0.589116801933568,-0.382252542467628,0.190093313981189,-1.01050567766407,0.405731324552563,0.0138434043165688
"35",2,-0.36681040260876,1.39749181981038,-0.234273673697311,-0.107952120422869,0.0931493092841761,0.71999749704698,1.02252425323578,0.622655508550579,-0.676306287045202,0.123836389943912
"35",3,-0.374864009641273,0.867604623192836,0.402861812436263,-0.36167661825582,0.232123871139953,0.166881103686199,1.80626175158631,0.379520203509335,-0.791018273564496,-0.162106719447375
"35",4,0.407157763898927,1.8689134332293,0.697301520128075,0.236113719021354,-0.426176105227671,-0.908288103595578,0.02050137857444,-0.794378552304003,0.567946041130059,0.020391772287097
"35",5,-0.896828347237836,-0.85655834328104,1.52926178368331,0.073062330419747,0.306934598880916,-0.216923408187267,1.01848854285941,0.272913893768564,-0.786498043964792,-0.0512648999863631
"35",6,0.923974516591215,-0.679448081868087,-0.343994479254364,-2.7339898814692,-0.723073388423663,-0.359163790280692,1.30958042921669,0.218891196336659,-0.24192798596883,0.217878869828674
"35",7,2.37363960702797,-0.0295740112029252,1.523281893944,-0.274105266320926,-0.025673456954935,0.857906448430429,-1.97639868277702,-1.2052859925342,0.21091136122924,-0.11722034918698
"35",8,0.653125932784131,-1.37227276967252,0.527535967817176,-0.00640520167060231,1.40363639263215,-0.665556584554587,1.64548494279421,-0.368422447542695,1.65940733629817,0.111323340020805
"35",9,-0.621448782692821,0.616606424855486,-0.711533222493273,-1.08284171183324,-2.06757289256475,0.200846512222601,-0.135703035768253,-0.206019206853907,-0.475443018146202,0.0335599279360511
"35",10,0.954341934158545,-0.0523767999962099,0.39288000489523,0.644125291038935,0.459957337912804,2.88490183999497,0.576357961295013,1.05517452643083,0.435805998595997,-0.0217972645472605
"35",11,-0.0505875327285449,-0.450184769652469,0.164042376061878,-0.524089183335914,0.413998663519726,0.714672626106476,-0.217576274392359,0.791130962615196,0.868637887492099,0.0642964459725643
"35",12,-2.95741475710823,-1.5607212176646,-2.33086318564141,-0.711366139051554,-0.06781512689942,0.593218140181225,0.432708832173745,-0.246897389403194,0.906436035399413,0.034804703534152
"35",13,-0.762221558616428,-1.15197903745191,-1.55808943348322,0.107906963031599,-1.36421195495318,-1.46080414625623,1.26072050292487,1.2179604021558,1.65622086689979,-0.0392441293837797
"35",14,-1.70477502257379,-0.356022893345436,-1.53672130919955,0.0484876746433645,-0.148408070174891,0.192891384342577,0.0516270654427487,-0.554404509965143,0.124564915594369,0.0878046606175197
"35",15,-0.107947093179378,-0.56369783484316,0.114473163551115,1.12043267100313,0.161592619038337,-0.9829284233631,-0.64730385790814,-0.0834282363651348,-1.55879221735413,-0.0768001600392121
"35",16,-0.745183793164278,-0.145011653846615,-0.153749226791662,0.124123741856304,-0.383890072379644,-0.0413961195581569,1.17955641253146,0.704777995578317,-0.743210073897435,0.0797041665451099
"35",17,0.943853558917,1.19082902908412,1.01591795970098,0.172796140023994,0.426695101837569,-0.348340387730253,-0.147063605640212,-1.18775102783141,-1.80101837976459,-0.122646249887736
"35",18,0.78412238753237,0.324419907865708,0.596444117903632,2.89608887137068,-1.28180734320768,0.33002928532947,-0.124289021851687,-0.955199733455089,1.47960417359241,-0.0286333572151612
"35",19,0.175548616097482,0.494201210521754,0.321492642010005,-0.388784762215016,-0.46864305332676,3.0830061343363,-0.900852889757609,-2.65050720921795,-0.912431461977044,0.0435352024477924
"35",20,-0.838164257540633,-0.722821162373356,-0.931069940740872,0.491926812557764,-1.37215789893961,-0.0405323673447715,-0.574393567544368,-1.85576725707282,-0.0549423866316018,-0.135029607557641
"36",1,0.743114252851491,1.25661879663194,0.15737019311015,-0.807727544379111,-0.267209092352962,-0.554355988116936,1.41841192939295,-0.277248725500363,-0.916464760353775,0.109604705834321
"36",2,0.0811186906831879,0.574922840462847,-0.869537566539591,0.816110365292488,0.504412891128563,1.48091334891891,-0.159354889260417,0.513062063291528,-0.210046720976244,0.0681557486549878
"36",3,-1.79854359404585,-1.0422828828485,1.92079465427828,-0.499380865951223,-0.829340201096891,-0.449870535342866,-1.60976508689865,0.30489000009883,-0.240901992247704,0.0997107145657529
"36",4,0.98685999377834,-1.22077590672046,1.78547008338462,0.409918867118007,0.770077578021973,0.47542145835769,0.528737444810688,0.498064249677755,0.41132954251646,-0.0789003778155052
"36",5,0.208532251474308,1.19434331501193,0.236369829356673,-0.500111774830644,-0.91060625571412,-1.17945232870615,-0.0396086270598068,-0.124736658619723,-0.539984612148844,0.0305170844489545
"36",6,-0.0368012276035876,-0.410574583040399,-0.877866294655767,-0.605657192128881,-0.819513155728092,-1.40509367748313,-1.04630489210877,-1.80125505383743,-0.188977124532255,-0.0303075005389388
"36",7,-0.532326780885991,-0.67263117767892,-0.524894894097084,-0.744559864287797,-1.59649122869506,-0.97181953956293,2.10344536902525,0.183121236289728,-0.879290474807523,-0.109853520792122
"36",8,0.177040262261653,-0.538739628042965,0.0168229286953899,-0.765167810481305,-0.791970105189193,-1.30690782291007,1.32946358408106,1.10288068974292,-0.140814812409555,-0.104222159680197
"36",9,2.12553189666303,1.86312254366807,1.57152426205783,-0.0419909140760151,-0.0654386420691099,0.282864162991456,-1.5244638234165,2.46588042336753,-0.396795914485312,0.112972704620695
"36",10,-0.803872420344061,0.507447641347355,-0.355330961972184,-0.711880913515263,0.629028827568728,0.629164283812231,-0.591571290833217,-1.0783947481608,-0.641225793281164,0.0253773244861229
"36",11,0.962003298690908,2.00087598380979,1.08481536449251,-1.89411826891711,-1.57703911662453,-1.06940235227552,1.20224016624308,-0.643118530968196,2.3621250752396,-0.0326341595278247
"36",12,0.260109490592193,0.946693989083539,0.505513109114531,-1.55606692875225,-1.01779457248707,-0.548961290473612,-0.762702610190853,-1.39587747473177,0.141623674724868,0.186090848686769
"36",13,-0.285175686247091,-0.43426946620805,-1.02938209529123,-0.254435807843217,-0.922242249662706,1.22626255361726,0.127378145297387,0.081714447403225,-0.930477595733848,-0.0159634862202868
"36",14,0.152552087491939,0.0851554724982247,0.0668479278814856,0.559288383593657,-1.26584961992745,-0.16638820769223,-1.11674392537274,-0.808233918052397,-1.16756370631474,0.139280316668377
"36",15,0.42655468760919,1.10297817773178,0.334546002060927,-0.0986397313186856,0.155657602709245,-0.453624213679401,0.133532607251295,-1.11536653037283,-1.01726175013369,-0.115337496401338
"36",16,-0.037316252706885,-0.758428150332939,-0.0980549386910835,-0.923855591029241,-0.296267659650745,1.91127893117873,-0.724838381389965,1.19119672785125,0.733255139290626,-0.180493339438635
"36",17,0.607951718194667,1.11690742567391,1.43123077789958,-1.53392923585629,0.953934248446887,0.206207601688025,1.08325057742896,0.570383126895531,1.33612292204458,0.13538417034735
"36",18,0.52543085719535,0.912014971418467,1.0659014975174,1.27985439489035,1.77198393832241,0.642844026325381,0.715553581936008,0.435424421391925,1.09857861588837,-0.0222112114472457
"36",19,-0.188302665981146,-0.375996826961488,-0.138936603939162,1.34720039452953,-0.882079995589016,1.35038460188583,0.291567774725468,-0.279585727233423,-0.81034031941945,-0.112339179131491
"36",20,-0.378617179819449,-0.366785242966211,-0.404878000258163,1.03802236562962,-0.31253972610265,1.68189783857082,-0.331395992976754,1.34147231555152,-0.692018265607155,-0.154212165785058
"37",1,0.0903054680133034,1.11391286336924,0.0232787967429426,0.0816169494944262,0.440004037390951,0.62801216967095,0.30938674076524,-1.12936096895534,-0.256627648055514,-0.0297984009616552
"37",2,-0.740910692445059,-1.33043203834226,-0.74090845830663,-1.12218758130459,-1.16731627142102,-1.25769360756471,-0.14161613652003,0.761916185857536,-1.03526492114089,-0.0810630069995639
"37",3,-0.61302665481173,-0.322802768877571,0.365714183486337,0.382743666650078,0.432524540220886,0.248546674985703,0.348810938265898,0.73247189445524,-1.58276748839011,0.0380521321693336
"37",4,0.285883493080385,-1.072804987016,-0.545767739899283,-0.202650499727189,0.0552664918794266,0.3866466350537,-0.367763947932021,-1.08433040258563,2.22676259975062,-0.0526406109286424
"37",5,0.550318975974828,1.2959239417355,0.500314758505753,0.15798330081312,-0.103593242590379,-1.00739758591639,1.01312519001147,2.63665710545173,-1.29814246624227,0.0248921119915839
"37",6,1.95624705708898,-1.35386908266105,1.82360019236565,-1.03957696247836,-0.495645225761104,-0.678664786147476,0.317665474421047,-1.35493839884641,-1.26771044303325,0.163710865047382
"37",7,-0.141144101525265,-0.0029216752812604,-1.16630255828752,1.4081613832741,2.25986877786248,1.81593410248449,-0.228497861453364,0.264670960219063,-0.962171443139103,-0.136254519658552
"37",8,0.465422711828104,0.275832428499199,0.169056425462539,0.0631927753404635,0.784278446321106,0.112767556668954,-0.230068975718895,-0.329650525671584,1.07162899014006,-0.341850334629233
"37",9,0.129787834327923,-0.221948933841043,-0.777978500314401,-0.799049755116017,-0.419308866117453,-0.556987090435022,0.422007256384429,0.793337717437548,-0.0187729398619905,-0.0195266741718055
"37",10,-1.14614853262513,-0.202279675439822,-0.459280080488896,0.501248372548788,-0.455319401980608,1.07092134950169,1.6993968415594,2.41381679236481,-0.532017318582016,0.058074238134544
"37",11,-0.312526932379121,0.643647545273821,0.340362282241562,0.460598767928547,-0.95705317630084,-0.205209072266106,-0.809148923630125,-0.879864069464673,0.303349724186203,0.0550446523025488
"37",12,-1.3123204450858,-0.0886540593294413,-1.72289310335176,-2.2914871476477,-0.26964587913514,-0.797716327931836,0.432300913085571,-2.0771773636985,-0.801178925099429,0.0130575266570384
"37",13,0.195333900716177,0.191969086696562,-0.192299192191996,0.0273733771726562,0.957276068944037,-0.18969982769907,0.249518676219313,1.60085943749878,1.00564118971945,-0.0424019816347262
"37",14,0.226871344725689,0.125287891980106,0.0854429164161707,-1.17626358505917,-1.23240903485038,-1.02917500764582,-1.52761898656594,-0.0707276417490208,-0.550042097836366,-0.129826329765096
"37",15,-0.510772465744095,-0.183405142917898,-1.01250247867842,0.752376484687413,0.364858379473066,0.368393535465174,1.06455322998112,-0.512985260011124,1.75807284267791,0.0166289230166375
"37",16,-0.661857567325778,-1.30679300650223,-0.812953685941561,0.512600258617691,2.01107055955588,1.09576507944055,0.566654243826859,0.423300977547105,-0.298970407851102,-0.0409078519749105
"37",17,1.00862783013778,0.416847396370081,0.61633180817466,0.906368965274393,0.632182484842897,-0.331281148614248,-0.263915349927169,0.348685254575131,0.0605515532968511,-0.0690789395097829
"37",18,-0.150413522351863,-1.05146599033783,-0.423469962628342,-0.766807997274442,-0.865091879695032,0.313094373915884,-1.21242094333487,-0.78618823177552,0.399914219887581,0.0902216438188996
"37",19,0.899140412971225,1.09911423448541,0.730469353332409,0.799082966475253,1.21099102128939,-0.0537414538556143,-2.84718883909657,-1.73644287568177,-2.57208779529105,0.00158544015704726
"37",20,-0.0346693330415339,-0.339731779623602,-0.100411727757858,-1.07389583551909,-0.447184628009757,-1.71806114064537,1.10020779546116,2.51964903731062,2.57047912024937,-0.0970644120388407
"38",1,1.0758431479926,0.318135170210652,-0.240363155034834,-0.456538640901484,-0.276345176921226,0.0601866452176086,1.18991003088902,-1.46805225886471,0.0536472366119602,-0.0512717151337386
"38",2,-1.95570721550345,1.13818103505673,-1.58560835950448,1.38531085917188,1.51288222254846,1.91813625576544,-1.34303526473625,-0.0473690699681952,-0.396986673241273,0.0120378928788641
"38",3,0.314541140918745,1.1536123939857,0.128041553603714,-1.13620220008474,-0.127114955641294,-0.59207250329412,-0.82088728196587,-0.731779947012623,0.222964001176436,-0.0723708309429221
"38",4,-0.105322154090211,-0.730782379915568,-1.43788596944072,-0.354298968576209,-0.176531641939843,-0.416400222265563,-0.118105490903739,0.413515673409485,-0.612769108049795,-0.00418768677084
"38",5,1.42313490036443,-0.588857888893824,-1.49957816437783,-0.822693725463921,-1.5213533362031,-1.55455310032138,0.0729948273794438,0.65690482160134,-1.27610146322561,0.112036560228302
"38",6,-0.234686148294084,-0.0531577982232978,0.483547993842728,0.0822478224566771,-0.324509836912728,-1.44775261738751,0.728390602663474,-0.393494695190289,-1.44223564195843,-0.118593076015171
"38",7,-1.73125918159444,-2.40082524111107,-1.46167743223973,0.621463037137363,0.714887832615007,-0.287980970866663,0.184885066662661,-1.7221261548613,0.350766379825505,-0.0929371165543397
"38",8,1.18239410054855,1.56845725968774,1.93632045368009,-2.54002536002365,-2.12599748745884,-1.99884902087361,-0.216088351049283,1.92802147071927,0.895600018080932,0.0711545601327166
"38",9,-0.994091395976616,-1.47881585732544,0.0282708676383971,0.0925798238998871,-0.574513226653052,1.72964928475365,-0.957162529254297,0.408914249512327,0.327564722222646,-0.114231473572144
"38",10,2.04218653201665,1.75109507853397,2.70820308244021,-1.23924196937928,-1.00120563087156,-2.36016937097439,1.4969598661203,0.623650621289581,1.85628786766334,-0.0519986535517245
"38",11,-0.729138632896837,-1.26082926236411,0.413521912898876,0.229613455263863,-1.21054678679914,-0.930349692054276,0.85574220628676,2.25484787683195,1.40375055972288,-0.123232791312157
"38",12,-1.29262218243169,-1.25143400975588,-0.811475962237984,-0.725338526960282,-1.76578027358151,-0.988186107098629,0.166462549119607,0.0729492399261974,0.859959238766879,-2.53283703361447e-05
"38",13,-2.22878142221718,-0.857512230660396,-1.59726380917536,-2.05023860132017,0.429942607617202,0.410597676067726,0.57470281712991,1.19612368275212,0.175120436352853,-0.0114094560450963
"38",14,1.70702212420362,1.05749491655763,0.046530893396146,-0.26481818249488,-0.825269780224832,-1.22636370407377,-1.39739302550184,-0.261257472624193,-0.455878511572493,-0.102027190171513
"38",15,-0.769896797599561,0.752550158015046,0.034409227642549,1.15568394159861,0.478926741890011,0.312949699595818,-0.596713796917262,-0.656798468563691,-0.980120527395252,-0.118821570254908
"38",16,-1.41630642665322,-1.10142353272579,-1.58388583432985,-1.09363152556421,-0.776198142358145,-0.278034714651596,1.03120259839292,1.90912175433185,-0.126565194197155,-0.00932768781300634
"38",17,0.38103958740257,-0.209985479929475,-0.607297899174373,-1.0341021436426,-0.921107881605274,-0.326047633468371,-0.484232628258601,-0.702123313636642,-1.913705534791,-0.00605761439898954
"38",18,-0.722133773389468,-0.335817430236687,-1.22539389097906,-0.393100363798131,-0.572877319320612,-0.323084828732608,-0.141234912077753,-0.241314946393224,-0.097474897478778,-0.0340488508089436
"38",19,-0.450602900402394,-0.300501601060597,-0.224711288232865,-0.849665888837697,2.06050863735952,2.6047610980123,0.318264205291764,-0.420966186081523,-0.328013850455574,0.0692468322299652
"38",20,-0.872960144421597,-0.861065073301616,-0.629741759445272,-0.359583293573236,1.79844432078365,0.0544727184630914,0.638241662082814,0.685930217872071,0.924945009277349,0.0316752242105988
"39",1,-0.875658438815643,0.748544260409995,0.093272476347692,0.26530830108554,0.524261193898958,0.366902055822222,1.73046160701798,0.351038889478832,-0.116143433625712,-0.0156338264877982
"39",2,1.40975311148547,0.851633167173567,0.0436023644011639,-1.09734206748458,-1.29567474869402,-1.25933215999921,-0.29182426378162,1.06147556952643,-0.286766130750302,0.0186219917650069
"39",3,-0.826552897529148,-1.29396470929328,0.883348850529501,-0.496657337174515,-0.00300273378035156,0.243198156800157,-0.753248535885697,1.52253343020789,0.692224811011522,-0.0016436386445078
"39",4,-0.0291254875008952,-0.105359313625613,0.0759230829641343,-0.0859295853882239,0.294798227871773,-0.203445039859349,0.756903676889366,-1.17302746062476,0.828873998701319,0.0464854418007402
"39",5,-0.0590791816865881,0.125221192157181,-0.828121730154039,0.17808049664532,-0.637117048166656,-0.466235145403758,0.845852214165216,-1.46626939051443,0.313340937168534,0.103624152795324
"39",6,0.75666496504428,-0.0169058587598829,1.30037064455575,0.381671918149666,0.112821336658903,-0.12238006442252,-0.413772878653187,-0.737416865741071,0.346702256236565,0.0164040961990617
"39",7,1.0975593333557,1.84865057649616,-0.759967136955817,-0.76222245540806,-1.07056934754996,-0.460817315632289,-0.825257579309726,0.535663080784335,0.563226995480475,-0.116065089012132
"39",8,0.56654279887733,0.783424014751628,1.51059188055754,1.09976277291472,1.14056806778238,0.109032647084004,0.313600273360307,-0.575796048854655,-0.926592235434438,0.0939166387327494
"39",9,0.851414772731133,-0.288196320186575,0.22161281012086,0.563354617209594,1.95270443129774,-0.163488643182597,-0.107363192609869,-1.02426221725832,1.31535437493617,0.144924677899055
"39",10,-0.826941355846415,-0.243516116806578,-0.48368500376729,0.320198436209703,0.366058070886852,-0.72762792604896,-1.19795093588177,1.4762701321991,-0.190807755354763,0.007818793850319
"39",11,0.187279555199288,-0.614984252122214,0.506346616972444,-0.768373581781977,-1.41534483272486,-2.25070659671638,1.99565941614354,-1.05963478923846,0.47874004336191,0.00794463498802588
"39",12,1.54041746014748,0.398902942505118,1.24632766030533,-0.170574461204656,1.32654205075484,0.630241015626322,-0.141964839121731,-1.26550486386399,0.134274057142001,-0.061914239978002
"39",13,-0.735052866632329,-1.02402066694658,-0.792465311311947,-0.927440648681016,-0.659626799088606,-0.814550266661408,-0.786502836680393,-1.27720732173616,-1.85032822767206,0.0528445559728862
"39",14,-0.615404297227478,0.0234706289000886,0.136012360783552,0.206703600926339,1.87605362672078,0.830082308540808,-0.208179188580208,-0.631004278908896,0.083202753501106,0.0515988961193775
"39",15,-0.422713187362067,-0.166535399394848,-0.164545929853808,0.0784843507598736,1.73571532228743,0.0384539103523963,1.02489915230515,1.39833564997045,-0.14908782453492,0.0561812864003827
"39",16,0.863804434850288,0.683761594474906,1.60896858280349,0.143377580468103,-0.838102375754381,0.70437972491832,-0.538988658121941,-1.53597470532532,-0.51968163349754,0.0408371522386522
"39",17,0.966794987186612,0.438118751145226,1.38079620485383,-0.679668562687322,0.716566370149355,0.903366999163697,0.312437317664196,0.239236080190422,0.352269681775748,0.092773533500523
"39",18,-0.43497811930462,-0.435832702616773,0.388936428738461,-0.21142585649344,-0.728998851550685,-3.11342235029324,-0.0409936454491618,-0.287311379111479,0.195254372398824,-0.145574441539433
"39",19,-0.0805104282208582,0.335968826290828,0.0243557999511945,0.758297106220483,1.86275613014135,1.58283164117136,0.310335567661921,1.049146198713,2.07927390238213,0.0322436559498217
"39",20,0.702989854001547,0.451028688216678,0.892489965067316,1.37229589695566,0.329300249413171,1.43826110402657,0.535062014469341,0.490165880093598,0.49210961603644,-0.018590105216839
"40",1,-0.515789106325304,1.77637439178727,0.651736869793427,-0.79799617815484,-0.811718213931796,-1.20740852586915,0.698579105548361,0.0655722498687756,1.3283162590945,0.222437067828716
"40",2,1.82357335304118,-0.0601214607387371,0.27063668877863,-1.23072182790336,-1.43707690510165,-1.93255759431509,0.874569699708312,-0.233247180828626,-0.420069610927255,0.230341718570375
"40",3,0.226364497103885,-0.34735695159909,1.50827921052748,0.716429942230997,0.172207292408421,0.0520896530939202,-0.564385207240333,-0.525528979214587,-0.757785000514622,-0.0628690117896594
"40",4,-1.70031185486934,-1.20166345552665,-0.502846912822103,-1.21643963328103,-1.45433971680311,-1.04841594804492,-0.837953240398821,-0.122410185886814,0.575048060905602,-0.18340253150609
"40",5,0.432033030750217,-0.14465892278523,-0.458942023400189,1.15182374103428,0.640762376257443,1.40621357625542,0.401634342129526,0.0797691586540432,-1.34149655193704,0.0445567033096798
"40",6,1.57609588650982,-1.48047336973292,-0.0122746938683853,-1.2684576075197,-0.898690502489908,-1.34493104518242,0.630998748749859,-1.24931793138906,-0.370011730810926,-0.0616428451845833
"40",7,0.456389081370449,0.0538764782890947,-0.592818181565996,0.99649405110884,1.31259110385763,0.442885110887542,0.63425143224291,-0.258642889521426,0.883626099597492,0.0183410116994845
"40",8,-1.24936298989331,-0.583234925815704,-0.726394938048697,0.610431924163444,1.18776410725851,-0.167743889516634,0.195654569273075,-0.699632548838389,0.935421305856092,0.131884867997402
"40",9,-0.0593436484051078,0.0803988659905012,-0.254690713879726,0.21397931776543,0.173838559651116,0.883803131299651,-1.33790219980255,-1.18726917546899,0.327164319995091,-0.0337345415413554
"40",10,1.83100066343934,1.82373098159849,0.694630126044842,-1.86162663456773,0.856970855891772,-0.15118621115756,-1.819688188926,-1.21095961816532,1.63635684037106,-0.0915827798276623
"40",11,0.28173008076824,-1.41404203362124,0.106707628506557,0.0374653785410774,0.000236977899721914,-1.05059742826307,0.228115866583128,-0.956679930768233,0.486538862546944,-0.036077294103808
"40",12,-0.88510644184964,-1.24279328303922,-1.93394879960971,0.884665266175938,1.04631156341813,0.991851756299858,-0.558097352029071,1.36508640323901,0.685768999873083,-0.0371045920659702
"40",13,-0.812249312099435,-1.34706180356307,-0.990066094612142,0.772036263083217,0.97633129800877,-0.304835615946139,1.31718789322795,0.726515729682499,1.04851835187885,-0.0383866439060664
"40",14,-0.291085519918048,-1.36963814602735,-0.825271310665638,-1.31589813552102,0.922595216379896,1.12610438455509,-0.512270747738724,0.323020071268144,-0.154466932283155,0.0947787065821372
"40",15,-0.491583853898393,-0.884569062654087,0.132813512550815,-1.14336014016026,-2.97240266016953,0.217511847808978,-0.145054638706108,-0.476541825567903,-0.712343948351786,-0.0107645846232947
"40",16,0.303279229416688,0.786623370157453,1.78112296146845,-1.60527037720313,0.536439118363508,-0.449830650375185,0.0502820510534104,-0.727264784015604,-1.47387250093837,0.0957855876813161
"40",17,0.294639424032329,0.353467688395186,0.519013959562165,-0.756766081514958,-1.65516082091411,-1.78638524703021,-0.742360480826208,-0.218275713853671,1.28688652659766,0.250661597294109
"40",18,-0.718487304415868,-0.423252746498769,-0.00246017668110527,1.58339212647112,-0.148574073192194,-0.64992482145623,-1.63182541334975,-0.879985446782288,0.109119937938259,-0.0706491783668803
"40",19,-1.07559508259884,-0.813671274709316,-1.2353946256565,1.0635113979882,-1.85581862689724,0.416324789360559,0.897077372855648,-0.202192682736315,0.759201212956529,-0.0682647348174088
"40",20,-1.24508730518173,-1.19380342575733,-1.20995465064128,-0.241466431132087,0.819932421702576,0.578476356638503,0.313290628797836,0.356892337909905,-0.318811440993006,-0.0196549661904563
"41",1,-0.729387210054449,-1.38329710108375,-0.789106347947849,0.266319481006767,0.405779048465114,0.990919633763066,-1.24556414221951,-0.955062848799996,-0.751758929668447,0.0254286247003255
"41",2,-0.0485084529397478,-1.4783882824655,1.50379341680989,1.23796182793263,1.44758921388356,0.921942188152152,1.07392406253828,-0.837161348664353,0.717349120462435,0.0607839226523313
"41",3,0.249631215630763,-1.17432048870284,1.09189505745064,0.00598046892738063,-1.11867156192449,-0.698701680862583,0.720893514087493,-0.147572928587979,-0.941475686393293,0.123483775516778
"41",4,-1.59817058787496,0.189529431712544,0.229421500843561,-0.758634149242683,0.0805881774879852,-1.53643596731819,-1.21781703526419,1.58045310975399,0.0824493431005415,-0.0141613310600688
"41",5,-2.3607025194961,-0.7203078720404,0.343808627879598,0.848176453038392,1.01049315335495,1.11439132015553,-0.578452127327782,-1.31138159199914,-0.371919608726054,-0.0121554073863716
"41",6,0.381893051728872,-0.411312443798179,1.57108438215325,0.330441250563348,-0.894090677179956,-0.922799963532238,1.31267653384724,0.725426368531663,0.210863941191659,0.0680811140017435
"41",7,1.40635375656452,2.31869885547822,0.959765763141047,0.0400311622331199,-0.646283414581875,-0.915831918994999,0.978641137036085,0.32877997109006,-1.6423616073162,-0.0957829378477776
"41",8,-0.174855057046178,0.268718946281838,0.391262726312652,-0.31607789210658,-1.98561901851031,-0.243397377947999,1.49078203039743,1.49908602435795,0.206635288451913,0.0518112959548739
"41",9,-0.349346943402386,0.639259948029859,0.351751665128923,1.56067264764146,2.13749819510533,1.02073424528855,0.786397685458198,0.528292354990007,-2.9485262517091,0.222762923585638
"41",10,-1.56718783633019,0.0953065404610632,-0.535553063798566,0.236825784725536,0.13285852265207,-1.58138597923911,0.330571346266035,-0.754476038134727,-0.128534123536502,0.0513042284731368
"41",11,-0.937700192402471,0.348728314116534,0.187081419261788,0.739085070125781,0.487412617763361,0.472203835002273,-0.347413928715667,1.88184121922764,0.681903527618828,0.0383030882161195
"41",12,2.18719896871771,0.9488439286681,1.2697711741932,-0.325200888825394,-0.0646472957347882,0.816696461758322,-1.66159955264351,-0.385931762285441,-2.73559861054279,-0.256197542746925
"41",13,0.0330518172520155,1.2123174609742,-0.268527602850528,1.21687850875925,-0.265210720408587,1.23395751804274,-0.0918000363363813,0.40631170536436,1.2140570142102,-0.0646768530279992
"41",14,-0.0410526108037308,1.21192711814241,0.235977119461545,1.71958047101616,-0.133325277505853,1.90366877996129,-0.527734883648169,-0.127568011195528,-0.487641193262926,-0.00302303608312074
"41",15,1.75454628652641,1.65468070338218,1.81848015980987,-0.17938270180751,-0.0517380801374492,0.203912737853173,0.80303384527962,-1.2901913068539,1.37571926642296,-0.0613102976868108
"41",16,-0.103138509557341,-0.392678538854599,0.0310569896365707,-0.340942688427852,-1.9999892905788,-0.697845697861183,2.45151245604988,0.933369919479409,0.227057091722799,0.049218718211684
"41",17,-0.339410506935486,-0.583965973587613,-0.33722331199644,-0.58631185727781,1.45804123631638,-0.299694042965957,1.24865983248576,3.08906830069954,0.344777878751057,0.203295568810605
"41",18,-0.444734646311443,0.295127210112598,0.271528362067417,-0.117491335223151,1.02955629589351,0.282665733735744,0.501864130148003,-0.358307829267832,-0.369815651079739,0.141566161900125
"41",19,-0.72641729978956,-0.437724059134573,-0.93738814611233,-0.591152102701142,-0.299293606354926,-1.71700933033291,0.359549550442598,-0.299304499928457,0.883448516870375,-0.194944072246851
"41",20,-0.185587490419243,-0.0390321701851834,-0.00639887361532837,-1.24193531648441,1.54029680016423,-1.49761233040931,1.27287881904272,0.077598656157205,1.33449123585259,0.12202563101496
"42",1,0.90618593803604,0.122161707675008,-1.73257521673148,-0.340305524542381,-0.258774102828751,0.288391747014134,0.0191091051253576,0.260103126370185,-2.76874060559718,0.00441586099824744
"42",2,1.48280487664205,-1.8237650327776,-1.41165423016978,0.983571278546149,0.630863980938444,0.83973031323849,0.241499825118048,-1.95703078045708,-1.83120593756244,-0.0704147346171898
"42",3,-0.43252848550795,0.697063418794484,1.82828502561044,1.34663046211183,0.558173295979145,0.61280967412626,1.57667010740712,0.96251534520765,-0.214793302669766,-0.133233926274688
"42",4,-1.07557490877082,-0.344421049824783,0.718008738546253,-0.0697516056814697,1.06750331729797,-0.0850602420688367,2.10565158884394,-0.81553920829219,-1.5158667005805,-0.240544023701192
"42",5,1.70804941255336,0.449754256864885,0.826830841169659,0.339938671292357,-0.0993144532143811,0.0776636028088381,2.05397140618755,1.2578793497604,1.73040274694787,-0.20517122504852
"42",6,-0.657460576982342,1.26358943650367,2.43883810029738,0.0118945879784445,0.999878776414851,0.124170273343232,-0.399805122178098,0.329872762081684,0.496490631531876,0.0519659764634061
"42",7,-0.335036947389597,1.031075747312,-0.475801423808417,-0.060245914561974,1.10785006958762,1.02750228217752,-1.45748337657959,-0.151357087476158,-1.1317867802266,0.100343625519068
"42",8,0.0516130667845526,1.21618833574564,-0.894067107306284,1.84050074503395,-0.286312508836524,-0.458693486220117,-1.88124355922409,-1.27051676646495,-1.40051826316765,0.170148151216884
"42",9,0.211893619046939,-0.470755926635248,0.35616586299431,-0.39016154976308,-1.1595375194917,-0.814165466126177,0.986015847745102,-0.035389106967866,1.32371039693427,0.0501931932448199
"42",10,-1.38258068440068,-1.97835197792877,0.386789597300976,0.41415462506663,1.70644221499947,1.15081006106895,-0.297533574528954,1.7717282523783,0.560356710166759,-0.140913276660825
"42",11,-1.33677283144272,-0.6968142834954,-0.707431659430278,-0.582155408936906,-0.757000094399855,0.112685689801029,1.97417306256577,-1.15604095128985,1.01680212920157,-0.16207975576687
"42",12,-1.44110123847745,-0.969865858660237,-0.517810564592558,-1.23586156679787,-0.79507576201374,0.288980371106983,1.21668323654757,0.0817220958630656,-1.02082191502626,-0.0940700788153688
"42",13,0.556523642659788,0.432903187287682,-0.164572080667443,-0.593867360081964,-1.28408385217044,-0.993323515773963,0.74569963085622,-0.420084648909672,-1.44587672583018,-0.0290792063845716
"42",14,0.625143913840442,0.311602644310947,0.5874400473235,-0.528884952993585,1.4316804249396,1.14954559788502,0.83901365196621,0.631150708810289,-1.27968468916196,-0.118179954864695
"42",15,0.597430087196462,0.0394600655728378,-0.0826550206986353,0.831422417377614,-0.237400944137209,1.32308508695932,-0.381305046371302,-0.375651420046807,-1.40597804609006,0.1306566659962
"42",16,0.542676470542332,0.948360534629596,0.426746460463906,0.866327538673938,-1.08235465386965,-1.69835782917712,1.03586063342602,0.250941474472341,-1.21677082275408,-0.00631482494899426
"42",17,1.05371187361129,1.33350734241255,1.80332166056232,0.479105082952298,0.490022009679788,-0.0771200567451242,-1.29245157865655,1.10379937046526,-0.327907455513141,0.0700306477746778
"42",18,0.660149956209233,-0.318613139048225,-0.285354807468327,0.0414490498200583,-2.40282984535239,-0.831102257845239,-0.365439586668382,1.32926560159067,-0.11500227573043,-0.0349686444982298
"42",19,1.20272613600367,0.784948067461073,0.954919667223187,-0.156163630517904,0.153678443757949,-1.31934420746175,0.258372606160909,0.0495149583581375,0.158880657464192,-0.137927558890592
"42",20,0.206340732918078,0.103927072767691,0.0878389166600504,0.237807086731226,-0.285124008006125,-1.23479320720699,-0.512503667183105,-0.995658453575703,1.152177943373,0.085241663847646
"43",1,0.881580551326561,0.435097632491903,1.12458285460324,0.0509949743355365,-0.4145779156948,-0.44703438149996,1.75330942545261,0.179658420970928,2.51495838229025,0.0308495301342031
"43",2,-1.51050568024181,-1.64479479650749,-2.47513873114831,1.07296229343061,0.980469846190283,2.24347453870416,-0.255509721811853,-1.71640548366307,0.969919096133927,0.0799350481379447
"43",3,-1.56247229524745,-1.84882952851997,-1.79457758585467,-1.57042895067667,-1.15946737294074,-1.59617274347026,0.907460539581731,0.475903990879609,-0.909520509793574,-0.0370757523070204
"43",4,-0.526740676484342,2.88214165480047,0.345545042760379,0.792770742733366,0.30161617650708,1.19441787211576,-0.635444706668809,0.839739279995004,0.135938156641336,0.12846460893779
"43",5,-0.429582822224287,-0.717956093720579,0.475931214305266,1.67153194750458,1.55524745230267,1.08339474918125,0.20734393275235,-1.8739706854485,1.41650179463329,0.0497745321047944
"43",6,2.29858680751172,0.705879381007366,0.624353240447042,0.593947383635426,0.414568917055857,-0.496841660534238,0.381553413580268,0.00800683272598518,0.379026776380658,-0.00787092821924436
"43",7,-2.02368404805534,-2.39007541484903,-1.26952290834708,0.0124696185038904,0.390694055479884,0.212347249747035,-1.7433571757435,-1.110949324282,0.557775605092996,-0.0318896526210357
"43",8,0.675044913128107,0.104693020823143,1.42471239726702,-0.26268790574693,0.661257323591665,0.38540575680853,-0.296581142883239,-0.0101638800984174,0.0770599530219995,0.118321005540425
"43",9,-0.580307296441481,0.673854246923495,0.845598858051883,0.459702317445998,-0.645066069895602,-0.439463974253904,0.104284521107883,-0.487374896056282,-0.0676104525166317,-0.118938264550713
"43",10,1.04880489224273,0.0688627042082516,0.455551348080671,-1.49200716074845,-0.739043102245653,-0.329920421551019,-0.175684874527183,-1.11949216086359,0.932340478653549,0.216761061860751
"43",11,-0.23995853281426,-0.647008368410096,0.936033840882913,-0.581393294180459,-0.297120714223645,-1.01092564318332,-1.53805603417233,0.894849305293195,-0.385007254610489,0.139464066993098
"43",12,0.903096211943944,1.44445527338249,0.169597184552005,-0.842561957795239,0.645474134626158,-0.793519642283397,0.130530719101237,-0.311185152260655,-0.331323187589793,0.0896062806921974
"43",13,1.16874851199269,0.518286433947607,1.08260811535762,0.820043118533587,1.98949337026965,0.73019347306449,-1.21296547632406,-1.88786517968544,-2.2458068352273,0.131543799437202
"43",14,0.246411416812467,0.600363086375879,1.17300314620044,-0.293206302448698,0.444549646693556,-0.89187934352748,-0.751018673576533,-2.11743169045686,-0.677380063774045,0.0389007849518247
"43",15,-0.802899617372106,-0.376635078801099,-0.670618704192822,-0.277361715416546,1.45817825818306,-1.73060276832611,-1.48610709857305,-2.26585362703135,-1.63096652057669,0.0248928400273039
"43",16,-1.44891046992028,-1.76304860863254,-2.71462852306985,-0.718342616708178,-0.0163143357104079,0.718487348300348,1.06883187621567,0.053351487890221,-0.207558446984661,0.0478535418523095
"43",17,0.105557526148998,-0.120438338924402,-0.536412934789564,0.502372197741195,-0.810984694670717,0.116725474806903,-0.414289917269857,0.181753838379653,0.106941406576165,-0.158453059858917
"43",18,-0.881577196718118,-0.95231321343951,-0.640785109661839,-1.69917807527674,1.67317852345784,0.142394671288552,0.398781221924078,-0.297017418110427,-0.0297439487730438,-0.0663497839141923
"43",19,-1.09685132164123,-1.1391380739096,-0.92932699150204,-1.50615176913037,0.136351035436017,-1.08927618266505,0.418870743356003,-0.594883047791918,-1.25795531825681,-0.0135760682321378
"43",20,0.747689952761063,0.7396053906758,0.582846614784496,-0.842115384800894,-0.894214168807996,0.178590963024026,-0.14796768824395,0.986225786124026,-0.983187365190427,-0.0939361746791064
"44",1,1.87182823940763,-1.40061446260707,-1.06605460839872,0.230498771376598,0.527334273840351,0.71744633337778,1.32033594202326,1.59745874485013,0.692545234868942,0.118809684078583
"44",2,-0.285142012851455,0.696697379243156,-0.287784813627774,1.03233880781657,0.804344734615879,1.15955272588533,0.924591213981456,0.54150776221386,-0.706144464347895,-0.0171981293685714
"44",3,-1.65092462388702,-0.666025391930182,-0.754001195069991,-0.151305607554667,-0.636976706172539,-0.979002960308096,0.038859240952627,0.117085203966131,-1.66153908490514,0.0668321529230933
"44",4,1.23930909127267,1.64567669476385,-0.689242969427398,0.350653994590445,0.562617844354092,0.901910541376596,0.607890347316899,0.714965499633833,0.47629477398355,-0.0218695257158319
"44",5,1.15784603752861,0.673793492296746,0.654705353658064,-0.991726880807613,-1.28012288100697,-0.290797295409587,-1.25741773686005,-1.09286625591055,-3.0578861373137,-0.289547243287788
"44",6,-0.50861706111567,-1.94569391041056,-0.575971218715648,-1.01667184198246,-0.219104030174171,-0.49652935380761,-0.758312048919133,0.569771260077189,0.527631855107444,0.0908749438191298
"44",7,0.812607708895907,-0.153197204207338,-0.016845127627217,0.00863429206558484,-0.284351703437502,-0.696062001247614,0.714446244680755,0.426981091822508,-1.05727541410964,-0.0466202525424208
"44",8,-0.731540949872082,1.35844065998369,0.137783499694554,-1.2957836431763,0.00534669208496365,-1.74851704810787,-0.396075254466082,0.0595488810919547,0.461561165570391,0.246102088901956
"44",9,0.058667077345934,-0.283463101009637,-0.0179519403605605,0.29613033323309,-0.794961652684987,0.554988255501113,0.19902437731313,0.459602238129933,0.88652483157533,-0.0764546225343446
"44",10,-0.381222440540628,-0.370536371363689,-0.364479886955901,0.738689170437073,0.257925656991282,0.0586355022543211,-0.612313553588019,-0.294618713993566,-0.267133669498457,-0.0324862308739957
"44",11,-1.40140593241143,-0.16553423782587,-0.292114476856671,-0.774434831944783,-1.01425223605297,-0.319654320847968,-0.554450246075889,-0.741216199525034,-0.135657613937194,0.0302682537502477
"44",12,-1.42046987534951,-1.09438829488237,-0.2128195024664,1.65489873623238,0.158092458560971,0.141368071587979,-1.68477049484647,-0.723598194562535,-0.861040112408423,0.00173153818832539
"44",13,-1.63159301131102,-1.15389314528189,0.308674719080446,-1.48585544336577,-1.6594738858677,0.678083690545644,-0.624425107015259,-0.0443085425928842,-0.212601872346039,0.117737664901344
"44",14,-0.823137213257994,-0.440093276777366,-1.00933911780095,0.0843874087943032,0.538525237197604,-1.12692569703057,-1.22142146075009,1.16614766215056,-0.839233431694514,0.0377382577535912
"44",15,1.53401800529136,0.674980987129373,1.85721364820951,1.36976009086525,0.13386091406748,0.552280069097932,0.151756187855716,-0.408692870371785,0.287318841538816,-0.19153787612031
"44",16,0.456785647981056,0.650508024705745,0.641507577996021,-0.674471498042082,-1.97790793315444,-0.485328401758258,1.36149319062289,1.16864870481306,1.93971705516497,-0.0446564816511239
"44",17,-1.02363482799228,-0.330893994104049,-0.636368242996062,0.86003747899138,1.17488097407144,0.652061437647722,-1.01929959979011,-0.74001850148035,-1.08880893124843,-0.0194340059984625
"44",18,0.575793226753899,0.921894078818522,-0.166730417065231,-0.444727560328842,0.634020044360862,-0.156941727813468,0.555937850269981,0.557823765984796,1.51694852122089,-0.179448956400807
"44",19,-1.09540819516999,-1.28477834747289,-1.0868055997885,0.378981681034462,1.06524357920664,0.903025837390708,-0.692248602579197,-2.89661512468795,-1.44779013814837,0.00621806385600104
"44",20,-1.04592722391555,-0.906716897951703,-0.717561629645146,-0.207815900274752,0.389919256185007,-2.15099467885348,-0.264333698474275,0.613810736401804,-0.54017395256529,-0.204347794885916
"45",1,-2.14457478040786,0.0492285939306253,-0.513151791869848,-0.868176526450168,-0.471677643649208,-0.693539140136218,0.248540707458465,-0.624730882846033,-0.654001309704499,0.0505759860654394
"45",2,-0.204973596605118,-0.253657749738507,-1.03114726946594,0.502982032180338,0.470195619499758,0.606700598814269,0.498295661918303,1.09860248264471,0.482784965305229,-0.032723127360345
"45",3,-0.687588967743439,0.127209327834266,0.115578093605437,1.06226635956779,0.594394286775318,0.673054363857099,-0.881345213403056,-2.41302238654982,0.125513805702606,0.0947039780069298
"45",4,-1.11675202865075,-1.63434085269738,0.89976219962918,0.520744597914668,0.676641763879904,0.963002253511524,0.130740816686262,1.32087678873365,1.53371041820724,-0.0686851142500484
"45",5,1.64569964289066,-1.22063557930581,-0.786838311643144,-0.71176205010599,-1.47308708028816,-0.969862268426275,0.59445143030435,-1.05824325747338,1.88075721257558,0.0877640538584288
"45",6,0.656995040294947,0.849771373430043,0.779475015933887,-0.514546687800871,-0.88624200997808,-0.25880384382366,-0.103228205555371,1.63030471517111,0.377834332182027,0.0835203632583192
"45",7,-0.128253523315251,-0.255700658218029,-1.4781131737123,0.182861088030458,0.681196187864006,0.79903916683027,1.30418324179124,1.18555708042932,0.729754412984345,0.0308841436335205
"45",8,-1.70713818759951,0.11715167053392,-0.435679123342227,0.00905598765509363,-0.576349726227018,0.92054664803108,-0.652959179156341,0.152844350792204,1.14065287647847,0.017865699365949
"45",9,-0.142777646649762,0.0380546367052857,0.95697790911904,0.619625781126731,1.59336788181505,-0.0211682811155119,-0.52963851681013,-1.30197734242777,-1.00295651177791,-0.22285221362271
"45",10,0.143258822189101,-0.848927566995229,-0.258727118611738,1.21249446388177,1.23705646251913,0.451363767982357,0.887020168899709,0.628006479545272,-0.0490085992689166,0.174418934768816
"45",11,1.00996150063915,1.03500622798452,-0.263564122141123,0.283820161294601,-0.726742944994719,0.156117109346477,-1.0911426212945,-0.653545715495733,-1.58231738561617,-0.108470774698468
"45",12,0.322204174946532,1.55198704090583,1.7600614362903,-0.0919548829934407,0.721952630041898,0.916925947571753,2.35761013955807,-0.32169896067616,0.0697049526940595,-0.0163064191099254
"45",13,-0.560511864849505,1.12171705679968,-0.257714255883247,1.33563306839218,1.64041713238346,-1.04780507742467,0.305834871101341,0.417475299906457,0.558252630046112,-0.0592478260303978
"45",14,0.11857226087682,-0.529765428641918,0.604247481173114,0.603646222175275,2.20804811258393,1.19992488007673,-1.76510614307871,-2.33908126134476,-1.84506090563091,0.00427681956399436
"45",15,-0.204465608562672,0.580150789947312,-0.397106352153996,0.762345773456597,0.304185407344113,-0.600151605325434,0.952584104697979,-0.464593078608251,0.514852617812839,-0.0601272515391561
"45",16,0.589537991797869,1.39306776905946,0.287490663031277,-0.0677726439903596,-1.1636790016318,-0.674789487273844,0.519452450211342,0.563064688211718,-0.0919579719941523,-0.132906543003135
"45",17,-0.797197827570982,-0.909712647978735,-0.659887626318442,-0.00558688532812021,-1.11582132536218,-0.635372476283709,0.029811810334857,0.612074150476179,0.266101860750809,0.105107346458517
"45",18,-0.757215508293433,-0.775727403751356,-0.720325770553723,2.6494940181198,-0.0947041564173575,1.44664930426148,-0.00280510682607156,0.0113497057335651,-0.0938130363337561,-0.0492735875542512
"45",19,-0.247146055144864,0.024127638772827,-0.22499452073718,-0.128261262019707,0.525539804830382,-0.219418466269436,-0.776847450552099,-1.61045515257932,-1.60031401088131,-0.0567403685158767
"45",20,-1.62021262245617,-1.6690089211576,-1.61232844654297,-0.539799849836602,0.299908750323384,-0.608114209524593,0.00997509392415641,1.39143022078787,-0.0188737146397624,0.104780310348614
"46",1,-0.0770512905815059,1.85147174630166,-0.919410357000448,1.85547912933346,2.19194838460764,2.04800821632862,-0.998767630291953,0.322327446129051,1.08289155719453,-0.00944862128003099
"46",2,0.783507342525767,0.934582391272323,-0.346796025525764,-1.24855778165303,-1.64951644886987,-1.30834932003759,1.04333776921702,-0.796197052675828,0.862966413483266,0.181784860066555
"46",3,-0.756698756572941,0.379072747071615,1.10224821744057,1.49377163645952,2.08676554503458,1.77104467929402,0.0703387333832664,-0.675855035051203,0.650329657932265,-0.0903667480010383
"46",4,0.694413571645259,0.169653331231667,1.65375673587027,-0.382198930020839,-0.373571858494395,-0.669010834147062,0.418064569594269,-1.48075791551221,0.985874546054329,0.0931760537657658
"46",5,-2.28265063971275,-1.2691083882111,0.178547790959736,-0.265786229226414,-0.90439499523391,-0.819215031489933,0.0911361434978057,-0.583316636822556,-0.235133185847266,0.11849403623113
"46",6,-0.145664580435933,1.72023426830732,0.0871671606709452,0.235087022073394,-0.553259065334341,-0.375708970490356,1.14929251352914,1.64562122950608,1.05711727585172,-0.0783598867889272
"46",7,-1.33387622579461,-1.33415513933794,-1.11382540520553,-0.857907684384857,1.09910684015868,0.878770498589367,0.384963412721756,1.6016517730052,0.578492907129982,-0.086543223368
"46",8,-1.49188465545183,-2.28304125010003,-0.903615284833495,0.168395430212455,0.838564368047982,1.12719500232768,-0.345879171005599,-0.710787579290893,-2.65385785579894,-0.023703824298458
"46",9,-1.2160836940353,0.334171902982473,-0.995268912119519,0.112450519136847,0.00449039736005681,-0.0498268092004475,-0.773422935478357,-0.979601212570841,0.0575925566056657,0.101817222230125
"46",10,1.17970673940532,0.661827040016115,0.857469464937427,-0.246674962882202,-1.02789898664181,-1.05629648283341,1.58416477774829,2.4038022945245,-1.25031056306057,-0.159079804894444
"46",11,-0.629399182981205,0.00151839058723623,0.773030772484048,-1.58764136513351,-1.01461873182311,0.0785971867829006,-1.21696666802113,1.34579195020335,0.0801630241575536,0.011678892843784
"46",12,0.191873618647063,0.654165854686712,0.151327775554634,-0.624847691922719,-1.12017867865234,-1.02463629141906,0.220496658425517,1.79893541151392,-0.350653522125162,0.0365881986335404
"46",13,-0.12709602206761,-1.33255967073642,-0.781345055542832,-0.357033197585841,-1.20658124061182,-0.264574562088498,0.40283700186757,-1.6349044206985,-0.0094069242012241,0.0553477892174936
"46",14,0.406421357352102,0.0538045217652351,-0.471942309626618,0.734304036936949,-0.595559608416778,-0.211822783383464,-0.363952343244675,-0.808499136343024,0.411009665396844,0.122718115025071
"46",15,1.00250576914437,-0.407420535563657,0.484783216155665,-0.0153187899765212,0.45956894901768,0.317954555492435,-0.927250954927797,-1.82832530310981,-0.679438397716103,-0.024839080742213
"46",16,0.877939912952227,-0.223907466918378,-0.533808568544745,1.625327731042,0.55848629600506,0.68597850421518,-1.30768208614567,-0.786321022561053,-0.404317717757043,-0.0942663181087786
"46",17,-0.124619463022843,0.488432694038701,0.570773752127801,0.866613704834926,-0.638638102987613,1.38868742347302,-0.788816650179415,1.41624208173582,0.336196947926081,0.0934116311242791
"46",18,-0.513585996396494,-1.0739563301618,-0.282766337605269,1.03891718333354,1.4225147126612,1.78445979891836,-0.563483369892877,-0.0195339488242392,-0.534593277588729,0.0280036669512948
"46",19,-0.618821684562228,-0.393871250038904,-0.340162215648946,-2.06471129112593,-0.513398664043592,-0.915749700688682,-0.133340280343802,2.21014475752333,1.76062692885497,0.0779782932544086
"46",20,1.26985956924759,1.13195381674015,0.883654651438502,2.39271789764805,0.56267584328697,2.04616001782055,0.398782435879246,2.10952619898638,0.67209477189229,0.0872456050782944
"47",1,-0.038325992363071,-0.486145143561886,0.768029002619881,-0.0882720959553992,0.130365280579731,-0.0490869515633129,0.948423405378044,0.200725715633995,-1.77507927077965,0.034509800119863
"47",2,0.766382913150499,0.253333320850102,-0.274272248195342,-1.25202733012406,-1.23480538688711,-1.43424300834578,1.82651508741078,-2.06122035080708,-1.34941930161913,0.013874631421719
"47",3,1.59988721248904,-0.433338258566108,0.845932695279934,-0.570162048260359,-0.738609302804359,-0.202845895079983,-0.538049617781961,-1.72161740553467,-0.00159026800822662,0.0214522687143618
"47",4,-0.731561042654698,-0.271937470976289,1.15982326643676,0.920593647474787,0.996190107200991,0.595005007127263,-0.191381815426985,-2.12691957199715,-0.661694060233713,-0.0653294476535172
"47",5,0.726340524658566,1.97421498660988,0.875859515245033,0.0852398805272205,-0.0668255289329309,-0.36456566593264,0.241241807534311,0.0114277258708522,-0.976880783582446,-0.00175652835146501
"47",6,0.0547858278155329,-1.64737493145137,-0.296991607707565,0.151328564630118,0.90628586539644,0.487227295813034,-0.311997081960101,-1.63491010637694,-0.883338480189427,0.0987440294415046
"47",7,-0.619406478242387,0.0153825646347932,-0.0547389207798653,0.151596067591843,-0.396536673129479,-0.607500786908921,-1.01693191410946,-0.463543595324015,1.3000858259093,-0.0881591003454487
"47",8,-0.0764343641201338,-0.262277452867643,-0.310959031666228,-0.0762338867029661,-0.165151360608121,1.03494030782199,-0.411576507493663,-0.391135520823685,-0.276131162527117,0.0461559935754371
"47",9,-0.532417308343861,0.548585129993556,0.133940371446101,1.24300542210435,0.725098718762285,0.568464367040273,-1.10876941753744,-0.473346026171902,-0.45944209472135,-0.00780106582954033
"47",10,-1.67366671691204,-0.668240143467237,-0.958519129976819,0.271706147887233,2.05892504159347,0.185581795507465,0.610527169906052,-1.09152353153531,0.989083537759006,0.109140340714106
"47",11,0.180565127912855,-0.792581205733021,1.14887275065595,-0.466321646374008,-1.77793466119951,-0.528744044037425,-1.00368156939634,0.592977387503107,-0.410184646323143,0.0623024993710466
"47",12,0.0815981437493355,0.429846439356941,0.190714443882918,-1.10673613249242,-0.722979412646686,-1.43476532931307,-0.704389518903222,-1.36720741195538,-0.087912618720573,0.174787247128269
"47",13,0.28981251696748,0.614836072267372,0.142875533542382,-0.594260435588666,-1.21033625601315,-1.34241635269284,-0.0122844268718832,0.267760879023378,0.413200181688021,-0.150268333947282
"47",14,1.0088602503516,0.337643474333792,0.544377474174469,-0.484458070938645,1.55381682713413,-0.250728982153901,-0.106147365768843,-0.218936376882381,0.133866712541924,0.0196509227135976
"47",15,-1.12404029482746,0.296272033342131,-0.492142173706041,0.494416529684357,0.861135522130757,-0.211310554529441,0.174422866281416,-1.43285735176811,-0.112862580673094,0.0699858509419325
"47",16,0.53174945211442,0.00654940060791885,0.130182243846515,-0.569671173085579,-1.86078116250458,-0.155738813790715,1.03167622182781,1.20231031383471,1.15604743206485,-0.233316980766171
"47",17,0.356818801224487,-0.374908278522975,-1.15387891029436,0.137804404678483,-1.63180012877431,0.385710013157875,0.839260613644131,1.09100764561144,-0.108214564618766,0.0979016546362449
"47",18,0.780872571380245,1.39529763887742,1.00288656468195,0.40410401214602,-0.489658537695787,1.21133416147232,-1.56342173734052,-0.897578400783754,-0.472772443958527,0.0759811236656945
"47",19,0.732966081650299,0.982973378928706,0.860900537336645,1.12905444552274,2.47418040888341,-1.21520010537093,-0.3378036494446,-0.888296840402073,0.424294078877061,0.198626961357239
"47",20,0.824861281209811,0.729646162350481,0.820674970755685,1.99672433267704,0.15225924617961,0.0580562711876923,-0.165987441411534,1.3793738828802,0.329383280252667,0.000272051305145319
"48",1,-1.67985862880502,-0.287905457367454,0.14667516350435,0.5534313837984,0.272164682172101,0.337791878778365,-1.32538670405905,-0.374046809114919,-1.66987403672993,-0.172361806837036
"48",2,-0.220110188277641,1.24440067175729,1.11023442913433,0.635541894843446,1.28182398922496,1.40453197325091,0.805220620980053,0.446161890275535,-0.693608349061531,0.0623183172430015
"48",3,0.532158262458464,0.165988151962049,0.750854567937245,0.351247591184892,1.04094318726841,0.783497636280786,-0.865492296662628,-2.009188112553,-0.601861531771927,-0.113541818103722
"48",4,0.535168886946959,0.74324970488365,0.893992647661135,-0.0107263949652678,-0.846587858477248,-0.165169661918616,-1.81012357276274,-1.35608714093436,-0.363069065313936,0.0227137609272085
"48",5,-0.461704484679532,1.19743580725312,-0.94107473227851,-0.225746799874506,-1.48804707608172,-1.1047115022207,-0.395751649035766,0.893012874721788,1.00350627880759,0.00504596878136427
"48",6,1.50320468047038,0.550498589202236,1.22568274789033,-1.47839270133319,-1.5647713791424,-1.50655872727581,-1.13881236095103,-0.581836606026202,-0.0383647725854637,0.0527674764910042
"48",7,-2.12595693972054,-0.123569809286851,0.678683695151194,0.550801914156966,-0.131490940410183,1.23610478910013,1.05431428465843,1.05556951354371,0.267479184098824,0.0316105268911596
"48",8,-2.54055174226778,-1.5432969175589,-1.15904389610975,-0.0181688884256724,-1.55019208825219,-0.606850135817021,-2.04239139325575,0.290094813468111,0.887065583122947,-0.0944397607229241
"48",9,0.355890651848148,-0.701473415101948,-0.734083671700449,-1.26136320182561,-1.39278639327633,-1.65897141781902,0.226724414838098,1.41135146958457,0.217203611367808,-0.224917005971365
"48",10,1.23523671673361,-0.146062946118792,-0.331029446554903,0.742846044093193,0.237220830966584,-0.828337511158981,-1.94866149119735,0.309298571462822,-1.57252296110766,0.013520164893302
"48",11,0.276910404333311,0.200981640840493,1.22464996694692,1.20828710374625,1.20268301237186,1.29371093520776,-0.328555800315228,0.262099392680353,0.0238540862153921,0.00973551135149647
"48",12,0.346964027872217,1.73783935331835,0.755308963236756,0.573524680168166,-0.224627097687654,0.800862827847586,0.164390799140666,-1.43088975664094,0.161238770117646,0.0740022588313756
"48",13,0.0501311812171447,-0.468829865779126,-0.411705847748719,-0.473116168212993,-3.77180792311518,-1.0155302701314,-0.569861674666061,0.564940220747689,-1.03099696307496,0.19927784442553
"48",14,1.57013046015421,1.91866210613625,2.10129660946937,0.335581404909732,0.696932928003582,1.43410547540122,0.896527815970835,0.555271543073811,0.120126178296682,-0.19855335890891
"48",15,1.93230099843217,0.36583806789569,1.68614589923559,-0.32865965677461,-1.48977762487865,0.0406584778988614,1.42012791884886,0.0950303344617176,0.0202214845071765,-0.0649028694806763
"48",16,1.50772244506655,1.17784469047915,0.335292630091412,-0.828433213634571,-1.1578604912689,1.35251974362388,0.465665210320067,-1.23200666088609,0.146873651317734,-0.182588042371389
"48",17,-0.420450556083703,-0.905031234553167,-0.952108143538556,-1.16397599775155,-0.0196293313112328,-0.363139954687202,0.470953448531171,1.74188559221168,0.44640537539517,-0.123028339548303
"48",18,0.54286126423775,0.546461510657495,-0.190457623278924,-1.55464372762529,-0.275266017539829,1.3371434316954,-0.251221897447315,0.885179892968482,1.15995699878482,-0.166500702500003
"48",19,1.76919811535313,2.22276352649162,2.4625938316973,0.188531171856113,-0.0147526083662443,-0.46543271554289,1.14414984969616,-0.14085031874464,1.66816143351421,0.184215533846878
"48",20,-1.33343300917083,-1.27938698230616,-1.10702978927818,-1.83661124321261,1.90732370784052,1.65889943525414,1.08817298601119,1.50671109889295,1.06816933656504,0.123059784007527
"49",1,1.87394485195712,0.175585383345411,0.994970857019325,0.972375941420612,1.01555549589688,1.10830096708501,-0.88746028992824,1.67005953205747,0.363506290957671,-0.15645091537812
"49",2,-1.34251267319582,-0.572819292888281,0.678505033843742,-0.883823207326149,-0.455595734893327,-0.0134927970283937,-1.13866112903565,-0.879735064762221,-0.247283129872505,-0.0102199237988967
"49",3,-2.72087147165767,-0.257310881640438,0.659094175596466,0.951326437816424,0.741066795731422,0.928207240613585,-1.16121662124541,0.635114195966622,-1.32900725589773,-0.0608905930567252
"49",4,0.632277383475916,1.22868367648467,-2.01224498517211,1.33332871824797,0.785335059978509,1.18905982036424,-0.0810505070211863,-0.212288511330923,1.0115192144799,-0.201831446908543
"49",5,-0.197818248388366,0.676404293820096,0.695453494952432,-0.864379733974757,-1.93615178430153,-1.52464908680562,1.15659568792496,0.209743936569153,1.93096193444627,0.00640751036706523
"49",6,-0.467217569634752,-0.339793031239571,-0.424604613623713,-0.0357497299700576,-0.42081900566927,-0.941035763501103,-0.97393349008184,-0.0682515795821843,0.510550216887376,-0.188779405577476
"49",7,0.135899423171267,-0.604351109974968,-1.82360859371874,-0.0884713851522581,-0.0157793076145298,0.560023930533992,-1.26430268064043,-1.1667850717295,-0.383405350477182,-0.0204372239161222
"49",8,0.3031194641474,0.0741059313466253,0.0515189846669974,0.825018757756995,0.816749832252748,1.48408437133437,-0.178906082946108,-0.68567934924838,0.380429941702179,0.165126713829707
"49",9,-0.119832600026775,1.42765870657946,-0.433250727437283,-0.794272494688496,-0.166222685144933,0.163238819009665,-1.08227148471343,-2.66213394126539,1.72051032964839,0.187429948058494
"49",10,0.0825519345067925,0.0116343153961014,0.313619465299426,0.176939410603895,1.68522917816514,-0.294511888905952,-0.0733467621651777,1.52147176375519,0.0914194777682891,0.186306937917746
"49",11,-0.639819326042093,-0.0151129711095205,-0.303769364980023,0.776005177312444,-0.0240941555867248,0.0672743287111008,0.639554950119628,1.31836126103199,0.207556580552139,0.0650361065843507
"49",12,-1.0463112504431,-0.116790576167386,-0.513384548107565,0.0465027769676665,1.19003212757471,0.455988834705915,-0.321806129974916,0.488346996101666,-1.50103489884274,0.14090118318799
"49",13,1.18822291957752,0.250746888681973,-0.132087103123409,-0.319193369042498,1.08154563809982,-0.534163673630509,1.23101460514457,1.72282860031953,0.103034753790988,0.145163798754621
"49",14,-0.738376969067054,-0.76381490420963,-2.32098724779438,-0.851913885033823,0.0345455127119317,-0.470136146517524,0.0173838117832181,-0.286804176788671,-0.244246737714021,0.0599722956677024
"49",15,-0.976598796989486,-1.2823444125905,-1.64796028770706,0.061588288741388,-1.25246912499549,-1.64067967393115,-0.106598330373628,-0.873624318196356,-2.20625448122144,-0.139259815442777
"49",16,-0.398639494463277,-0.315931314160065,0.467259627883484,1.17218974571651,-1.13195128611507,1.09438877628007,0.549541174229329,1.22665122271772,1.16299926437235,-0.0861286484461781
"49",17,-0.616176684874246,-0.434217981564919,-0.769581056523887,0.242607695278644,0.621519926829897,-0.620188603137597,-0.139213004217225,-0.282263889860819,-0.625945594048492,0.154745218393404
"49",18,-0.0296616153833689,-0.165391672531886,0.123520423347609,-1.51765532167572,-1.14676133501447,-0.314515104321831,0.252210415403533,0.306325216995973,0.137214512963571,0.0815042552895714
"49",19,0.105378731680593,-0.769712487200294,-0.754447683109491,-0.412808728045417,1.10497506549657,-0.841101673112213,1.23480120844867,2.53196885614639,0.957111370641779,-0.0556545677786421
"49",20,-1.26668942825446,-1.32217412347336,-1.14605124726252,-2.06573894942395,0.0869606255747375,1.54603469375431,-0.226625599289868,0.634831526316903,-0.672215565554456,-0.0194320848784487
"50",1,-0.434191717134459,0.485457501249514,1.19834864963875,2.18282720797208,1.76656963816711,1.82689768913028,1.51207499032228,-2.15237015357043,1.22877479129298,0.0975049272999453
"50",2,0.859545441222178,0.785224033084177,0.987895534129249,1.10000232126139,0.232909717882557,0.291670116205123,-0.116189113642489,1.21975543877526,-0.558014070345947,0.112339555743517
"50",3,-0.738201408542914,-0.433250831822726,0.329279605434326,-0.438880916438788,-0.543474486628074,0.0228906300106487,1.02049496308954,0.399318226181338,0.387150094523326,-0.122803175961134
"50",4,-0.242152141498655,2.51216875337711,-0.026921735842245,-0.195552135177637,-0.212660815596969,0.0249784847737624,-0.940412963279961,0.911687156517777,0.13506300020576,0.197029447877433
"50",5,0.877710254387614,0.0977684617940531,0.27361396241548,1.04811881179359,-0.375242178361026,-0.300554472046404,-0.861125637232514,-1.59311844953955,-1.32851804699858,0.160823307609792
"50",6,-0.524434996357844,0.290920555007676,-1.01063338179446,0.311383400112555,1.90079121257228,-0.0598142737951706,1.00999354145365,1.46803001854042,-1.36297546395078,0.144410988199573
"50",7,0.163567957583006,0.616775432732446,0.713061880120007,0.66057869064517,-0.297080131763232,0.436713225752699,0.608552005417962,-0.835962335769356,-0.183394488840699,-0.000370690207539017
"50",8,0.655032479962832,1.29933724022229,-0.265399203973358,-1.34804920882767,-1.97135055341577,-1.42737834823876,0.422195218501438,-0.251004412139246,0.86963391850281,-0.00898423279531273
"50",9,-0.0802140898016285,-0.322388882680003,-0.0306960862386826,1.16089356135202,0.218143036905088,1.94062150075928,-1.02668996277129,0.628836006507257,1.24827541679784,0.147838340467957
"50",10,0.0199637975603646,-0.442637762946589,-1.5515784529281,0.130064512874629,-0.64860063243105,-0.20868095891119,-1.8809054744525,-0.743915466357044,-0.440755204464516,-0.084735151928418
"50",11,-0.0159566544888043,0.451463147011963,-0.317037818025478,1.48683444201387,0.548664423982406,-0.38832702764068,0.918265880238863,0.783353628008068,-0.27299250549714,-0.0030528898587618
"50",12,-1.21468006981935,-1.1066511273754,-0.365629330319485,-1.59869789882124,-1.91670931529396,-0.498561707784825,-0.163525296712611,-0.842837943844432,0.508004688878386,0.00903735098721469
"50",13,-0.935194897147945,-0.615800046180373,-0.313084106367431,-0.20042769552089,0.462479863206916,-0.500541195530884,-1.53720071233832,-1.60617602083387,-0.963029831072933,-0.0125091941484466
"50",14,0.21980042737901,0.288196456843569,-0.643277019219407,0.303774572280475,-1.28191288936854,-1.37629338247297,0.602537463383104,0.44980577022408,1.17991858485594,-0.174584892065661
"50",15,0.205453488756307,-0.875322722628151,-0.160503353437589,-0.224255654980233,0.51353244479243,0.843737351236071,-2.28146561654627,-0.299223687114099,0.124406066933998,-0.0578757296471451
"50",16,1.16696294232456,0.785871983381751,1.48041917059299,-1.06763866930989,-1.06494629832521,-0.0699390683331455,1.89793241228664,-0.864878297717011,-0.666717951912167,0.0141154360602801
"50",17,-0.205230364799057,-0.436745993443913,-0.675023921006256,-0.854113804974619,-0.745780178790546,-0.327883576629113,0.441486482715787,-1.10263057865852,0.303272287988075,0.13038738554502
"50",18,0.8922997275423,1.39117736655362,1.1256802115039,-0.810167818302363,0.65056291854442,-0.705985301761699,0.00657588555831527,0.985123061276616,0.747014051554421,0.0719357638813425
"50",19,-0.935519951984082,-0.401262357652971,-0.680761659943217,-1.38286031378346,-0.618742831695868,0.027079045578183,0.657322308829562,-0.277863638347245,-0.204340893791891,0.152471584042337
"50",20,1.00823842798918,0.901025905214539,1.03005355422752,1.16389188811376,0.677630014857117,-0.778160960948932,0.190403790687408,-0.200419573507005,1.34712578547448,0.0394497549168951
"51",1,0.894500245374778,0.382346019556179,1.27111669972695,0.124270626538891,0.075942866265616,-0.00159644550112766,0.112930308640422,1.36148077551829,0.581186161887485,0.00517268284382758
"51",2,1.00228985822517,-0.617461712319202,-1.42550726450185,-0.671295236607287,-0.358274497568197,-0.454820382252703,-0.337327003178444,0.0231958460377226,-0.934583484102673,0.0988675097944064
"51",3,-0.741546573977751,1.87796197508104,1.24688436908664,0.433459011371405,0.603530638045761,-0.113450629491907,1.40125628206823,-0.796132951157226,-1.55688279893399,0.135266148833355
"51",4,-0.455218765687353,-0.741635650397516,0.788227726144335,0.30492163635536,0.281541980869963,-0.310218362102303,1.93660871172686,0.12849444278601,1.3622286308948,0.065131354434177
"51",5,-2.48954944055347,0.158949738524926,-1.47643836426704,-0.813656378706584,-0.996035078376134,0.215119344618283,-0.67564610846629,1.26780132025643,0.862638434124505,0.0911786645325009
"51",6,-1.38051032235142,0.0486914787616605,-1.03681328281958,-0.526268818915935,-0.340730133288902,-0.612522337702278,-0.983462393495204,0.945702801431622,-2.32206753625995,-0.0493894929798082
"51",7,0.439203738582644,-1.04870138327982,-0.344869844036036,-0.447467181994503,-0.879027563852411,-0.784130172142461,-0.349051604006342,-0.605130269653829,-1.12731613019703,-0.0350519864508987
"51",8,0.288085653586376,0.443441288678256,1.89973920562744,-0.0225146588311242,-0.549124052985288,-0.26747904536042,0.304633268663644,1.71740712116922,0.384042010576758,0.0436140430229976
"51",9,1.02766241808064,-2.00725291647224,0.558479621505853,2.50660257098995,1.81573591872434,2.28113226569181,-0.755130216859682,-0.0502881711563118,-0.329274289237119,0.0193489378499277
"51",10,0.38787787366177,-0.00576747844203819,2.42889895366725,1.57830907627845,-0.00162429314458437,-0.171021415966762,0.573891830082953,-1.439394580617,1.99871879546288,-0.0168041866955357
"51",11,-0.683213586387436,-0.750202021699718,-0.323927076177026,-0.771191564369334,-1.21499683475847,-1.03961860942574,0.346280778098211,-0.353263341243842,1.31434205724173,0.133326168708206
"51",12,0.178061964702513,-0.081996497248368,1.45740691128297,3.2488805940606,1.80647514547529,0.351994955313625,-0.320997990249831,0.591401242889228,-1.00900823312628,-0.215522882382053
"51",13,-0.672841773360447,-1.47992118948851,0.549897156660924,-0.650560262415496,-1.35109072134444,0.540913242302215,-1.9875666470914,-0.645927188752939,-2.86008024255315,0.111489958539215
"51",14,-1.30811825824294,0.45440819617293,-0.37168615192642,0.937947738068247,1.3819639748067,0.69110745897976,0.0309430765682515,0.500659427282717,0.396899519090691,-0.0942125129985055
"51",15,1.12684244655967,0.551355575255849,0.907182174672115,-0.405361313634372,0.155639821701329,-0.563385034764903,0.444124129332976,0.518653284321256,1.17813289498285,0.0069427693215881
"51",16,2.62583536254007,1.13301228067999,1.43142706833161,1.26744333833686,-1.85883819338103,-2.5176953490239,-1.85296071047935,-0.0074025495424002,0.0854035973514127,-0.0570804092440675
"51",17,0.72774832245814,0.0757141904719045,0.525953676365152,1.21649044952705,0.604302001190381,2.90703168864126,0.804094877576883,-0.412133885604973,0.632607084176998,-0.165640869057439
"51",18,0.732239194741925,1.22309867121214,0.28680100649692,0.456735384689793,0.00279365766297041,-0.750570587173474,-2.29620603462513,-2.90577582949059,-1.26358672326633,-0.0871733690385683
"51",19,0.717195909734677,0.655592289433688,0.503980029694229,1.15401111722467,0.272620912144128,1.11871397178943,0.279338530977786,0.858206839351318,1.78728456861872,-0.146858444863412
"51",20,0.799011887069936,0.888461792139218,0.810516938121265,-1.65697187803639,-0.430776015227051,-1.38587811903756,-0.820389416603442,-1.04494247183356,-1.11813691843973,0.110032582319419
"52",1,-2.11004401719943,1.06396937294467,0.68097951327318,1.49946146915818,1.09132786996106,1.04902995324812,0.956866690234202,1.3291692170639,0.118190772874404,0.133313507142661
"52",2,0.706738371110933,0.713748888670026,-1.17121061530485,0.830005532698691,0.375995283319519,0.506362641788343,0.0471146966035584,-0.867357783269844,0.0617393017387957,-0.108534657159278
"52",3,-1.08454405645795,-0.523075933848977,0.668256340483746,-0.0231723907380133,0.0827624709115736,0.0448291721987649,1.60285534452296,0.329788546085831,-0.732498461972318,-0.065105143905431
"52",4,-0.668961619232289,-3.30832948248274,-1.21271070764318,-0.98345964276069,0.332253706883685,0.096745128937542,0.668555075415257,0.585955577068053,-0.539613359642707,0.0477198318625541
"52",5,1.63391223201807,-0.0150822852948046,0.663497703870633,0.929932686707397,0.142637664764033,0.465058198630041,0.896297702073623,0.733092046049021,0.535238248425997,0.138668041652531
"52",6,1.37616264050411,1.31827580958129,-0.478065020946406,-3.50635047026715,-3.10906736675865,-2.79759137435429,-0.389424365284209,0.655669711066685,-0.127268805579925,-0.0836450217427079
"52",7,-0.893558385062639,0.355199405528333,0.120608211124543,1.58568453281588,0.492683997894637,-0.0977982818493961,0.151499805657119,0.468129979710335,1.83629996601647,-0.0239624070882066
"52",8,1.25530589529106,0.498783800019787,0.557758785655863,0.668107071360604,-0.519772503672882,1.05941916630757,-0.457595973536279,0.977537332753002,-0.0344554733770332,-0.0295979886981184
"52",9,-0.8377216537089,-1.84494056924679,-0.505479656259931,-0.379966632413893,-0.409569244038417,-0.81758487075695,0.494604627994074,0.793338708194695,0.64902951333126,-0.0182382838704585
"52",10,-2.32632306149888,-0.814483085355192,-0.777755374701977,-1.07997233908101,-1.57156972592064,-0.563024476628824,2.48426014777437,-0.73671882938192,0.207546212212526,-0.0346169863583904
"52",11,1.24131146479764,1.09940315186305,1.57410621059136,-0.00874424305696261,1.08094623299788,1.48652120429382,-0.417559543520496,-1.69736229911678,0.227166678141855,-0.0344703072133777
"52",12,0.522358498620587,0.568608869125516,0.709028979725971,0.826978215629961,1.68853324523403,1.4874726258939,-0.097348934847473,-0.690942315769678,0.41835469969543,0.00816088949013527
"52",13,-0.288773613500663,0.789234590781923,0.0331934152248038,-0.772110013573545,0.685321636064221,0.823136470993523,-1.22563077879044,-1.12204597473457,-0.669043047915479,0.0380191514605941
"52",14,-1.51347018622872,-1.31976917766427,-1.08653375211481,1.40097444620847,1.62027041820364,1.9641928811574,0.830109746986028,-0.916132258655387,0.126341006853521,0.0258388513837489
"52",15,-0.244402900494651,-0.19570723989243,-0.00769426689760763,0.62652730195359,1.84291730073441,-1.83395241919624,-0.702988959140979,-0.149906201947244,-1.20588316881781,0.00830644671667054
"52",16,-1.09202238871694,-1.51113135846898,-1.24301691605165,-0.200442339628453,-0.00879536155017262,-1.79842883718762,1.16970136194994,-0.762779158030489,1.81035857971489,-0.0582218495049727
"52",17,-0.185323040350818,0.623495371553096,0.353562985485311,0.195623586754782,-1.13436028644862,1.96421224618303,0.454528721047432,0.798242112179907,-0.531812580444265,-0.0813825320881191
"52",18,-1.06460913565588,-1.22566285246173,-1.04130574234002,-0.111032386707638,-0.470888059379495,-1.01490017413888,-0.719295496189602,-0.119250232283511,0.423972416006927,-0.0441101724460297
"52",19,-0.28308438654813,0.110025560962609,-0.200648860052307,0.984711599969762,-1.21447925201437,-0.000784316266385379,1.12579550148094,1.22114627908231,1.62955735481141,0.0363302447584061
"52",20,-1.11308437359388,-1.00530654296344,-1.27014013773277,-1.99430139112322,-0.155999845569731,0.308202237387358,1.63150001003332,1.34983568118474,2.09993694886042,-0.184643293743303
"53",1,1.02872249475329,-1.39250276933681,0.0371200317097531,0.228423698509881,0.410665372666129,-0.0369342216608683,0.72501993721599,-0.197789405074426,-0.000970903318449647,-0.0410769753049352
"53",2,0.398862092352828,0.950490736346954,-2.23555812435346,0.104220083567993,0.21344641099354,-0.106508303397537,0.759596257330668,0.0553798604004014,-0.221663108982251,-0.0411618568040671
"53",3,-0.0800434151908555,1.20600334706422,-0.458385143565953,0.5237687806328,0.157538478329939,0.717764570615232,-0.403808536028583,-0.660309387835677,2.52479701999493,-0.186173592974728
"53",4,0.329805114327119,-0.909283688253832,0.417613910894647,-0.238525725828808,-1.19849315641711,-0.737316596153717,0.398455595586297,0.787348700974655,-0.443578789082646,0.148624782154365
"53",5,1.6427575644473,0.920965414851569,-0.0891161196963082,-0.41770265605421,-0.247421932466822,-0.16059124666605,0.263110788777289,0.254113185696401,-0.0829271026523324,0.0418490328455196
"53",6,-0.117106341323025,0.442189391030888,0.0956128912974301,0.0915025045481432,-0.395704104293686,-0.176240993603148,-1.66623158202536,-2.28946592342679,-1.10807307832883,-0.0928324100650647
"53",7,-0.948918071415351,-0.219582539748416,-2.4366828755758,0.333205395027334,0.120294859157969,-0.015086075720438,-0.532377532293216,1.01384991768391,1.30971100394555,-0.0366671550947866
"53",8,0.420866835600591,-0.809895650383039,2.15808101199362,-1.50923862879188,-1.25815429042616,-1.01908808413512,-0.13800066338216,0.168481023509472,-0.171871155739899,-0.0839897683242428
"53",9,-0.922398827563484,-2.46666017758035,-0.59877670257533,-0.215663599895498,-0.497574971138838,-2.03131452091936,0.340071784543943,-1.54938368749925,0.694656487214619,-0.118128072296834
"53",10,-1.2502954061825,0.42693161371707,0.461154275194904,0.999076777649733,0.881482633912421,-0.500968352038862,0.811086519431945,-0.786451466518075,1.62530205455968,-0.0699893153773654
"53",11,-0.207266844774675,0.514799627462823,-0.0735169372641783,1.71409875564685,0.968133559996191,1.34073764041491,0.299045112221036,1.37741532038641,0.664257816490162,0.120669491969734
"53",12,-0.792844018670995,-0.074086169454597,-0.573920868944002,0.283320729747347,-0.252431664344847,0.0710178034153767,0.510420741326532,1.46245969806363,1.89450875437375,0.227861954162715
"53",13,1.30700805904635,1.05336332036493,0.393487409331888,0.470289023042509,-1.0475380580078,0.938528448623361,0.78877569257302,1.3009184868653,1.59479067606467,0.129158208672073
"53",14,-1.44190748678052,-2.07655604091992,-0.346312746755063,-0.357622250147081,0.244666949633149,-0.995792145035242,-0.298122178958466,0.786829154673437,-0.86709540559435,0.245376101295705
"53",15,-0.319428381976919,-0.0410883086882342,1.30423435369489,-0.894220140313173,0.0857067521669644,-1.27845754394393,-1.84190687770674,-0.931711875088654,-2.42863876475159,0.0988569050552602
"53",16,-0.216383308348906,-0.224587678039656,0.0757649828582092,0.739270282342392,-0.70202882687548,-0.459374663041528,1.10006623808137,1.69749558385925,2.62418509500322,0.023405174916756
"53",17,0.894336194328099,0.57801542349378,-0.509106473493122,-0.309224629788045,0.140905732604149,-0.527497196507634,-0.643326384518606,-1.31122832465001,-1.09593764595696,0.0086343591796004
"53",18,-1.09616214304619,-1.04412031509165,-1.07793204340017,-0.0681997253945299,-0.748465746882579,-1.45421428241297,0.158875169462292,-0.597513695069271,0.0928747372330567,-0.0365844595952418
"53",19,1.15430228828956,0.986785234507606,1.03549098216779,-1.56364415868622,-0.594855047609558,0.485948309351241,0.73209585501179,0.625100071998547,-0.0183477676788554,0.0257793113024215
"53",20,-0.462232744222461,-0.619890388194315,-0.251063049106633,0.652260306569368,0.0897666403122933,-1.79840116342776,0.248948708476558,0.244392642479399,-0.60099857581469,-0.0183070923172307
"54",1,-1.12719452168113,-1.47134839050545,-1.57927745409002,1.52424102614788,1.05612786817918,1.25945516538672,-0.0786989456556869,-0.331303080142033,-0.224934972894507,0.0202016845026923
"54",2,-0.351823732988247,0.586642063472546,-1.70320022582156,-1.37167644996858,-0.685511146292866,0.212121078089517,1.99157508576778,0.218943446481902,-1.18979616366237,0.0670135153512501
"54",3,0.538614599834235,-0.476232399692972,0.313937426290866,1.15773383254679,2.3625135021684,1.06425569110062,-0.189628774417622,-0.919082662314779,0.167130058457214,0.0989682819868796
"54",4,0.451942273317929,1.86249169651404,-0.63363176465337,-0.64687676052265,-1.35848366280127,-0.711865022368459,0.201635888804902,0.351637764145921,0.900170828887603,-0.227520643313096
"54",5,1.51564130291452,0.953178087812562,-0.827310739571223,-0.809421868024932,-0.0317762663397766,-0.28582235391721,-0.653306738236813,0.464775189145279,-0.244688695931366,0.0766165746475329
"54",6,1.36613835652401,-0.689473560480019,0.0282759139759608,-0.668589171524298,-0.830065802435917,-1.27625033039651,0.553323874039103,-0.919169430099711,0.261760168281824,0.0175927979313209
"54",7,-0.694231139344812,1.95979308605747,1.19820871352257,0.151496867298759,0.255786229667683,-0.687092260729456,-0.337429251631516,-0.466625929587264,-1.66862900758818,-0.0740878135490743
"54",8,-1.59516954921552,-0.511535910229381,0.0622695735443346,0.877461042704081,-0.438672123123036,0.193691855566496,-0.540512486264485,-0.637676106881545,-0.857248021495653,0.0310322692935818
"54",9,1.4385459730967,-0.0142271905210708,1.48625595456778,-0.185130618500683,0.488986147861463,-0.341393566818574,-0.624504745012014,-0.0493903084681255,-2.3647538315729,-0.0320241082841808
"54",10,-0.361750240929284,-1.79697773087776,-0.707604164192446,0.501967380583319,0.060162297534695,0.101191364975383,-0.0123676149633608,-1.56646104338053,-1.22037119833449,-0.142442341331288
"54",11,-0.535023534036929,0.286384186710588,0.46754967525652,0.65037328057044,-0.142875470388012,0.789565416449027,-1.55980536433604,-1.46675953228083,-1.61179474250885,0.174813684864692
"54",12,-1.36199168928212,-0.763351487483066,-0.557888412665943,-0.540347057265756,0.282369756446637,0.647649108716656,-0.1547726115578,0.116412848234544,0.656811933233674,0.0820667990490585
"54",13,-0.0593295248791755,1.38758352270901,-0.407160297938184,0.209677383521178,0.0432031635195947,2.61944069098504,-0.247099491457291,0.509769639375585,-0.57307503491264,0.0445230673712111
"54",14,0.216052201159989,0.154674524448545,1.19391967930258,0.231512440245691,-0.136889952185359,0.991525590400917,1.80804540204249,0.0586527484293589,0.225223350971761,0.0470775775983235
"54",15,-0.417219320863234,-0.603461473536185,1.15102783521906,-1.08794464033335,-1.93442389344076,-0.625417541935922,-0.409908364279688,-0.564863990915931,1.38005770525361,0.0721823665917331
"54",16,-0.468476230355425,-0.238180263536012,-0.754462523143594,-0.175449208922009,1.27407769948316,1.19786103799562,-0.145910374599565,0.315722720868068,1.11810591684341,0.0341690809780846
"54",17,1.6010867557955,1.37563042951983,0.860139854199503,-1.46997670359637,-0.832570211257097,-2.82430386746138,-2.77386627806385,-2.32939641828113,-0.695796907106607,-0.110448853810157
"54",18,1.25394156984487,0.301930364578002,0.0348189242610051,-0.992029429802254,-1.09566113021144,-0.983592553051385,-1.80831355718112,-0.558989622111184,-0.538396467402445,-0.0237924223721857
"54",19,-1.66632540698435,-1.74801871157231,-2.22765927750368,-0.0248923679572776,0.741368789741703,0.349656874115592,1.62610927749089,-0.954642425362429,0.436434309876407,-0.242884187783619
"54",20,0.196128772193192,0.244157207776703,0.260520630372784,-0.249753310799039,0.986390487283332,1.46148989517116,-0.470301509370092,-0.294761675961633,-0.750393984078687,0.160815617034446
"55",1,-0.9452160063674,-0.117561058138204,-0.573469256938291,0.0456243072302135,-0.118758421109408,0.336171676107554,0.809770547994776,-0.781291754802824,-0.434366629178334,-0.0361845204797997
"55",2,-1.80847456503057,1.04323180620301,-0.190308676584378,0.755144771136132,0.884447875047736,0.770061368202084,0.871972177099748,-0.254838489329275,1.77440663340418,-0.132880531082044
"55",3,0.80491176887501,-0.617493630309589,-0.667294410413056,-1.31664297904825,-0.193410505626857,-1.58918357159787,0.262945792919211,-0.151379777629922,-0.350895167948391,-0.0811661794054226
"55",4,0.833972122961495,0.428692116564949,-0.538994336422559,-0.720015495641012,-0.697228792741192,0.378575195268366,-0.829932343075225,-1.14543721720541,0.138385784471031,-0.043914963617726
"55",5,-1.25464755444461,0.601577455496871,-1.83378379117883,0.0337323131321774,-1.26053244387344,-0.638457664483792,-0.517577362042465,1.20085106568065,0.874424236689185,-0.232481474312337
"55",6,0.727016007873488,-0.14629425986622,0.224059675363844,-1.26934256188523,-1.76119606901137,-0.846997035717232,0.0783096558067833,0.0424893819879287,-0.291977588025825,-0.0349868485188415
"55",7,-0.979461645992445,-2.93745268936982,0.0651944223221063,0.313079480939869,-0.602871325491432,0.414167426623172,0.972003916609122,-0.186785937979315,0.729698040125193,-0.0265013507143347
"55",8,0.991426717220211,-0.0615347122252128,0.377681827832368,-0.797112986387537,0.261588875662586,-1.83500488140026,0.819942442813562,1.55888267589543,0.576475236059392,-0.103239601493911
"55",9,-0.390353368042362,-0.411686994648989,0.206669821097751,-0.376820376442694,0.0554888946362619,0.501989164185704,-1.81226893834393,0.688821872316537,-0.945286710602211,0.040248361602768
"55",10,0.864893642192408,0.00423220638460121,-0.289829296348865,-1.72300855847382,-1.21974237740031,-0.456986025584192,-2.13516689752397,-1.28573051594951,-0.757144268442547,-0.169382894960063
"55",11,-1.4990231944209,-1.28110953122312,0.135641561865973,1.0261203079975,1.20074621824008,-0.714218361662297,0.930836738178629,0.706776405577603,0.580827883237204,0.0699936476779424
"55",12,0.354539536823489,0.345980864010939,-0.257616671271889,2.19352501609552,-0.711836653758311,0.543171301156766,-2.02214801145358,-1.88247055090732,-1.21542769595407,-0.000688039826128393
"55",13,-0.121036393528101,-0.00223921084647888,-0.372641571157181,-0.681490290920532,-0.803396461007964,-0.128540208761411,-1.32897242567642,-0.550788309946015,-1.17059035562941,-0.0215178340474144
"55",14,-0.233344510318353,0.0789669933479263,-0.577306304005979,-0.430513837264396,0.671143802171697,-2.15435512910408,1.53101876340676,0.499701572136854,-0.406380101893533,-0.0135978268456135
"55",15,-0.560802762219689,-0.217857820244517,-0.156133367916953,-0.30240951596503,2.01585063902245,-0.391124334771424,-1.05424306362852,-1.71296426072079,-2.1328432602676,0.0435935116869095
"55",16,-0.919481521864125,-0.618138178646496,-0.858320552418815,0.63528331381008,2.08340774273948,1.88282988421396,3.07988774862132,2.02680335116113,2.71133437679906,0.0757519635868631
"55",17,0.253067000199645,-0.385204105190048,-0.597721711571522,1.4680060566661,0.521255647979824,-0.503073965866181,0.237030172755883,1.44083777345747,-0.0227637116712851,-0.181497858747685
"55",18,0.612757558932238,-0.326752528120514,0.28453922355968,0.454223088177188,-0.997752124937001,-0.43119580081709,0.19330032032288,0.594186922837247,0.699385547257034,0.178624417130024
"55",19,-1.75500853497765,-1.52484786256921,-1.67029184365604,-2.1117101035683,-0.498102125550723,-0.961765775258698,-0.681860251816585,0.751006527341061,-0.341092800714168,0.0507475192430332
"55",20,-0.201459378018279,-0.0991671018185398,-0.157053047757314,0.555325192428739,0.34883042050108,-0.612998840623221,-0.495393651840422,-0.228386224165624,-0.0623567990682131,0.0143750121401304
"56",1,1.1713368331516,1.52325521255001,-0.491223579472065,-1.25157341755835,-1.29400962423004,-1.7028663158983,-1.55541928821712,0.272986099796559,0.0516750074044996,-0.0322345964159179
"56",2,1.71962523921682,-0.745822593000764,0.454820053783839,0.360408212022927,-0.187743261498646,-0.291408565254261,-1.8183351481883,1.24273887003591,-1.4493809276093,-0.125352753958336
"56",3,-0.28169675240319,1.24804324964334,-0.452092497160436,-0.489006119030289,0.217555111895267,0.0294320332872534,1.14132170402076,1.78555152145293,-0.0455790364948508,-0.17053219141465
"56",4,-0.870965841283484,0.670918357091516,-1.02885400733311,-2.40945511014872,-1.61579968803358,-1.47697343901199,0.295700183363528,1.10480773950604,0.729342767879704,0.0994773757094787
"56",5,-0.549378343846237,0.61342277143859,0.0392319556922802,0.79458612619134,0.199709114201354,-0.189531589423528,-0.536351332613891,1.11290056337437,0.433802253701333,-0.0955881407932031
"56",6,0.545927364914356,0.271347613708756,1.33093911680173,0.156069482104032,-1.38432527737869,-0.9302497995401,-1.14210015333006,0.658648051661994,-0.200162920546074,-0.0362833131507586
"56",7,-0.0979951093774678,-1.16509688616344,0.664713755943119,-0.313200411421634,1.02694129345737,-0.343054803807296,1.3413738182948,0.824299788110128,-0.713803615729598,-0.0172871392944684
"56",8,0.149571430681922,-0.584713846511727,-0.791770295220074,0.972602668537486,0.60706948418438,0.822357707981392,-0.897004282858647,1.38855526887351,-0.763519392145105,0.113684474108526
"56",9,-0.780099459107864,0.63086595459405,-1.97025018262414,0.00741869067303687,0.09393810030403,-1.54931538826024,0.623986254003489,1.69479259498872,0.106875998277548,0.0691542089797328
"56",10,-0.440690797509011,0.0128068954008859,0.399697339840284,-1.7220047311331,-1.3686086642175,-0.25740457309031,-0.609938532934729,0.759351237669452,0.846736456852799,0.0828277481484518
"56",11,0.25948368321535,-0.531588784473353,1.01229797995383,0.958577410769314,0.112743728183344,-0.935547527134816,-0.350244462217291,1.77583759395435,0.85733624615793,0.0696289192028713
"56",12,0.295476108638069,-0.985358837769885,0.168435949978495,-0.150687169999699,0.3230574076142,0.0987985482228754,0.296977393787615,-0.923015000652828,-0.516716364652825,0.0355352495671708
"56",13,0.116626894233894,0.602133571731017,1.46260273754788,-0.338205933822797,-0.52584928517114,-1.65048987982761,-0.472781369187605,0.584839755016093,-0.503578583479341,0.0211821823180159
"56",14,1.06586283914896,0.6208369655373,0.906487365933635,-0.818727018300628,-1.2601900566412,-1.078656012608,1.9223371342047,2.07115689235657,2.39362906885935,-0.11906065395552
"56",15,-1.15589492200615,-0.332780451649342,-0.58808703779439,-1.01342690598217,0.123081839431728,-0.593030286706218,1.04954639896292,-0.662315982596017,0.15655065516871,-0.0677661315770017
"56",16,0.641173111809083,0.411948160317664,0.605783510659578,0.760290284087198,0.361845161334513,1.38003874206499,-0.556899650090511,-0.0785561201555388,-1.32782609028528,0.11912645911724
"56",17,-0.561785865349845,-1.18498441696314,-1.02789439986203,0.836812053336268,0.202640142351956,-0.182441528200173,0.331200069340584,1.53951323240705,1.0249259984588,0.0198477238321873
"56",18,0.0636747760995335,-0.312578669175664,-0.319625283319848,-1.91187110639215,0.392808303085459,2.11810366984896,0.380415937483593,0.14140245593056,-0.065802168154105,-0.0622634606313266
"56",19,-0.716508375720372,-1.48495317912529,-1.3775831002367,1.59021677544291,1.20705626090518,0.629474864463975,-0.169112270349664,0.915186721837,0.630107746231966,0.0351322418514577
"56",20,0.0760402869664914,-0.0200825314807145,0.0166812998780165,-0.335201365311815,-1.89736452846899,0.130344584365604,1.92563165909355,1.03788549004588,0.206481012182457,-0.00526251434427915
"57",1,-1.08449928153498,-1.23406670852799,-0.32553961017459,-0.0310697624580821,0.123671399067947,0.117524483425813,1.04306448799441,-0.497945582437649,0.941526885470168,0.204630427716692
"57",2,0.01993960653168,0.738758785534227,0.369172744376777,-0.441103948671615,-0.456074888665833,0.209654982793562,-1.55597562096252,-0.0377124841578777,1.92656393219408,-0.0133538511060214
"57",3,-0.0616810391635953,1.08642686531813,0.366482389352006,0.393606367928671,0.0877444717781098,0.461518363502459,0.806969953972562,0.705167901545943,0.695656947058059,-0.130409664411505
"57",4,0.344669582866799,2.02198696720803,-1.18255834509664,0.127952391256228,0.481705848160846,0.589997769992581,0.20582277645752,-0.565279714064396,-0.275205802787356,-0.0353994764485534
"57",5,1.72758967943727,0.725346638923841,-1.84859948502209,-0.213005259479228,0.107181073722993,0.163593558022917,-0.676690745701559,0.077409983167606,0.287145755287614,-0.0432656936277887
"57",6,-1.20915631173442,-1.59216959649677,-2.08036905596476,-0.820624365548595,0.15919941033471,0.409315563890954,1.28849107475875,-0.0874678202582745,1.48228050060359,-0.00549370694697552
"57",7,-1.19403306266083,-0.695591329843597,0.193949176978056,-0.031023448921052,0.358501253028904,-0.0374744818448109,1.46099888832878,-0.464185648217051,0.649590911149918,0.0855047179153662
"57",8,2.09123435524601,1.61771718842736,3.14028984690008,3.40356379452599,1.19727031110986,2.32352991578208,-0.251265956041795,0.136478567292686,0.278186635526954,0.0163229003609729
"57",9,1.00684832764587,2.45642469353844,2.81874429307616,0.318327486024346,-0.659526561301772,0.343265119610143,0.50434749098614,0.705164911919131,-1.63713773225235,0.0501997995920745
"57",10,0.213393172890678,1.51940668562819,0.897245841761835,0.906527561665893,-1.47643446287731,2.11681241366047,1.20397473480275,0.574745287451465,-0.275837517534423,-0.0569699472510811
"57",11,-0.838748203161906,-1.07119047314,-1.00239526711123,-0.622787114865704,-1.933333404635,-0.240439966833168,-0.783249477213489,-0.325978997559337,0.0074910255346502,-0.0970261003023601
"57",12,-1.07876288711613,0.0882153075227511,-0.414335784080324,0.616136177136287,0.49271726105282,0.661387922638176,-0.648468996326564,-2.356960701089,-1.2163269400503,0.0733981144646853
"57",13,0.164144760630716,0.313331168543326,0.573876400765035,-0.357014564323807,-0.603396373339671,0.602519953072507,-1.16931881449782,-0.813759418290722,-0.441384538678554,-0.143069721400838
"57",14,1.51448499596419,2.84055799808261,1.37563290449332,-0.502892696747123,0.228190477352805,-0.980804407009063,0.950781740716647,0.326225949445838,-0.420386431026185,-0.177429550601471
"57",15,-0.345847092137136,-0.51109003661547,-0.210090353977085,1.29431954384556,-1.12354040838442,-0.4461692574634,-0.769966557830267,0.700524699270691,-0.174624431477268,-0.0748718460232624
"57",16,0.0641068624044961,-0.270953987519981,0.092322271439504,-2.855579308677,-0.411810177208311,-0.213970383507778,-2.15701680532194,-0.507218384636359,0.371295141747598,-0.00604969493577159
"57",17,-0.46923654593762,-0.682233746061099,-0.427548114001599,-0.624365887869894,-0.545861960678961,0.753139604059686,-0.574598675350455,0.491936861874152,0.0777667124172341,-0.0284916635286868
"57",18,1.7027635559464,1.29683539137236,1.51166650206996,-0.236615967843793,-1.60235850780353,-1.83973910263256,-0.305352519820303,0.367022857926116,0.504170760798217,0.188116969850759
"57",19,0.0059141865736814,0.0672512346428172,0.183176716079994,0.732685880274991,-0.0570415856794285,-1.58701946403345,-0.090276225940696,-0.000587621554135082,1.1205433694699,-0.0249426600213967
"57",20,0.0428094212328484,-0.105949505210573,0.106577170941141,-0.381125621535247,1.48062572915465,-2.66904954699739,-0.932593942425666,1.05650422837906,-2.50599119276132,0.106371343423038
"58",1,-1.51033550421161,-0.0189417653020295,-0.844539653672898,0.845263444629929,0.914453227194149,0.41470947430018,0.0490783562911149,-0.194876589250401,-1.55106845299044,0.042996406247312
"58",2,1.2656267906425,0.635811830141822,0.199355432139244,-1.24192028695481,-1.29153407003967,-1.8484871246668,-0.19373873347864,1.55716039841098,1.30194446869853,-0.0234115202761034
"58",3,0.473645346183382,1.85923763155044,0.518824965507342,1.73732136008163,1.09415898361839,0.906754261915892,0.204040540468433,2.50034494453531,-0.380765614376458,0.142011377748596
"58",4,2.88044940518519,0.625482064260476,-0.536036237997911,-0.597843014268018,-0.680914183369704,-0.0929188496060653,-0.405259620965137,-2.13117137949363,-0.439758953183615,0.0489548020690003
"58",5,-0.626393655626983,1.17339914026581,-0.232350654342561,1.78999553183946,1.0745203095341,1.25927138215445,-0.401829367269694,1.45349458032886,-1.13609239861077,0.0293133044088627
"58",6,-0.423780772288394,0.985989091819643,0.0834310267891732,-0.544509146839925,-0.15116158183668,-0.112700059076453,0.169910798777379,0.349744394675572,2.27547824872305,-0.0266250582435721
"58",7,-0.650503336089992,0.504931328163828,2.02732411013214,1.052717584859,0.969784128634237,2.53912394453879,-0.128336433553911,-1.64909334521588,1.50276940093494,0.0851577253442192
"58",8,0.279885795613613,1.09285363214521,0.515860033449394,-0.899345695061956,-0.647274771407774,-0.843913453360262,-0.085567189054866,-0.0486108489588322,-0.92883481971107,-0.0452940226434464
"58",9,0.312025317590857,1.4126993189026,1.22987511418776,0.84813613673586,-0.769882500184621,-1.15549102409674,-0.801069235063097,-0.989428665843251,-0.439931988504966,-0.0275287258594493
"58",10,-1.98451769406194,-1.08908907562786,-1.02840212763698,-0.0740686249115922,-0.272991653032667,0.269640321980955,-0.446124404952848,1.65646011874746,-1.43652924274048,0.0240283342701841
"58",11,-0.573567327446639,-2.32731664633579,-0.135801952642258,-0.704984571306741,-2.06651263478763,-0.357773876036898,-0.808231514673987,-1.83553291368559,-2.24007542631905,0.076287034997977
"58",12,-0.591975270364803,0.9588300020488,-0.427904867414323,-0.491693027216642,-0.304981052260916,-0.878020715148343,0.938215182933794,1.80810305003853,0.869077957480425,0.0446357810293973
"58",13,0.561276877295966,1.11998517991814,0.823575834228471,0.277220250173374,0.32105395093217,1.47133122457858,0.137280773707931,1.09288244014062,0.782468479996029,0.14339956758022
"58",14,-0.0419184918969589,1.49363586218833,0.315528027013715,0.602732071930486,-1.05994526720162,-0.745606643614836,1.12926556365517,0.201732062921146,0.690002482962494,0.0988196621050177
"58",15,0.547641363977,0.108399268985445,-0.0587490048754051,1.69089353237703,0.823202390478034,1.1188746688933,-1.3366740920645,-2.28082597643735,-0.561806318549832,-0.0603237408136978
"58",16,0.0217753108937274,-0.048093660119597,-0.576175311962496,0.571296836197938,-0.218195417639446,1.50291906378141,-0.671824995512829,-0.426411828835613,0.864302814294201,-0.0760548979983275
"58",17,-0.796451603179993,0.0249771955445506,-0.567027471751364,1.14923219785083,-0.261475019212426,-1.00057641803959,-0.743769149513536,-0.617503300509524,-1.55766075658322,-0.0208952872892446
"58",18,1.98469309249631,2.02170433999213,2.51380777647329,-2.17853410379128,1.9930079896555,1.01844836027108,0.852097001546202,0.486447014064216,-1.84498799193056,-0.0534243398141643
"58",19,0.0297639939778003,-0.351505773885049,-0.576389119214275,-0.972628606330131,-0.434629902178522,-0.431882367349493,-0.543325706584248,0.585529210238447,0.558770826051182,0.141697276987148
"58",20,-1.72304957920569,-1.72026806383522,-1.62411189256858,0.418215387380941,-0.833888353689477,0.69398183871807,-0.184150631454348,-0.560810350092448,-0.389481274544392,0.0111005754051339
"59",1,-1.99857090141689,-0.494374718885536,-0.504838866823312,-0.429311199522211,-0.600140275273715,-0.407744088541867,0.243052559469194,-0.399324601142356,0.259187481143628,-0.0238751675000958
"59",2,0.287142107510508,-0.250410209808766,-0.37947167172232,2.01586282261051,1.73769525719601,1.84186254318956,-0.891721769223622,-0.189982144319236,-0.288403076834141,0.0678491449092082
"59",3,-1.48201876531268,-0.679317841878858,-0.149240545244361,1.44831066125993,0.740900203514395,1.34453407314072,-0.314694297306121,0.0764912662815585,1.34804727862288,0.078410124174671
"59",4,1.12382473903375,1.16868233153799,0.0479204361303443,-1.12644614432087,0.283022630503942,-0.396843951349356,1.7539604572907,-0.676632772681929,0.511975486569977,-0.0320061336583723
"59",5,-0.300352031435826,-0.708620001477467,-1.61975148525315,-0.140670024527051,0.0913603722454069,0.344642897127725,-1.25495379737349,1.67353742577803,2.16003942942802,0.00596415372515226
"59",6,0.950379489366163,-1.43994197959547,-2.31515469937854,-0.633561461778414,0.0528872204588915,-0.716511304370858,0.160635498545986,1.74784839249609,-0.901923512789869,0.0324017048885279
"59",7,0.0780047009976695,0.298881659297693,0.339238963860875,-0.0618490014089743,0.160434037121453,-1.8638437470559,0.833025323413556,0.748628552666544,0.682554455081926,-0.0338630003596767
"59",8,-0.0836429283337053,1.56096238399385,0.455299330036758,-1.66129935644278,-1.04306496184856,-0.507615527683314,-0.847201740341227,0.72918459936064,-1.95712370033607,-0.200822446756958
"59",9,-1.39067638133525,-1.71298878824695,-0.799861714852935,0.551459733179166,-0.85485752073407,0.833264435282246,-3.20868532941006,-1.67686420709473,-1.41650763636582,0.0593451465571979
"59",10,-1.47629062972802,-2.48572814754192,-1.32049266851136,-0.219851713005111,0.423688259315596,-0.70846325691266,-1.1164887820902,2.11882676040182,0.340962363050185,-0.084735981137742
"59",11,0.982118384195891,-0.373164415061233,1.16912495302075,-0.596020391924217,-0.451402790510782,0.37161627671435,1.10460482900231,1.06620709793422,1.02127627000815,0.0200267188945647
"59",12,1.73509516426563,0.285789203974606,1.63429834459116,-1.56119688505694,0.599335778228496,-0.0998856629815393,1.83845582956427,0.999791587118429,1.34815825906128,0.0307058812296963
"59",13,0.0202407219181012,0.710364546877057,0.276544298381127,-0.644203699459392,-1.16579840704575,-0.481510116849202,1.04749350869403,0.718605159513721,1.16708925450286,-0.0939349464562267
"59",14,-1.25604985132831,0.543140558393403,-0.568513214811035,-0.189093351873318,1.06864393225193,1.61403498541766,-0.219691883555653,-1.63064369789384,-1.69319984127034,0.222984816185924
"59",15,1.50561954160706,0.528665855040164,0.220493207155097,0.657826232050381,0.833956599216835,0.734726405150435,-0.80918666435755,-0.342664097449202,-0.657871323434709,-0.117289376040424
"59",16,-0.32465223923653,-0.317549848196199,-2.05306124251658,-0.220124257957699,-0.875775178577351,0.117763373510162,1.34407269169258,-0.146949557227208,1.05970133490265,-0.0571924005151359
"59",17,1.4420248478142,1.77324674485377,1.78709284091413,1.00298401770763,1.80511999700535,0.556979829289892,0.77228934892182,0.562948009057032,0.343750882764805,-0.0696493596696528
"59",18,1.20425383871813,2.07765530457675,1.47795644669886,-0.329427321663444,1.53731608170413,-0.10618625663836,0.120461578369151,1.00758268141577,0.794563280106168,0.0175032067790851
"59",19,0.522915409688685,0.804785649728714,0.80075601944132,-0.370217018069516,-1.51499251654465,-1.43017942723411,0.208680344920779,0.0785278652289711,-0.0813219633148524,0.1173247774712
"59",20,-0.64875702125675,-0.605538899059012,-0.5793648768039,3.25178847195991,0.262919577127658,0.622271084404437,1.85148025835524,1.77549610872107,1.42054582922392,-0.0886024420778365
"60",1,-0.214575705662791,-0.279100399647839,0.586741086541256,-0.748517142374442,-0.592440490279118,-0.769051762730231,-0.528854866819605,0.588879908967014,-0.45962107614663,0.063904850285792
"60",2,0.468211866577452,-1.52392165950112,0.382132193769379,1.97769727401494,2.03390959363761,2.4490984522625,0.224167800188212,1.18823139983455,-1.34917241743899,0.0170447830309704
"60",3,-0.103229457381009,1.34112309622657,0.541199429471176,1.00085348921262,1.08318268709043,1.09724107617542,-0.995320443200469,0.620991270491916,-0.604615282777062,-0.0976581673221777
"60",4,0.278160102950963,0.301615999839017,-0.76177513273443,-1.02243821388766,-0.508153277336633,-0.666721492423171,0.733119975300026,1.60217289400275,-0.94728797646137,0.0321605298011449
"60",5,-0.700722822162141,1.00478018754132,0.895289197724376,-0.189639544228495,-0.186626669643517,0.160856574523426,-1.02099447153771,-1.62061595182825,0.162070096504421,-0.183599095185477
"60",6,1.58505680064176,0.366422844733932,0.391157765491738,-1.12740885053778,-1.66450074300377,-1.02045227727836,-1.07993875019755,0.177624925599397,-0.193223317718692,0.134666787225924
"60",7,-0.7431919249543,-1.06897706273632,0.183782544432349,1.60757533296347,0.784183734215825,-0.101629873569095,1.29224500476898,-0.754298565011645,0.479602353285217,-0.0563291662529874
"60",8,0.165593519827871,0.750750460544229,-0.323890746401468,0.368127821296609,-0.499532937149103,0.0152611769359974,-1.41095048869955,-0.0159385612179783,2.36059453882373,0.0158687575823293
"60",9,0.121388748835943,0.300003746711914,0.827980598152624,-0.345216950220373,-0.351765747976716,0.491177966981943,0.444557362380113,0.467928423963128,1.01637298746457,0.0619973933330114
"60",10,0.375196350802946,0.158439524383087,0.802333218195324,2.52136308062038,1.80752656578336,1.80993710598653,0.361128594873515,0.856308977405065,-0.779173213961396,0.110580488945451
"60",11,-1.07383147319344,-0.409337349838366,-0.399606807783472,-0.306373090200734,0.396311335710771,1.14731260359609,2.80708822493751,0.342242809451758,1.6040504052922,-0.0816375427334894
"60",12,0.476080572835149,0.334640600992562,0.334645491007257,-0.272749541107148,-0.0393397066717857,-0.302668941165355,-0.051132423464798,-0.439780955332287,0.879632736682347,-0.16951674953409
"60",13,0.096722950383765,0.537451874474661,0.823557718673222,-0.102477804328974,-0.205887408816512,0.255567196329101,0.375617682929684,-0.309515471793766,-0.078129869363428,0.0137768467661477
"60",14,-0.78233798085234,-1.63603514366068,-0.586298099101279,-0.88751857389377,-0.938359724420448,-0.484121895241959,1.12521176942644,0.278369580298001,0.516993749173021,-0.260517235445249
"60",15,0.343723401516624,0.422842867474464,0.0860842427625384,-0.162682076754652,1.81781285654064,-0.921864472065414,1.38671298687338,0.872500665460067,-1.01356850705685,0.0457745774256507
"60",16,-0.306951085915258,0.349116873012258,-0.614207828896334,-1.13693184836028,-0.457461374745834,-0.000635255434699375,0.612662280664569,1.12721736169693,0.3731237101016,-0.0819008536005466
"60",17,0.0543629450185583,0.094653340834782,-0.0430450787342753,-0.377624715623334,-1.04750695126087,0.417559975776948,-1.73793882828188,-2.68734962447347,-1.58457039501312,-0.13226608131487
"60",18,-0.327465664289472,-1.08107090814805,-0.620566929854863,-1.37128771803134,-0.365468355916593,0.342965563513119,-0.994727029692306,-1.18470519351331,-0.146899378677736,-0.0500502748536677
"60",19,-1.05497132392454,-1.03134314643026,-1.27162831176154,1.4028232968937,-0.529405153686864,-1.25920105077716,-0.599035786366007,0.561860050315542,0.173502124159989,0.044358663309248
"60",20,0.368848432735633,0.112312571062235,0.157813804340857,0.804991371326022,-0.637299278424443,1.62676334191776,0.937944357385108,-0.564861155144521,0.0353194788278559,-0.0438234623535766
"61",1,0.831450422845488,1.03094942011731,0.892599346739401,0.503672053705584,0.308480409626415,-0.0103862563586393,-1.05088150998497,-1.05686776061831,1.04240346347297,-0.0353317088538315
"61",2,-1.47643505252738,-1.62774734683277,-0.340236947360512,-0.585633865320636,-0.186977814142089,-0.423819837251723,-0.0091867671561113,1.25496400143647,2.41206018944831,-0.0438026213532231
"61",3,2.52048578648845,-0.349059073571699,1.39067043131929,1.28825862495451,0.896721644934396,1.27320679260457,0.966425278835744,-0.671126286060196,-0.00731063415192163,0.0919047312841988
"61",4,-0.0670159320273209,-0.17153155532959,0.251112493004812,-0.277060869926247,-0.457535492232905,-0.45289423455462,-0.390671739228647,1.70211583520848,-0.442507831342658,-0.0573011650965384
"61",5,0.403542908419256,-1.22352526430502,-0.324079361627414,-0.594070926062546,-0.519069780170893,0.12691054620082,-1.98060917663633,1.68436436701335,0.10783590744757,-0.0379943851736705
"61",6,-0.017840390363581,1.67162423660797,1.18455531894584,-0.82607298768058,-1.66293586977961,-1.58098167076699,1.13059873107866,-1.09503719522247,0.756444908749499,-0.242416131040868
"61",7,1.11710579015829,0.439991815527711,0.885532620058367,0.260455289415445,-0.0887493040938838,-0.115306890558302,-0.568423142088556,1.27079886933707,-0.875125322569087,-0.0318612774117013
"61",8,1.4607441436363,1.19391950643028,0.904238396513075,0.718304314070541,1.24640833972459,1.16585410080386,2.27561993490309,-0.34948666346223,-0.344443974416715,-0.109976892108885
"61",9,-0.24571679256742,0.45940491757652,1.29190108507771,0.823407055386945,0.705662828606403,0.230939098043302,0.528863580593162,0.540734310614011,-0.379257606170179,-0.0549572842494469
"61",10,-1.11824748378704,-1.03408155019772,-2.2232464827258,-0.0757730705211768,-1.43908110591515,-0.942778464255912,0.0597745133955352,-1.12201489099571,-0.737393683275981,-0.00969880963817783
"61",11,1.68464500640159,1.37953888713457,1.78253103088157,1.57356045370294,-0.00500550502430019,-0.607227412522715,-0.813013136061628,0.0508179527310089,-0.495128807115867,0.121311469507964
"61",12,-1.1508977700202,0.225024767786819,-0.417806447895077,0.626582669093516,0.465887106523588,-1.50869203736067,0.74238213068265,1.37994437993108,1.35826925228665,-0.0881096427786386
"61",13,0.124837809457742,-0.783687180973986,-1.59066952579173,0.153359799366016,-0.0157117650602804,1.26359259824666,0.713016918318507,0.227351522377404,0.0730397752605066,-0.0467743910968238
"61",14,-0.528718084132679,0.268176221432945,0.607306483739144,-1.16752493605069,-0.942309529169061,-1.0042982734211,0.576436812676665,1.12342529150094,-0.146722451337614,-0.00784141219671276
"61",15,0.820307607799386,0.884259231391075,1.09087247385275,-1.08507193074426,-0.145730914388456,-0.113461504978761,0.207649810688756,-0.626828696789864,-0.798325571910205,0.031470002269674
"61",16,-0.93048689774182,-0.407282669483322,-0.870269923727893,-0.665700399427364,0.0305715565402499,-1.75808188672422,-1.08176126469877,0.0820886271946355,-0.102337456616156,-0.000414161691835144
"61",17,0.661262231138407,1.17341585166193,1.39014964457913,0.654687658670133,-0.993415936612348,0.263789022138801,0.816456297158116,1.01787379226181,0.132746357296545,0.0303479973474985
"61",18,0.627552775590047,0.536482526452407,0.643713147218484,-0.390739173411951,-0.851625082561548,-2.02490916482821,-1.11473184062003,-1.96129645881989,-1.39906161995076,-0.00598191126766875
"61",19,0.432742896182794,0.652088327330493,0.26390302497886,-2.28822233561836,-0.755656867715734,-1.39067722873355,0.406829139254527,-1.18571594477501,0.772833642659273,0.0727986252183122
"61",20,0.199276992600384,0.249930770341633,0.228965276667637,-0.499727506232383,0.615236995491568,0.623137459214684,0.485677294120769,2.02607392434208,0.492554288358876,0.101966305111878
"62",1,1.83335018976784,-0.817124923446521,0.0119310348860082,0.110480015979112,-0.117143049140214,-0.950586643475894,1.45060204374263,-2.10981688039173,-0.573726939628051,0.0470612451360636
"62",2,-1.93835216581834,-0.644321579435151,-0.237106640333264,0.316798870377272,0.498939878938845,0.419766447339314,-1.7299307997176,-2.19657889391688,-0.393910307279406,0.0913321939244586
"62",3,0.767976226923795,0.645679017764994,0.29166722682476,-0.446058283159908,-0.94081962864534,-1.607444419517,-0.0769700416710018,1.65967493421759,0.303967824904635,0.0354114655709129
"62",4,-0.261036171552428,0.96201661291765,0.271260603612286,0.846500595664839,1.4566659758328,1.27558965178231,1.03380123597136,1.48837512832991,1.08564536209743,0.0476214889041357
"62",5,0.148721417063627,0.256526604993404,0.257217252926976,-0.247305852277736,0.238574449850975,0.48783951621678,0.0122388851277882,-0.390330905825587,0.182944886756499,0.00540675624581893
"62",6,0.479186591422114,-1.61487572888107,-0.945655158557263,1.49712749544523,0.114846299136091,-0.00321087061091174,0.448395698309689,-0.311719490006187,0.886557475486322,0.0560186340166593
"62",7,-0.273371222499355,-0.884488453278673,-1.62647034019128,1.66571642232549,1.37295052023132,1.22327569777173,0.610307138769232,2.25786530864256,-0.300702031807796,-0.160784859407304
"62",8,-1.09597267323029,0.224341942496158,-0.91634857138186,1.14381374797695,1.13787763035076,0.886877064646492,-1.30668725228615,-0.587089744178281,1.23374682859666,-0.0553341019067949
"62",9,-0.769213429399805,0.722570958853828,0.957466522722126,-0.459070611877208,-2.695027669935,-0.0675035055129336,-0.28279183597454,-1.08517892044426,-1.3740339847279,0.0355831340493638
"62",10,0.695907089772759,0.407108725538471,-0.267423351551778,1.0842298487681,0.537073703526976,0.940967873691329,-1.10412027330527,0.548817471292325,-0.251315660211736,0.0585019555841931
"62",11,0.289215227341957,0.403214247893063,0.490553939352595,1.52339108655464,-1.32570207802108,0.210884302333302,-0.43992097934138,-0.126030609361775,0.560212555447851,-0.0918406273215109
"62",12,1.4608877844282,0.179601869399291,0.800595126599479,0.700174858747869,0.213149425639956,0.25196587952603,1.00245374295796,-0.32151187087487,0.718638408873551,0.113241193900246
"62",13,-0.81672832726079,-0.485689906982574,-0.99860275334643,-1.19200413478607,-0.621569558547313,0.495185341844551,1.10230022315951,-0.396024987279635,0.213862356816507,-0.0516049533854866
"62",14,-1.4497712797156,-1.8045573186718,-0.723891633647513,-2.19633117560207,-1.93993629361076,-1.71907778279078,0.180161900213877,0.392470972925447,0.879602722607193,0.119464581051502
"62",15,-0.595050426149591,-1.03730710375106,-0.994981948746107,-1.78912468575415,0.156745386157774,0.519381765710568,-0.360810272106527,-1.06126849274817,-1.63446597487368,-0.0642112864710056
"62",16,-0.547296537109032,-0.92120697689864,-0.810069781077731,1.44994436263325,1.27697515232544,-0.321762547148954,-1.43656305531927,0.147540910688687,0.254704814514749,0.0357761535606108
"62",17,0.717561550056179,0.990407079459004,1.19026940796635,0.0603835444514164,2.28419112831723,1.5753354936412,1.71498828294404,0.611194837831318,0.46324011454074,0.0154630365396204
"62",18,2.01179011964461,1.33999516703819,1.67353280006396,-0.383857227066943,1.43317898463448,1.61708517681474,1.32578632702011,1.19303654133783,1.12859327370373,-0.0394559373510328
"62",19,0.373905879946407,-0.2116180132019,0.196259732022416,0.170357924583093,-0.728268375708095,0.553359611567303,-1.75117763666109,-1.51722805626797,-1.57948008566499,0.100763367714476
"62",20,1.473289034153,1.53279203792689,1.63451298366096,1.34257434772541,-0.0310453634068795,0.413109936663994,1.51770817939574,1.00508757741159,0.230198258021218,0.000246631208478988
"63",1,0.221980593601043,-1.18669408959327,-0.78734862362975,1.47461858033843,1.51482524358055,1.79907449209463,0.0449626284635043,2.17411055217139,1.22163945698121,-0.095643780676965
"63",2,-1.56974500080256,-1.4084416103323,0.844007256226569,-0.315174475925817,0.193324219965263,0.00870890665107953,-1.00968097283341,0.49825089111589,-0.815119061786253,0.0914971303792747
"63",3,1.37249145739882,-1.71160666373313,0.386339160937666,0.42212320119722,1.33282445885693,0.33637082474695,0.136428285545893,1.06897782727818,0.396398486387913,-0.261454657075049
"63",4,-0.239120287378696,-1.05719440186508,1.1050031321966,-0.609777744497009,-0.670986634772582,0.489617526286906,-0.794492753804216,0.997547434840451,0.144062365238333,0.102856320538523
"63",5,0.858278900098916,0.687262134577022,-1.46512293445864,1.69223087276212,0.910755917769568,1.41345857159683,1.104889899592,0.0477307208851548,1.21316881410744,0.0357096546579022
"63",6,1.07259502014124,-0.261603834994621,0.145113745478704,-0.866738027643282,-0.23546400061026,-1.11821490754211,0.318516804506927,0.299632287365009,-0.637352668403184,0.0720131184629814
"63",7,1.12416913277744,-0.329612937038644,-1.0010944471922,-0.349707778473872,0.0920416588501123,-1.35971713499995,0.516757150093841,0.0763302274080891,1.22817643944589,0.023755095179296
"63",8,0.776132887044931,0.970728898542919,2.53318348959825,0.318938087983722,-1.49895822062398,-1.34564523822006,1.4773448524471,-2.95455261546398,1.13181850239236,-0.0452959310773844
"63",9,0.338740030051276,-1.99228340210911,-0.806241042608663,0.150943141685706,0.417531797069558,0.382869847935421,-0.255726749596853,-1.38768467122188,-0.54048708318906,0.0390871561655349
"63",10,0.889679952979494,-1.38922049507738,-0.0747518431865073,0.4856262150912,0.327980798371493,-0.852899403394207,0.177002387938323,2.18132630573449,0.575181189974151,-0.146675194049472
"63",11,0.0607678557549849,-1.14664416567813,-0.93740476946623,2.01382366604921,1.08031667342218,1.63103515797247,0.65728483341837,0.00125307177442357,0.833615692561058,0.0583122718487171
"63",12,-0.496441272135763,-0.664032222582008,-0.64206115804394,-1.44408244799147,1.90542093603985,-2.12733865005765,2.35482860752366,1.49132617620216,1.52237081650985,-0.230041341162654
"63",13,0.431710366408089,1.68419106418124,0.694147700079044,0.0252449633326431,-0.521182233323172,0.802173220093014,1.39584732995709,0.475816051475168,-0.948089899897235,0.0257802871719263
"63",14,0.862755307177475,0.75261568569725,0.80458786421172,1.2683336510988,0.518392893326193,0.87422793192144,1.5871088447085,1.07357709787678,0.472021623082087,-0.0632450466082494
"63",15,-0.82623939167647,-0.865891521155878,-0.196448125220013,-0.987007992916591,-1.07262331367529,-0.881037631898116,-1.89924825031133,-1.03160477351415,-0.0146617072367149,-0.123684426949652
"63",16,-2.17921869595293,-1.86306283702525,-2.25481253242711,-1.3133364550991,-0.0265180258155167,-0.796948008691503,-0.626432810245706,-1.35517459142241,-0.195909653528474,-0.0449428104340845
"63",17,0.344546536960872,0.572253083844757,0.871279078818374,-0.0801034139842846,-0.574396161108801,-0.760511806952551,-0.665942597516778,-1.50724895427229,-1.72955310144962,-0.0075496427995721
"63",18,-0.421774121062994,-0.691290267030933,-0.818503220033215,1.087149667866,-0.223578133903486,-1.05639557134797,-1.24477325829739,0.668627173066576,-0.489203300727889,0.0486889366094621
"63",19,-0.782434549119159,-1.07399927453075,-0.600032479802411,-0.629182102809278,-0.772020737774221,-0.878857287929817,0.468612779962888,-0.850607366079145,0.263931838579927,0.0497518458897039
"63",20,-0.167392467908419,-0.242539096048622,-0.238313633512043,-0.230742777572621,0.427304776413341,0.776634386962235,-0.566330389173348,1.57858989615968,0.417121216807885,0.0980578600788686
"64",1,-0.316209514802671,-0.157368340240021,1.89817281746857,2.29534506115531,1.95599415932028,2.17382349178716,0.541558425139538,-0.76617190258091,-2.4180688838652,0.0497832495011784
"64",2,-0.789195676159366,0.36722440748547,0.603969195891435,-1.50906522376589,-1.24572848065908,-1.29868562780467,1.01729378669699,0.128718688877775,1.83800046756281,0.0915414884567217
"64",3,0.809802347572563,0.55378868836993,0.0789442502706447,-0.639887408265745,-1.23686083013592,-0.394322276402516,-0.222443728571095,0.48869574326509,-0.435870118466113,-0.120764869301412
"64",4,-0.409224489329506,0.190578524154325,-0.208118194947194,-0.271078789632221,0.252172318390467,-0.0191874994963393,1.89690980566685,1.07811989917266,-0.0164243698078758,-0.170214867992554
"64",5,2.65436447466576,-1.7059353909148,0.421316398366121,1.25565742340106,0.765197286067624,0.516066911949968,0.209963375186779,0.054137284110442,-0.319825277559478,0.0856824208388942
"64",6,-0.112850843619992,-0.260475182337303,-0.00320271735004737,-0.558370777258919,-0.107868001807624,-1.51174393643982,0.807412227128721,1.60650510951535,-3.22907032795599,-0.108054819268864
"64",7,1.08434129772678,-0.609826907925036,-0.716883241190452,-0.244892638597616,0.134312120805177,-1.9019017784016,-0.404815024126189,-0.406423688174539,3.02016067291975,0.103812920437485
"64",8,-0.0433494167270412,0.0324916917727228,0.520384092152131,-0.288606615408792,0.265751396866664,-0.397530673509191,1.25368106226357,2.14626069587793,0.74477135787081,-0.0820437789588192
"64",9,0.9971550394469,2.08727181540031,0.554662709567331,-1.90626235867076,0.506654420117334,-0.598658380532549,-0.367162828293469,0.855499572872965,-0.144504262041915,-0.116374251725381
"64",10,0.884024898825855,0.0761543261682426,0.855306542893988,-0.53876440864523,-0.210542820524611,-0.946220683854485,-1.35425201589907,-0.248290506056807,0.617230254352506,0.153731060848319
"64",11,0.224986311475673,-0.207538530406825,1.89076972543361,-0.23602167992384,1.55864325580274,1.10006337169984,1.50134240998591,1.25772605352242,1.27388008864501,-0.134024640810988
"64",12,1.14036875945554,3.44196193736204,1.3289291912315,-0.693012145752464,-0.358906370778268,-0.0867764908272336,-0.873455801971168,-0.740229624801617,-0.173041493113157,0.0318264630847146
"64",13,-0.856362705620261,-0.512194518848999,0.401538569499664,-0.976760175853291,0.0166155235636183,0.0416862569061007,0.147240646880558,-0.602754676428255,-0.0902176127828979,0.0481478792569112
"64",14,-3.02556077477622,-4.10778816885368,-3.20847643213337,0.405428579331083,0.652671789624909,-1.12486337222617,-1.15038237124591,-2.12786251925613,-0.920839492769832,-0.0370162264915289
"64",15,-1.27292122961885,0.179807706142306,-0.503085373990051,0.163989106359859,-0.252708077594133,-0.540318711079921,-2.27857917325154,-0.328451334241132,-0.583149908992861,0.0252418555612665
"64",16,-0.831557380168374,-1.35400664693902,-0.427362291150445,1.27930027690482,0.963962693824114,0.228435551636959,-2.37678922492666,-0.203807052759497,-0.257513461494337,-0.0251266659073754
"64",17,-1.07297726947965,-1.16499844838176,-1.53475662963638,-0.88437776463315,0.98208932647948,1.81958126667186,0.787431287604841,1.45478378934742,0.173121057853124,0.145212292964019
"64",18,0.0553283530080028,0.738468136058202,0.337771392775712,0.714087873451968,-0.131046040296403,2.05435103273853,-2.07314032771088,-1.5550243739897,-1.14709373034844,0.15385614897604
"64",19,1.21173105078227,0.922002504488643,0.492426743502017,-0.929774764411441,0.500642503524978,-1.77560978551903,-0.224104300476212,-0.640684195803576,-0.00704575690247432,0.0740801878902976
"64",20,-1.27302889574152,-1.11619346973822,-1.14221028541449,0.68546162857876,-0.400246577710082,-0.279690403106937,0.876599444562287,-0.972722806152061,-1.00149888118979,-0.0102539040924883
"65",1,0.309067155673947,-1.30592852435633,0.082240825381221,0.948860267819785,0.830497150709478,0.837150825941502,-0.962669475711847,-1.39143147048951,0.508719479885787,0.00447131800159335
"65",2,-0.339435606421964,-1.07209238839386,0.0502750820733317,0.0879657402976426,-0.68115254730586,-0.961121983184327,-1.15047499220596,-0.683974106360067,-0.287634621707889,-0.119317217896143
"65",3,0.247860507816132,0.838291773787306,0.391811798635781,1.86814694407592,1.92096309901922,1.18332141980928,0.375152341939854,1.04175609643311,0.011943498081256,-0.106504531480101
"65",4,-0.675056240678601,-0.760385208161017,1.88214852151278,-1.84796101445665,-1.15090434376341,-1.0876230935653,-0.26773693081422,-0.115434165075834,-0.746353632038336,-0.0402195265312199
"65",5,-1.77702428718999,-0.0424670741414726,0.962886969475315,-0.494910748329004,-0.668268546319814,-0.281539323466861,2.33016005583754,0.392298224202702,-0.0445554163225939,0.0981515698227882
"65",6,-0.365805550116433,-0.470236429755707,-0.645812095476866,0.125436800344693,-0.0181592570054762,-0.51157850851553,1.50207017855094,-0.324236992378301,1.3012442967777,-0.0787002949693207
"65",7,-0.349074254518237,1.17543716590829,-0.835824196559577,0.135350351366127,1.48008525527318,-0.296013976497156,1.35902385231953,-0.163113605390953,1.16147926646105,0.115167373089789
"65",8,-1.12786780087993,-1.81114415900747,-1.05715335568478,0.0431864674978734,0.721089577399319,0.0664585928832989,0.983367976453748,-1.20356769557121,0.881256012703962,-0.008330059868362
"65",9,-0.0338455204018718,-0.978628626220328,0.593039492768699,0.509576688421407,1.38740793745161,0.813094086961218,-1.07709187808249,2.07712826325561,-0.1083817689017,0.0149184295520932
"65",10,0.223997295762537,0.333112909201804,1.62047978835766,0.140564868111708,0.724585272727557,-0.290097207096206,0.402050227682382,-1.22794526741217,0.956312398965674,-0.0139908160066856
"65",11,0.0401921667742505,0.420021973154148,0.104418676463958,-0.284933652206959,-0.150753504204473,-0.697364672587965,0.321166420097795,1.1918505610472,0.512933767004391,0.0112787418560792
"65",12,-1.71860836149003,-1.59936753178106,-2.05187991975816,0.825854485149261,0.205455225396642,0.0730228421132521,-0.746294648672366,-0.79002929785242,-0.0195248156313144,-0.0453089813654408
"65",13,-1.07120726565814,-0.0595838775702364,1.7299304892728,1.24542089156231,1.08539467280968,2.0074319476384,-0.455047032535593,-0.731823644429623,-0.506552331730463,0.00537742182923968
"65",14,0.192024051937531,-0.0670367387460356,0.974579563716936,-0.0128741731051182,-0.330926987557873,-0.431029750549578,-1.84562777765678,-1.40251161905613,-1.22760263249404,-0.0550764135376521
"65",15,-0.667108521078207,-0.123933306618298,0.0774660852393366,-1.10036565667458,-0.840429499349189,-0.575621860827814,0.0658962371751343,1.23391704477353,-0.0404019709219265,0.139815528102485
"65",16,-0.0314516280457696,-0.218435716407455,-0.946459436125976,-2.12106227948764,-0.127574677231576,-0.974238899854482,0.502109166534781,0.66579803827618,0.292918352024191,0.216495250898557
"65",17,1.41567739921734,0.77024252961954,0.467832426642499,2.02920446840927,-0.90545346175457,0.0609874031269114,-0.295045553156482,0.781629525428448,-0.22696438395496,0.0537331370018874
"65",18,1.16069362001056,1.5615768241154,1.56528435239463,-0.196221117244091,0.732587210775418,0.312536911744576,2.74824087863805,2.1812444312421,0.982234769154926,-0.0927403766495187
"65",19,0.0137538153612628,0.0378970573897915,0.664583876028867,0.623870093304665,-0.173724440373218,0.312924717248295,1.77436319102219,0.466995493516268,0.768819803084427,0.0163804021582458
"65",20,0.0606045526432622,-0.0345229709402765,-0.126844618850746,0.718147681766038,0.17002959463633,1.15120146789179,0.12549420321767,-0.731464226034871,0.639465535912576,-0.048358030268214
"66",1,-1.30626153721672,0.650365228550337,0.909778860586293,0.479104825220236,0.364826008533816,0.591912246512188,-0.99530231364582,1.27279219550334,-0.339828729456335,0.0102974683938377
"66",2,-1.95551879987342,0.193362676729385,0.516697006682834,0.810680009960653,0.125751407043154,0.235274923320422,-1.27024436745256,-0.877288753178079,-0.378796133711734,-0.163391394148935
"66",3,0.485407791567526,0.416738697034661,1.64860193319921,-0.638402016865082,-0.28302100527895,-0.899049009739617,0.862672153601916,0.206792281901004,2.1240048857664,0.0948776006101803
"66",4,0.825367094576721,0.0936171071518445,1.03404546322911,0.626074786895718,1.02708876851861,1.72354032550895,-0.418231379178329,0.525429984363261,0.51609803859163,-0.222853199937825
"66",5,0.947901652094879,1.41949603632152,1.6925302259766,1.4382840883636,0.621460561449402,1.04938074989627,0.206976315065306,-0.750028177050712,0.622411616741067,0.176591065983117
"66",6,1.71979991340533,0.602938878595344,1.3934339131679,0.866056752892361,-0.221445536965446,1.08393821673527,1.22781654748662,2.10129092559187,1.52853639168203,-0.100563400854238
"66",7,0.280743265737079,0.339313011542028,-0.524513364625802,0.190585036384486,0.192803500988155,1.24611933849738,-0.622561251054418,0.300206904169133,-1.57668633667204,-0.00872714963132424
"66",8,0.234921733234706,0.358103222756123,-0.461513371679523,-0.343474214907134,-1.06186109120811,0.186569113911687,0.724005864860065,-1.71903310257761,0.413487447204242,-0.0394978409221253
"66",9,-2.46740846631344,-0.178333988210944,-0.194295277632636,-1.24479826260318,-0.373651748577274,-0.0707956714159376,0.192906039873294,0.596866757087261,-0.432829103128025,0.0204054458175957
"66",10,0.392787693422747,1.07663108328704,-0.633186422281135,0.997918952344356,0.355019705529895,-1.33556823058166,2.15872478937606,-0.00856981374069851,-0.305164391222798,0.182692630750221
"66",11,1.38838936083023,0.709220711671264,-0.618655111385196,0.892711799013926,0.32689621049371,2.72774816086637,-0.2808408094502,0.787954864635737,0.293452473046697,-0.0844075650028409
"66",12,0.157618934778643,0.834235200053795,0.703321092253556,-0.114212040864314,0.186638602332833,-1.39605837825509,0.352191291045189,-0.418007079307195,1.19737134119442,0.115014168903702
"66",13,0.683466741461553,0.209773941752621,0.0876061861908718,-2.40505163503714,-0.941438010292537,-2.05147792750727,-0.302410162233543,0.989132950952653,-2.02099927054608,-0.082732486890345
"66",14,1.44412298340818,1.05843061224278,1.37517829283566,-0.644365369662622,-1.05922050248575,-2.16901324606819,0.242883654745983,0.214825792426022,-0.542962679138785,-0.0444969406500094
"66",15,1.44962810543822,2.19610877606571,0.90185943831614,0.364313608790304,-1.17992975659873,0.538441149096534,2.28931313403963,0.772724249140236,0.00711164256453521,-0.0655020435644518
"66",16,-0.558350374757267,-1.37913018164568,-1.41016511779456,1.17184393815017,0.556356499958455,1.69446576515422,-0.324811917574806,0.549855667731243,-0.498826966978061,0.0221488542580231
"66",17,-0.569393411651166,0.0427131414377604,-0.0830074755515463,0.76130355662027,1.26115050948244,0.522350401017563,-0.999333115362278,-0.509058568525762,-0.792574861045006,-0.125169385204019
"66",18,0.918886089560597,1.18823336530985,0.698141439321167,-1.21337292556165,-1.03783053499298,0.424841025824214,-0.595284306074749,-0.853452568242155,-0.409379826243489,0.178163285738576
"66",19,0.0652096685388286,0.147172668199248,0.309167488845735,0.44894505616764,-0.865410469242491,2.42424538224287,0.423885952852417,1.1383262490409,1.35416402600919,-0.0255949779882527
"66",20,-0.602484038339543,-0.886831174565082,-0.768426968780288,-1.53119268191738,1.12943244834056,-0.185548464386071,-0.47041192990577,0.267050802815935,0.0990866478934031,-0.124023161428357
"67",1,-0.417822597943545,1.65481377611566,0.206103191606789,-0.130570386020226,0.438770457383239,0.523096810365544,0.230648583918734,0.330348561418518,-0.20449675642037,-0.160994604054688
"67",2,-0.325696753952095,-2.06219190895385,-1.68439130185953,-1.39176869927303,-1.8938529546913,-2.14190884577483,1.15918473070265,0.822545859125275,1.18842623180366,0.0513594551165871
"67",3,1.15824262068364,-0.935646883894837,-1.88027148986691,-1.68677181971858,-1.58803466877168,-1.86202335931307,-0.909833087969845,-2.43629759144919,-1.07582072998979,-0.0760400260344609
"67",4,0.785145606021161,1.03096194833645,2.68505079709084,0.282188295589907,0.690155849527465,0.415868903385292,-0.0023728980133951,0.484691277985626,-0.051001496855667,0.130036677846379
"67",5,-0.901088301178528,-0.182144026446472,0.339854451812564,-1.05346913975458,-1.40695660982445,-0.830469691538112,-2.96893942963576,0.281424271610671,-0.687405562685419,-0.0667305159258855
"67",6,-0.100768107251707,0.400801185207326,-0.810157165468324,-0.650243973840356,-1.34380236638797,-0.367566248337998,0.390627311245696,-1.07476810597124,0.317393440359196,-0.0358912487103746
"67",7,-0.974368945776818,0.566136661232069,0.906569403275087,0.223026210674436,-0.212690297294812,0.934705032120394,-1.04610144668819,0.174333641812127,-0.606826221617275,-0.148752730285235
"67",8,0.192424705494544,0.576359104681967,-0.533451359643936,-2.8563370702247,-0.370555214098659,-1.14957453439999,0.294470006377333,0.201178564837509,0.556350632135316,0.0166488837544366
"67",9,-0.433640513521766,-0.204522330521005,-0.730954306668868,0.194326764766883,-1.4313118484637,-1.56688318414822,-0.518930817786788,-0.273327600426719,0.317332292082967,-0.0187126015676006
"67",10,0.0799766979591774,-0.601567762493197,-0.325155443205701,0.634423784324366,-1.17056291578949,-0.732403631704597,-0.293274260214355,0.112369765602789,-0.678746707834677,0.0586439761013452
"67",11,0.313136294522491,0.11171561442428,0.415882128724367,-1.7341479073958,0.304587390619501,0.457799155805833,0.076247752667835,-1.13217684448095,-0.793663515569043,0.0575675318102533
"67",12,-0.44583782627455,-0.0814149281256576,-1.16831504439501,-0.425608763966015,0.576607462081116,-0.773335856474129,1.4342967585034,1.35463831305192,1.64671438239597,0.0315751944488718
"67",13,0.0469908231568261,0.153280083475265,1.61143235297735,0.450603568278865,0.146604773170072,-0.147711079592108,-0.890425393509839,-1.02526878429544,-1.19386739318658,-0.0286602482392658
"67",14,0.628239226942585,-0.550861941094174,0.740894819874326,-0.848936321480296,-1.41453830722136,0.0448434891786199,0.790001617124955,0.626054190268891,0.190844530516058,-0.211666519606668
"67",15,-0.788146093064509,0.114759939180703,-0.790239865919331,-1.95897642996803,0.3168470686732,0.516641537928862,0.382320294660024,0.538988969205859,1.50831089643041,0.0052339196962351
"67",16,0.676578745553699,0.827622855632055,0.648233170047285,0.580011355811504,-0.299087357350599,-0.256802953009889,-0.800043255755548,-0.249157848435737,0.705846749045527,0.131913394590871
"67",17,-0.771992397979327,-0.876825075043404,-0.332086202934178,-0.452484753028314,-0.54341892666207,-0.538599001920651,-1.64928318708494,-0.459890048728915,-0.516200868386254,0.0590044320506845
"67",18,-0.285404576444989,-0.351121261908612,-0.951010927589638,1.86525962300309,0.96935392307947,0.638416290040461,0.504141379812868,0.791356304266315,-0.486950509462065,-0.0906464987997381
"67",19,0.0820376255414008,-0.324981484816602,-0.0352985789410096,-1.69321201956221,0.323264123913918,1.32387801389256,0.579561062350953,-0.0380149453371884,-0.673802740623854,0.0322673632000139
"67",20,-1.52738734349092,-1.48903194396363,-1.52406693316584,-1.18021752403541,-0.514712462835979,0.397340173179873,-0.144197478070106,1.1446264384515,0.820667892349546,0.0462676245804062
"68",1,-1.51250950917876,-0.265777246886839,0.560509516257247,0.114720774432874,-0.164885803300268,-0.265856325098691,0.640520037414481,-0.727073220502615,-0.148086363435701,-0.0351362755432803
"68",2,-1.14853806525957,-0.154926282917133,-0.772083004049118,0.186192339870574,0.461999903328088,0.322867629095958,-0.992684435785046,0.303878094411752,-0.667122963053755,0.150554295787173
"68",3,0.147326491975808,0.396190919191491,0.175812550676144,-0.915453482812448,-0.324663773906236,-0.689282420450677,-1.50157442181011,-0.289438674891736,-0.850610065942161,0.136936516818961
"68",4,-0.327829366001051,-0.901686262813531,0.79198619175858,0.147885870171904,0.395574004922158,0.500291593660903,0.131949315401658,-1.94425729186842,-1.93644845982488,-0.205174141217126
"68",5,0.139241443537042,1.18605656929137,-0.399056092420047,-0.472892188443297,0.0380042006114605,0.278038687879229,0.307506251065795,-1.32709007181717,-0.732496718106379,0.120052943800781
"68",6,1.05629661625009,0.940241316621289,0.918304011790579,0.915677583797351,1.10230368303775,1.00328623668649,0.90236807375517,0.590965954953171,0.992909072638551,-0.016655787980533
"68",7,-0.538669052166204,-0.782973343132681,-1.36706136769546,-0.965705838283428,-0.993527284118415,-0.361553568061441,-0.756760651251807,-0.577081507145241,-0.563287192669437,-0.031338986905998
"68",8,0.0629648644554687,-0.16450385430481,1.68162112201628,1.10531179566857,1.32498862802239,0.719643574089618,0.961215732469166,0.235864643344123,-0.127832152707675,0.0969908362263244
"68",9,-2.2194591136403,-0.123526424227457,-0.432248357282621,0.737374269280073,0.166823408634903,0.237467470120589,0.873969263370064,1.870968514842,0.715231235360494,0.0885805592009265
"68",10,-1.5096176920112,-3.10143392090613,-0.885549234013584,0.0822491934362134,0.420749311211247,3.2467623400185,2.32972654761814,1.53861989495247,-1.28217176186475,-0.0965275034021577
"68",11,-0.238947317162123,1.0242395618055,1.00202436747969,-1.23171798975575,-0.666240917120842,-0.73403566641439,-1.89795823521312,1.6066763299208,0.479752411123974,0.294350798901315
"68",12,0.315462680608206,-1.36415886778182,-0.353853824789733,-2.52222540633262,-0.705398781337627,-0.100267998269997,0.888626351507285,1.59698809732898,0.607564939552304,0.225378269806438
"68",13,-0.0777243905931517,-1.22169648666464,-0.879601462407101,1.78092604914972,2.10325132044676,0.679890141035543,-1.23101406049769,0.111563153791233,-1.12105223646071,-0.00347657998353172
"68",14,1.15999037607812,1.14717411089983,0.415548062611749,-1.31239997112667,-1.19199985024683,-0.274760718619185,0.614866921117185,-0.00650220348871489,0.925581797615534,-0.015693669674253
"68",15,0.0801620086349592,0.356770068644375,-0.404421813103652,-0.368731559231431,-0.215769678764068,-0.050701542094814,1.45396695809788,0.459403807153096,1.13917884842719,0.00316680531617634
"68",16,-1.60946160168381,-1.37799357303158,-1.16384866636629,0.607318122197681,-0.811889980569987,0.867064600894874,1.12199525291265,1.0486076734925,0.0310196121323241,0.0661849108817786
"68",17,1.79111606806442,1.09758198150219,1.54254389655011,1.95451106631044,0.994513566816548,0.759418853067509,-0.57705485678836,-1.66561308430864,-1.10432094714011,0.0794008374289159
"68",18,-0.339154685345151,-0.389995517262074,-0.692369447258844,1.484002152082,0.387302626579685,2.02197870320926,0.258856902523428,1.38177634702768,0.447628091496679,0.0505618763136369
"68",19,-1.30833728040347,-1.48704738193107,-0.682311316109812,-0.562214398625195,-0.0977190651526711,-0.561304435111844,2.16931526439829,-0.304238377440107,0.154296186653412,-0.0319620276836076
"68",20,0.780491699242025,0.955439240903842,0.761229895151729,0.859765828495962,0.945238535332844,-0.867108450437674,1.20277672363931,1.32634160413149,-1.04054995028814,0.119620930673286
"69",1,-1.91901256470599,-0.150608655333993,-0.320458848859816,-1.30126270200154,-1.15380489794717,-0.698824469653573,3.70502515844011,0.208565079014697,0.28815625766926,0.0775346269340123
"69",2,0.760770564603901,-0.430823055780321,0.00059061364337723,0.637006122389586,0.91838683932566,0.487510971532918,0.176905098358873,1.5906488698713,0.730567637285871,-0.0135472519673405
"69",3,0.382498696653664,0.915646501309106,-1.09910746102639,-0.131072072991716,0.247205952857126,-0.0668792316925982,0.913589193603547,0.772821243932517,-0.828412537551298,0.102064001211684
"69",4,1.45001735550395,1.32377668127041,0.368860723240754,-0.939772738034419,-1.01155768819805,-1.54710402389425,0.110220301509127,0.970976639086861,-0.211080235447412,-0.100500869698253
"69",5,1.41209333106821,-0.63757845915133,0.101675756410611,0.234511622776934,0.012253121271326,-0.0486749004376943,0.956502890032889,0.694791013055106,1.27479539223409,0.133256533106095
"69",6,-0.531650819979823,-1.49379114872018,-1.78633916425975,0.304568896921678,-0.45075952565763,-0.376890011770561,0.0453773249500094,-0.321731447063693,-0.974295008104887,-0.0860970573951882
"69",7,0.633359695069181,-0.34283535594949,-0.418523488357795,1.68573497896491,0.957079680289557,1.72590992643574,0.0325896917442778,-1.6034252713603,0.508384886582582,-0.150112923428693
"69",8,-0.364711379218655,1.31532773602025,-0.358318790472946,-0.41975921372155,-0.85548313995453,-0.730818983428118,0.918771569353445,0.284111126232272,-0.510575523177054,-0.0776828977940086
"69",9,-0.285645525725884,-1.10693917129855,-0.710738429836642,-1.74156020846937,-2.14339576581301,-1.24108495669315,1.30417815477316,0.627283016647432,-0.0524067432072793,0.261542922525707
"69",10,0.0365952726945737,0.0231064388147878,-1.09093436877421,-0.0559579721727901,1.36605380912553,1.10940703587345,-0.47138602249479,-0.390424773639257,-1.18909013027824,-0.0700470888471953
"69",11,-0.941480822470447,-2.05306422712566,-0.374886719384561,-0.764610500326667,0.382092351634882,-0.310546109967532,0.0352343727997489,2.3720025670327,1.71172682010368,0.0203770618852295
"69",12,-0.849168196436946,-0.132769117295507,0.514551731375764,0.310708903184505,-2.6891182069027,-0.939337280709768,-0.0830390583604692,0.0105314998456068,-0.0977319328609687,-0.139365723045469
"69",13,-0.047532597641509,-1.30143255116476,-0.582898068679325,-0.224398843751782,0.783663380937494,1.28835149254535,-0.977697397885586,-0.264987962978519,-0.128370575946328,-0.0917635618271584
"69",14,1.49104762079266,2.32670002515833,2.461286592571,0.655177340661942,1.15675143491547,0.337556088894418,-0.506644286431137,0.0742730483050035,0.911160246766176,-0.0911835477806028
"69",15,-1.46967641373294,-0.400841274229194,-0.0283685984438558,-1.17479285550729,-0.839984754119603,1.0217020804699,-1.24514469146015,-1.73132524202137,-1.81492813985287,-0.101977293176408
"69",16,-0.615100202363434,0.0385276777230138,-1.15169636383987,-0.955400197271009,1.02744544758306,-0.574829871188043,0.560706896369856,-0.777539947047397,-1.591929515514,0.0426356609404912
"69",17,0.340875959180951,0.081954034208788,0.514399431853819,0.369062113273004,0.74328023073158,-0.540071991125435,0.341798505405415,2.65740307500194,0.701690805664216,-0.0126608217590713
"69",18,1.05892602734757,1.08897099737499,0.895423049814887,-0.641900199936384,0.905717707018711,-0.503982444230397,-0.475178475805961,0.238316640135792,-1.60303796835574,0.0848048772163792
"69",19,0.575123458752455,0.222345261806685,0.396602698602454,0.105236109058996,-0.30327848770363,2.22898819352669,-2.08005602779114,-2.27401556011902,-2.33895025426883,-0.0144536706798311
"69",20,-0.312425831888493,-0.202687822935446,-0.178688194636637,1.22859653737947,0.373853078037058,0.200986761091752,-0.89162400352162,-1.86539972419131,-0.936712702919626,0.0501143185074976
"70",1,0.692584668464745,0.961807221476259,-0.822311701596861,0.858140545233665,1.16297407157191,0.942670370252774,1.56599256442316,1.39312313351686,1.32324303050048,-0.21215431957458
"70",2,-0.516339013999723,-0.947118249216105,-0.720263360125342,-1.29285009857556,-1.48481066824887,-0.430589835022101,-0.733661278903689,-0.304447973025545,-1.26980433972462,-0.116028077721058
"70",3,0.28852155307772,-1.07890771212025,-1.73562027188231,-0.562303936249399,-0.247111483247374,0.0748650932896183,-0.125886008958259,-1.80128671251281,0.734399023094206,0.103535239658744
"70",4,0.737146880384856,0.695261911738855,0.116412252761073,0.680091872403437,1.21468706743017,1.10734099790638,-0.161442921865541,-0.578635552533644,0.343382193551125,-0.0896012012413841
"70",5,0.725846318171308,0.657400618301999,0.0828400990007363,-1.03850253663201,-2.21967021255486,-1.12240664234862,-0.988685195608127,-0.540288502836314,-0.0986455766260202,0.00891867527680797
"70",6,2.15318212360868,1.88332195619522,0.903388831398175,-1.5171149722938,-0.647297644158577,-0.807890593699274,-1.56111348701159,-0.629780764680198,-1.29750811918243,0.054204979512676
"70",7,0.390800451167512,-0.181453263782453,1.27066059594489,-0.830107968569209,-0.303234748404634,-0.192023836618481,0.675800728443752,0.20733168958116,-0.859133520688182,-0.0786622560225003
"70",8,0.0389938751018981,0.256957588724608,-0.226841388617892,0.778378965395355,-0.39342311353317,-0.894824454056234,0.822147416354773,0.142088852915113,2.1360620801795,-0.00475581855513753
"70",9,0.768384585883944,-0.276982910987872,-0.554083895580513,1.6673073952076,-0.124345120771085,-0.351903824373618,-0.22429718763521,0.0369853067325895,0.767849344214924,0.138118134296596
"70",10,-1.21622953743285,-0.0795364319689379,-0.325156423802129,0.0555207821283153,1.57640864663663,0.312892105751406,1.30285789778339,2.78696982948972,1.00482558623058,-0.0870737788306803
"70",11,-0.299966556356894,0.38016004055937,0.536937173253409,0.323950040670561,-0.0707713105809245,-1.08299310079397,0.576643616586512,1.05311155686111,-0.831511635175978,0.0351705289267956
"70",12,-0.70370489826175,-0.315005744827196,0.371080862143829,-0.612102445229413,-0.678926179284422,-1.80346910440165,0.884554179450981,0.416918734825322,0.12443333501853,0.177365486918494
"70",13,-0.184506522706884,0.329805517534882,0.470660007418983,0.427077960725474,-0.593574821320041,0.242760916403166,-0.229301891864377,-1.33675308360402,-0.402613899744503,0.0531045671258235
"70",14,-0.21454605661978,1.18413421683446,1.30939157964203,-0.288709643151701,1.24831582773593,0.154730450088865,-0.577020616193951,-0.617748898552213,0.180607435308699,-0.135205869614529
"70",15,-0.714999748244638,-0.664205139019667,-1.33854558389741,-0.145282163064554,1.15165437052071,1.02253782873655,0.108945682613599,1.3311136025928,-0.210722271800224,-0.0135816555434581
"70",16,1.39369447080325,1.36523221926839,1.33528824344991,0.66433136720759,-1.18946604967143,0.0111568946296694,1.69909342919683,0.0622432162214617,2.02307126940902,0.142549187550443
"70",17,1.38504706140567,1.37689780484457,0.575049703318244,2.91327376161149,0.271550301612973,-0.484252212606872,-0.804264137088466,-0.867446018089148,0.162941576506191,-0.113278890366203
"70",18,-0.457776422849702,-0.719940047459255,-1.14623967082498,-0.391971654256,0.461127029969254,0.242791211098568,-1.57488829957639,0.868112444695724,-0.41860568283156,0.124137881151747
"70",19,0.61359496754507,0.533485926800731,0.907506050784839,0.749058372999657,-0.987910402864544,-2.04754575195946,0.265155979051519,-0.521830339408038,0.899927142037551,-0.145928128666767
"70",20,0.652002897301787,0.80458092868341,0.959934662584739,0.244720947602015,0.333278691086871,0.337921445976828,-0.103670168253057,0.792034017920981,1.10292304479296,0.0141700986436759
"71",1,0.412417316817826,0.328716085891001,0.723493656199133,-0.488855829801907,-0.35157577114525,-0.146102937861548,-0.308242882306577,-0.0635546569367369,-1.77896408316877,-0.114505402931846
"71",2,0.707554611490819,-0.239171806423802,-0.734043033474669,-0.108099094782938,-0.627076393038852,-0.808594422004265,0.183124696713007,-0.795699953840796,0.52610598482846,0.172355129019574
"71",3,0.359016240092601,0.874074365387708,-0.859421527993049,0.175449533711569,-0.545442868521904,-0.21086332367224,2.24095460396456,2.21853069153719,0.303867918236199,-0.0736289596429802
"71",4,-0.723492422913864,-0.319752270282188,0.306077956417862,-0.424244343670154,0.417674903162283,-0.526298938687371,-0.158460762207342,-0.817773478264257,1.10777859364216,-0.066965357622123
"71",5,-0.327063568008126,-0.905006510482655,-0.0335739696041609,-0.476806387726967,-0.580644878180725,0.0412465338462552,-0.617273810980505,-0.318900735639031,2.0786082246734,-0.0875118936746039
"71",6,1.15561467958343,-0.217960012644499,0.0854974635194813,-0.268868918159576,0.42121672015013,-0.274467059054487,0.791038129802012,0.497580376793525,1.45933724799128,0.0286732223358878
"71",7,0.119083525397037,-1.05723086986227,0.0295868953790979,-0.336446650545656,0.396867093344566,-1.06223455266748,-0.630753151180454,-1.40994174322505,-1.16345373272056,0.116910522385839
"71",8,0.574933873500766,1.84906856755032,1.75751652861796,0.127434508195953,0.233694990098191,0.461584140910663,-0.383937289089396,-0.988699683581974,0.944584766396488,0.0974629169986714
"71",9,-0.984854321203895,0.690726100770964,-0.554098016287741,0.669219903981272,1.33375583601983,1.09383695711838,-0.311266715494687,0.668716334032748,0.00696043764672504,-0.00215478980773775
"71",10,-0.386315278378782,0.516579673657463,-0.828071414904147,-0.476033902902915,0.120029845241638,-0.38335324953101,0.196213927680025,0.44020386370308,1.93751122961681,-0.054064231411713
"71",11,-0.371064038575083,-0.888785678731253,-1.47617213095449,-2.16518370653402,-1.23562351400428,-0.572518941357653,-0.174039444974834,0.289269626336868,-0.277375068196079,-0.0780385835454554
"71",12,2.5841485653419,0.365472672390648,1.80093924848372,0.702187710557991,1.10425480453367,-0.101919843162845,2.39510914427012,1.89199851053774,1.44022593156404,-0.1709638346187
"71",13,0.934653595369499,1.10618319036941,0.169750197498187,0.641498034268321,-0.84270457396637,-1.00696259416583,2.70372446046732,2.05798901717335,2.07935904432205,-0.242298663964719
"71",14,0.42113998841062,-0.549734402750502,-0.666798294107768,0.625168699222432,-0.0301100085736975,-0.996048802016363,0.0147003084612756,-1.27451556536403,-0.693480398562775,0.0682955226105257
"71",15,-0.44284427049694,-1.14788704645374,-0.275181558611733,-1.43150878101175,0.842467234740779,0.884746271454553,-0.277070939323218,0.582888547930105,-0.725046914116143,0.0271072282697596
"71",16,1.62240622397053,1.9257188662718,1.47149091499681,-2.16740775995087,-1.34887950432216,-1.78817003775007,-0.717419468116127,-1.17893083317693,-0.317125627196209,0.0730602874880912
"71",17,-0.95756060685901,-1.57569602935482,-0.662636727171652,-1.76410603785896,-1.77661074888113,0.319429647802177,1.24273441537923,0.279523261538368,-0.345333156665607,-0.164771856550823
"71",18,-1.03779991943796,-0.28886515450115,-0.929792715491792,-0.953177978972006,0.332296688291733,-1.06556402162265,-1.0045061512358,-1.33268003220249,-1.39502948033919,0.082983262703934
"71",19,0.452847778686604,0.619526416092497,0.485140865333927,-2.18780510542426,0.900437062502533,-1.18706966429855,0.0499277198967125,1.74141818691106,0.794885985175687,-0.0286378828120817
"71",20,-1.16644993850926,-0.935886412492101,-1.22581054521378,-0.953977674592469,1.62054572296096,2.38421749547562,0.617473656000267,0.128497883069074,0.519715589492216,-0.0137811293369596
"72",1,1.37132678337425,0.167611269921162,-0.334264078894373,0.45640263296398,0.839984376567253,1.34034990540532,-0.357002954136072,0.174006351299261,3.29885733395873,0.0150307696450471
"72",2,-0.169382437564772,-0.788043669730712,1.32662105989893,0.58721736473019,1.09037057733553,0.402784103598559,0.495718433242731,0.641549577522853,-0.833059095331132,0.0135931557118804
"72",3,-1.70909042536159,-1.9289648982274,-0.0262242144801256,-1.18174853392304,-0.619898214630369,-0.889635724641977,2.6128464283774,-0.503081329750851,0.321439610243322,0.0580816733347072
"72",4,0.426470480859728,1.01185827112105,-0.628609088196247,-0.0298306009198013,-0.467935306254098,-0.36407583605185,0.985399201041249,-0.249258101231588,-0.20224450678534,-0.0552336768719259
"72",5,0.282977450879096,0.927138473849376,-0.262599879903855,0.641708289208708,0.351247377518145,0.248917770433749,1.60091811046376,0.977465440117077,-0.319872274036998,-0.057131824036351
"72",6,-1.76204735818677,-0.908221252499761,-0.620917688465359,1.44406668838127,-0.519486687073237,0.314265389113605,-0.309015262878438,1.9537535462067,-0.423743565944863,-0.0373502624623448
"72",7,-1.03320365237248,-1.08737660021117,-1.76233716444399,-0.725807811994641,0.151880744183715,0.314351890274706,-1.18215257439822,-0.158287487316629,-1.81288090681148,-0.125607000003558
"72",8,-0.53774332226877,-0.882420016880604,-1.03247244335122,0.621361129384586,0.281167912968458,-0.837950871826094,-0.418181077241668,2.09726130044448,0.907409176463589,-0.14762775177047
"72",9,-0.941508610803644,-1.16869048356812,-0.424253888984816,0.66427321922183,2.08044240793778,0.0190231263856407,-0.104520197690179,0.928658255324342,-0.257736812728235,-0.0774226648173191
"72",10,-0.240102303554527,-0.32610206499693,-0.00691619924409108,0.522434195945724,-1.1711746236074,1.33678175186282,-0.0939846843614432,-0.184260516239004,1.0741155689217,-0.0939268320772994
"72",11,0.392386313209824,0.56463691950179,1.30943753071379,0.177069667682346,-1.81114660247643,-0.44705906098939,-0.223461281716594,0.83350008001855,0.344201670775973,0.0562565083865114
"72",12,-2.2207285711834,0.275212640140782,-0.989282281453084,-0.610078332246325,-1.30526490231432,0.772641276276765,0.783322927714439,-0.221584766415168,0.6065986028361,-0.0797873726965759
"72",13,0.0929997118288138,0.035177567384468,0.0413236167895598,-1.49116173136433,-0.460100311523479,0.893117904956116,1.4483841479454,2.81454167570919,1.25109681263977,-0.11950983727399
"72",14,1.28536468838527,1.35507617704789,-0.250279523981456,0.61974327320807,0.353211594100187,0.559231231404183,-0.155180297326583,0.387344948722363,-0.23124459680782,0.0107453378021265
"72",15,-0.391620038413051,-0.579547543324234,-0.298719447628743,-0.101506590134392,0.453568288710565,0.442967417459924,0.656559805133569,-0.292781901687445,0.561824972112004,-0.0278135398044046
"72",16,-0.524560402965437,0.636187143377796,-0.598968128981957,0.0666793894986533,1.07165417295826,0.397121827389507,-1.2037839664141,-0.763656003357378,-1.28678257611969,-0.266624429133563
"72",17,0.732202225693226,0.384927209500455,0.253551835592191,0.000172312558879562,-1.53931370748504,-0.689236456470767,1.42038987869827,0.212553473917292,0.313951550253904,0.0525180576346038
"72",18,-0.420207360930466,-0.581727237476184,-0.618590330133831,-0.955084725207612,0.58488460493708,0.644825781403359,0.0117190305072522,0.158097632629841,-0.812654747864998,-0.0621428809414476
"72",19,0.136069078512191,0.171923616833072,0.0899462774380091,-0.0736701855869598,-0.775156979960807,0.106287481157585,-0.835963136266212,-1.04815462611861,-1.15848627994504,-0.0280064355540539
"72",20,1.15422443648789,1.28369004064207,1.25462364674492,-2.10494670605572,1.57523390126723,1.30989272261196,-0.0108672725526551,0.226659914185443,-1.18541503876521,0.0771277047204358
"73",1,0.243221047091611,-0.881081857290932,0.687502430662269,-0.549951299333106,-0.833252529506016,-0.441341524036965,0.728723655404985,-0.19740132812795,-0.592481585773261,-0.0570432563032614
"73",2,-0.495309929596474,-1.25185178678006,0.847876116576785,-2.41382060522157,-1.98448441553623,-2.32287961886288,-1.24047033496474,0.899466530610117,0.817498801401065,-0.0895611273900931
"73",3,-0.166700969816199,-0.176560999191339,0.0979043739232429,0.552651392141584,0.811637553881191,1.46689738979228,-0.0212155313625013,-0.887160917238436,-0.229624722818289,-0.0544839554995807
"73",4,0.0311565856092277,0.167462828808071,0.529618159662159,-1.58337870167165,-1.02866437778644,-1.44195461227372,-1.23663210751427,0.512639299307369,1.14352866660061,0.0390260257626104
"73",5,-0.379867128662476,1.6404911053443,0.695819825974305,-0.984183752056781,-0.419448552572772,-0.161574783814568,-0.53161387204089,0.384377393178808,-0.334604508982044,0.0544384845041974
"73",6,0.257815646879401,0.301896661292432,-0.296114553967265,0.0647476161011008,-0.57683861127192,-1.11723841839158,-1.49638020886331,-1.28450425036655,0.978572729498046,0.0703174530098569
"73",7,-0.519518424348307,-2.42221925671554,-0.350580297345835,-1.39069831679089,-0.0539897489826633,0.0534616604148556,0.739344165433631,0.0984501704266247,0.463206606577932,0.069138922130057
"73",8,-1.20131801272581,-0.418665222433813,-2.23587373522896,-0.765644942030403,-0.5985296930121,-1.28213681187779,-0.3242737492484,0.518909528344244,-0.221767743859192,0.0240754594778163
"73",9,0.00620834798633856,-0.359983715487629,2.0562616634949,-0.67722547503717,-0.683637325232262,-0.985179282440427,0.0524257489468957,1.10207781728311,-0.55664206282881,0.0482480126163634
"73",10,-1.51701660570732,-0.105197990655919,-0.397117734615208,-1.55770356199668,-1.16881973934725,-0.440991084749301,-0.739106441854127,0.153087104500659,0.605621868128243,0.108096878148368
"73",11,-1.53311950886404,-0.581491079742883,-1.37588463347068,-1.88101156335988,-1.96611486388161,-0.264690042373885,-0.594976346388349,-0.195439274742032,-1.37722526507733,-0.0177884135084462
"73",12,1.38377413787902,0.439208015141297,1.32416694971182,-0.709252625077109,-0.943198754207736,-1.33008153824559,-0.196101765647416,0.605948211740713,-0.635194365316401,0.0437854075805626
"73",13,-0.989700521080434,-1.04046929959514,-1.84942909347665,-0.799784554034285,0.301194425915764,1.02527985815258,0.60960416775158,0.0403414038785378,-0.583925575194785,-0.0244111654995765
"73",14,1.47658526009926,-0.259153466062035,1.05993990590225,2.56315925663933,0.464992951171188,-0.314423626974749,0.881042499248328,1.32781912558967,-0.144552787856088,0.0178939256500484
"73",15,-0.196910895658747,0.578961802798246,0.619846319972198,1.00369149900942,0.567281628226499,-0.494843187937703,-1.42705275147523,-1.16442308679742,-0.6823167638725,0.161797810371013
"73",16,-1.67160012732716,-0.369683890784666,-1.29233102800405,0.516157173607461,0.275644362243018,0.200627976142921,-0.350937250818003,-1.49014729644241,0.117759469060296,0.0725348156097394
"73",17,-1.05096040353801,-1.59327015019367,-1.23154064164109,-0.700662988371817,-1.97423605253031,0.312373482957215,1.04167952651649,1.59131240683738,1.26447466831195,-0.0641752882570661
"73",18,-1.09561725554717,-0.650757540980063,-1.37139668583767,1.12054281678384,-0.266563434205245,-0.0757851761222138,0.00755368732949273,0.494161018440984,0.679080904099241,0.0357198976375926
"73",19,0.474292032835904,0.485974833850021,0.630178005687583,0.88801352408173,0.298627146727078,1.34727062724775,1.40083500507834,1.76611461483763,1.76842671757734,0.0421101876525412
"73",20,-0.288028045931943,-0.32357535177162,-0.324495298505804,-0.0685049477361486,0.00659488462522637,-1.55283636029282,0.271468450724486,1.20415873023914,-0.246051736575345,-0.0106987428577635
"74",1,0.516138099532264,0.352634863014252,-0.312956507953618,-0.716327591497238,-0.860508589350293,-0.557900946265274,-2.01185317771029,-1.62694332749197,-0.722536791766386,0.0205044139461084
"74",2,-1.15024676607409,-0.0139900847645907,-1.0128542809675,1.73789716742338,1.65611843223347,1.90623686079863,-0.589688338243274,1.26281410763233,0.465428063089388,0.0806204162254775
"74",3,-1.27898196728929,-0.31401040684264,-1.51899050406928,-0.581055021673521,-0.210965547631365,-0.51099934366874,0.213425068301372,-1.60722118021832,-1.15272701029357,0.0581743811433798
"74",4,-1.71084392951584,0.284984099336977,0.527538321641014,-0.692691898780365,-0.233123248308971,-1.00578748370451,-1.64640624771352,0.911656695709531,-1.18737231373925,-0.0838646669064171
"74",5,0.824258681186978,-0.00956514034364235,-0.024305232179914,-0.767110977462089,-1.7629114121143,-0.131085120310828,1.04560019278741,-1.20815160875517,0.820175573882037,0.0665275833995892
"74",6,-0.361521322313569,-1.15172386947279,-2.40830912694443,-1.71381035782404,-1.86280526611373,-0.878832310799686,0.932302157871243,-0.293960420964489,-0.0821849551056458,-0.0252438311119012
"74",7,0.513780187367708,0.975757456101288,1.41324167975161,2.246767182177,2.38836365437404,2.80010807447876,0.201624843306311,1.28230209335658,0.000243465394568251,0.0733426467286026
"74",8,-0.56940588383224,-1.07316346924684,-2.32200431488834,2.11335177311947,0.833395375858614,0.944284815758613,-0.765488940314497,1.20202424552816,0.328657282559559,-0.0755335255791533
"74",9,-0.838023489595068,-1.73464582791761,0.502208819759106,-1.4131075644951,-0.334554730243119,-0.779569473937348,-0.259954338956342,-0.595815989978049,0.461944222392589,-0.0777743656469784
"74",10,-1.11586474471281,-0.212572905303667,-0.198813111482026,-1.066576276926,0.37947750431805,-0.512291432420685,0.523945872083882,0.104117212020376,0.261671243597347,0.093468104783791
"74",11,-0.288937824488715,1.9826404941346,0.410429688400994,0.11380005380109,-0.00876406144736813,-0.916573024270559,0.0325922670026716,0.410765985115847,-0.192558903432943,-0.204620334787783
"74",12,-1.3175855603743,-0.751772484409173,-1.74160382448898,-0.70306534739639,-0.752248861137107,0.175112705031186,-0.196764156040897,-0.065521937086966,-0.918258543164032,0.071719024435445
"74",13,1.02678578363403,0.606064514730472,1.04410633831656,-0.713563900120986,-0.595335170797942,0.27613714897548,-0.533169906643609,-1.01543779656809,-0.839886710134324,0.159045776421732
"74",14,0.435017958996616,0.62555379434512,1.11866821066739,0.396976976002466,0.423218833088363,-0.812001445660292,0.259317564808026,1.11944833778924,-0.311254735581884,0.0924318595006762
"74",15,0.31360699863371,0.379024704538654,0.321369931149033,0.771269365887401,-0.166091483063056,0.845050365393884,-1.0933541472597,-0.0783042957497593,-0.423511389493073,0.117051768045845
"74",16,0.927147488580086,0.766254706210825,1.34882205004299,1.09570956644382,-0.343428272746219,-0.396148289354635,-0.851362450413842,-0.00395579506507607,1.00644315584051,-0.117335410787293
"74",17,1.47359278067416,1.20415671812361,1.6165521693664,-1.11092578952225,-0.508461502760462,-0.311250537720468,-1.61095507690426,-1.03485378567285,-1.45936195316393,0.0744658013450879
"74",18,1.20564815985738,0.583498361392601,1.02671050918329,0.0564389862666647,-0.0815808827082904,-0.9825954166859,-1.34078751147317,-0.108777333642733,-1.63758412131182,0.120380851163817
"74",19,0.653085372445431,0.477217455206898,0.961921875847014,0.366918648140298,0.806366358072642,-0.479151738826556,-0.912086347823986,-0.0160722184794394,-0.729820249465533,0.202651174582553
"74",20,-0.0188387013871185,-0.274161159069443,0.00680665306950482,-1.44332835177632,1.02792243616175,0.149409973362228,1.76762696259354,2.07454347273593,0.756671983397672,-0.0599006923283026
"75",1,-0.0203702933326553,0.47701483492222,0.982643098608076,-1.34976135007854,-1.79137319588918,-1.54867173776297,0.501532835430639,-2.06752593073228,1.46794224345925,0.0625877709879742
"75",2,0.433687208689388,0.790889859580766,1.39040502612088,0.270924563505023,-0.151980846988103,-0.0430147837753414,-0.249604217431297,0.728802303557476,0.649060712373646,0.0239460423393642
"75",3,-0.981224164205362,-0.195511166273006,0.356461116262616,1.04970726614954,0.847135712902574,0.954356823653715,-1.143383469217,-0.255553466654006,-0.116853100969995,-0.0327733743630056
"75",4,-0.77525209677358,-1.60859760996303,0.745187990914631,1.18452640249215,0.5798425620898,0.64349816841906,0.352251003152657,-2.41069718611505,-0.353616466955086,0.172604431317519
"75",5,-0.282607937642799,1.1246553504932,0.71677949341013,0.520888673571265,0.62246940970186,-0.596581151865157,-1.01745184860696,-0.243177551783021,1.60265738318755,-0.08706569553268
"75",6,0.0873393337905307,-1.4115486881799,-0.0838074689601445,-0.200471500969542,-0.246738871493081,0.230465851402386,-0.757587819189598,-0.245378726669514,0.543703599027136,-0.0369885286383754
"75",7,0.202882069512976,0.494248739481049,-0.380655588572856,-0.673696846391731,0.253170099943702,-1.66797815858726,0.562882600510974,0.552632930917714,0.040025414968362,-0.0369332018314074
"75",8,-0.57670255853507,1.36936613018627,-0.339189416787444,-0.0412107828867862,0.0112417806208924,0.59353528565194,-1.12130029532475,-1.4736230838163,-1.10934489570274,-0.109909297875641
"75",9,-0.72345924185555,-0.795475627632232,0.188383117371919,-0.351062233159546,-0.0704355405194393,-0.75501168784509,-0.62729524782162,-0.0838456359661406,-1.10663951029997,0.0367242674629022
"75",10,-1.49604207507751,-0.0623099056435895,0.45129402323353,0.195367477102274,-1.07822229004875,-0.816191843613484,0.829741500442866,1.76697665046081,-0.0530215623295524,0.0828828735858343
"75",11,-1.24337590136625,-0.156687968844171,-0.754751552438941,1.57768304235407,1.5317105723474,2.06373267200838,2.5042577868834,1.96414967418536,0.353383843545763,-0.0609582704728791
"75",12,0.0510912592959341,-0.266566945187684,-0.491151409023764,1.43899996537568,-0.437459431490671,1.05283896111367,-0.360014706398827,-0.867160099061621,-0.452826584263724,0.0177584325776374
"75",13,0.918751857507721,0.46772034957944,1.68016239496117,0.276123675015303,0.417676588930369,-0.522769877902972,0.89259806905844,-0.834695439956866,0.0532473854344091,0.0702352641514242
"75",14,-1.1732735383242,0.0941121426451339,0.601885571062951,-1.95414477868508,-0.00556770604859191,1.14445976350327,-0.186253482593547,0.483272096457991,-1.56815275009605,0.121802419604096
"75",15,-1.27653064119984,-1.11643494132841,-0.840939744861505,0.0772137060773084,1.84752270863202,-0.702119682628452,-0.624165409640279,1.257600917729,0.788642521241153,0.107976675558961
"75",16,-0.405099723302579,-0.414616852181851,-0.605123791399715,0.0294061774240515,-0.662858207254751,-1.29798571899574,-0.39158574825061,-0.559250495101542,-0.308616268656522,0.117331256746126
"75",17,-0.746667339035357,0.0239423242985022,0.121411940737999,0.991095183593378,-0.132909896608369,-0.444246902776191,-0.327338827765037,-0.199455665144789,-0.771556561463948,-0.0368178473744349
"75",18,-0.205925538853286,-0.00919851101223625,0.208178909407309,0.0736986125724686,1.5211279297465,0.336859007054773,-1.95176376086816,-0.575096061633187,-1.52785852303498,0.0730425289288074
"75",19,-0.329244430308777,-0.547708196016933,-0.549147525115959,-0.362183431942626,0.670064645167214,1.20465980898642,-0.416064437726071,-0.0947433754449358,-0.967980040213376,-0.0165334755272644
"75",20,-0.40824515036229,-0.288006954581962,-0.519604168082059,0.56220751714593,0.0205486387582763,0.290856267233831,-0.440867959280399,0.195729092389052,-0.447931827855726,0.0202855935101974
"76",1,0.533167398029357,-1.15100973497532,0.0850767024365335,-1.50225138670049,-2.26094106618923,-1.80020521381976,-0.199861239750238,0.843004378746075,-0.543922000224127,-0.118125276032344
"76",2,-0.246039366676006,1.21690175652945,0.877160436932121,-0.146272973819733,0.0709419084197827,-0.457497025137658,-1.2176354603035,-0.680723476469653,0.235417834641821,0.0302386455614035
"76",3,1.40112728701717,0.95114721356022,0.576469660824197,0.197588117327942,0.266343424855321,0.762286800710989,-0.503218592727793,0.200986863505848,0.635564783833718,-0.0125938878455306
"76",4,1.74249804811367,0.204162281971812,-0.165086314327101,-0.178879869339021,-0.89302037919113,-0.608938470200169,0.873785450069414,0.751053172454233,0.391704698440606,-0.069426236887159
"76",5,1.06609468940082,0.533829850706412,-0.404447606245156,-1.24760022599829,-0.31741407520446,-0.739651931898388,-1.01230090659034,-1.54787335557558,-0.953989846175914,0.138603279211095
"76",6,-1.31119673636357,1.54730211306422,1.36351335687881,0.34337909004113,0.462281130068562,-0.915699876376094,-0.0454555977268078,-2.27742797247968,0.396036253863633,0.171134203415598
"76",7,0.362490299087338,1.10874785785955,-0.302685971383328,0.252022895245389,-0.467015771844344,0.773392318796672,1.36950772113652,2.1109394663094,0.130953800943389,0.0841840787019258
"76",8,-0.493118031983537,-0.588127771207562,0.161535010773799,0.869048049917473,2.38410511696715,1.0552170462042,1.4949487691682,0.0490295901611917,0.932706096621907,0.171957991859711
"76",9,-0.74694292519778,-0.994681768376722,0.4867158446588,-0.816790683558425,0.918955353976396,-0.382178016110195,0.570366802818657,-0.53619204130354,-0.625320273195465,0.0775264710775015
"76",10,0.684227434856906,0.378275162015947,0.928899814282718,0.640892240081182,-0.209426355808898,0.11552544131952,0.679902351921256,0.0412832838932717,0.847091254553388,-0.00947497345261519
"76",11,-1.5295535473553,0.0751745940356148,-0.592143605213234,-0.110832736655854,0.00977421085447434,-0.878123328886695,-0.00732878074780432,0.483828240378794,0.975540925358445,-0.0179482813657525
"76",12,0.13171110135791,-0.749977917630613,-0.839062700566969,1.42274474352382,0.4360679426102,0.686252255420064,-0.836128647107614,-2.08035444027193,-1.6119177775836,-0.0596090539705729
"76",13,1.45481314402427,0.0441896832581517,0.639714240558306,-0.269169918041917,-2.2394689179044,-1.34991885576546,-0.0601465842832491,0.553390756853105,0.490170346084452,-0.0571472228228973
"76",14,-0.727550257502113,-2.0594557234818,-0.7393847165031,0.0739420811729231,0.816743875174107,1.20895856246113,0.207127286127802,0.0735689654038448,0.463229646264779,-0.0456650089147157
"76",15,-1.90893523027581,-1.01067930539405,-2.24216600101928,-0.626840673917356,-0.242667095662646,0.500084226334122,-0.792906430011707,-0.471347526321949,-1.4550732171629,0.0941992603652908
"76",16,0.0318562533938943,0.02275372091298,0.362971465510774,0.842985723089358,0.747592718118761,0.0872101819835067,0.569364600784305,0.521442663779823,1.50582053175791,0.135090798613109
"76",17,0.520769019044867,0.832217843120072,-0.188326292854105,-0.772237687891346,-3.86631403041972,-0.200191649885637,-0.565938229413271,-0.68658899513714,0.791467614925965,0.162769297119034
"76",18,0.092525576817033,0.00547028425305758,-1.09457344610252,0.136571882733857,-0.79663831056431,2.75483912418048,-0.865643325175938,0.694840191270336,-0.577319970914877,-0.0722797469567532
"76",19,-0.892477209721234,-0.579293987208405,-0.294173130928495,-0.206898339742708,0.502251654857058,-0.928000513577988,0.000880853505355165,-0.894961192581482,1.75208726397466,0.0323136791918581
"76",20,0.291766182896968,0.447276425962375,0.273803020772577,0.543452522885335,1.22026249261163,0.599347309219404,0.0471738146058143,-0.266759734346438,-0.590197176946356,0.0816312314722996
"77",1,-0.884082429944252,0.165190738198557,-0.302552883471107,-1.77752245714272,-1.89884034658064,-1.97965107562334,-1.21333454885712,-0.355166804267652,-0.980481605062256,-0.166134833134133
"77",2,-2.26101376270078,1.44086355931163,0.791556524909247,0.772494991193795,0.438261969387366,0.748492189158907,1.77562966324456,0.998527084405271,-0.621860000146029,0.110056751432614
"77",3,0.677941270570026,-0.623689897085571,-0.374669624101623,0.128939377829387,0.63209458124368,0.617327045007767,-0.430687531269776,1.39323794325636,-0.19010156569438,-0.0761541023255954
"77",4,1.65427155924278,0.307749543632166,1.63468722431556,2.58440882803672,1.21572427657499,1.96270049378026,-0.415461652408775,-0.265775522974003,-0.764211145108384,-0.0215924928993545
"77",5,-0.925366477868371,-0.083942616419611,-0.193484470184647,0.790698058570695,0.897353811699583,1.2883293167425,-0.392150981990247,-1.127747036369,0.0579958068088452,-0.173420871200294
"77",6,-0.468745200201041,0.744376183154282,-1.83408014517227,0.262870605667093,-0.739084609493832,-1.12831437998445,0.473257281097137,1.20505409767839,0.503429122315805,-0.119915159999152
"77",7,0.358020089439778,0.422393227567535,-0.785731917788252,0.597896750700418,2.00729530188936,1.01026841056939,-0.597067717598635,-1.14441537734273,-0.767379331000379,0.0207100516041999
"77",8,-1.4480782328957,-0.275468709320698,-2.67344363969004,-0.997495311658752,-0.789968646269036,-0.107127362563052,1.55923057937841,-0.944755091957113,1.57472722111979,0.0645704417474897
"77",9,0.196273408697983,0.410100695716942,-0.979628982349819,0.800422189164278,1.21445500261906,2.22533260797195,0.363498761419928,-0.98584496751832,0.115738716227856,-0.171403771246158
"77",10,0.0496209195235128,-0.8426052972111,-0.713794216749726,0.836090872257598,-0.625163165231872,-1.52627347905668,0.219122270509156,0.27881315043669,-0.033196120029726,0.0311709234483684
"77",11,-2.37161908912427,-2.18558884473958,-0.797176374660395,-2.33238846353431,-2.72789962389984,-2.75265731503839,-0.502533928107904,0.235943820348662,0.246827279291549,-0.0526161144989499
"77",12,-1.45398127588002,-0.776181381915373,-0.620423789427968,0.666596641213754,0.470600791848737,1.29952434438864,0.833611914613259,0.00491763957244121,1.23894764992014,0.0342920026455504
"77",13,-0.137544905640603,0.00976538079634162,0.68941352324126,1.29123714787459,1.41104702665227,0.285992305701952,-1.14699531473307,0.376655329482499,-0.708844874290907,0.0896868116663097
"77",14,0.921971395188706,0.475644902678699,0.645059670810432,0.0358503519060224,-1.34345453176424,-2.3017416581066,1.21821794444267,0.787273580920746,1.28742543341247,0.158129326379644
"77",15,-1.43076961675838,-1.35634981360067,-1.3465899676049,-1.28781415516173,-1.66402437218321,0.80242278047932,-0.826373641037538,-0.633261423542122,-0.345206647730473,0.064778579528371
"77",16,-0.0713341690202076,-0.748021941665259,0.0187568044634542,1.19354780875679,1.50520954050427,0.465506337742131,0.473857449375037,0.530039311385421,0.450700210384729,0.0358369539101226
"77",17,-0.354666206212474,-0.254604839777599,-0.583195977673026,0.14438550966264,-0.882524507257174,1.11331445232611,0.878633430774079,-0.115015953440355,-1.02141785641523,0.0641328522943736
"77",18,0.0546570228366292,0.0676075136292526,0.49680142409014,-1.27412612734635,-0.701528926843046,-0.638654262226102,-1.82107878350389,-1.36341364234291,-0.804994824431959,-0.00444800612590972
"77",19,-0.329396194971295,-0.0349409475919014,-0.904512057055914,0.0300040365294236,0.524970002266976,0.381811826246004,2.46927570453781,0.210948802478141,1.2075184487511,-0.0481352126069783
"77",20,-0.676074981153701,-0.730926812043002,-0.528672179229818,-0.755697458563175,-1.43237578303503,-1.95129709544781,-0.812214919998527,0.119306759492274,-0.59768987389501,-0.0708621889960634
"78",1,-0.834378721338086,1.88465231337088,-0.150300762485928,-1.31815575982764,-1.83620576785502,-1.46094793346106,-0.336694138095068,-0.739132948597623,-0.409023719160321,-0.269029572999409
"78",2,-0.389114409501517,-0.904640335822712,0.201341538717751,1.01553898995726,0.908946759192928,-0.149513607208878,-0.294660229085458,1.20758082220956,0.500999330385882,0.0950154007001123
"78",3,-0.14247981970052,-0.0244052112325129,-0.514920163064171,-0.598651466785372,-0.644372774599365,-0.926236771046701,0.395058893453401,0.478304057545962,1.15063267853545,-0.0839689352492708
"78",4,-0.117691725663784,-0.851080057804055,0.502241780237029,-0.865492010948593,-0.596910451723617,-0.80830185252033,-1.30230760321881,-0.696507162133357,-0.0481330243911624,-0.0255249252592225
"78",5,-1.78871395559723,0.961241755135588,-1.47056873127096,-1.35014948637914,-0.923145725007404,-0.729404988491972,-0.705399552543557,-0.455929358975133,0.827246970280048,-0.0396966440575552
"78",6,1.63049491185688,-0.704468649625488,-1.09879768407857,0.572193274555536,0.464563625099292,-0.4271272483722,-0.592336055566916,1.14431080227251,1.73915587704134,0.0308841572531028
"78",7,2.37391853357189,1.37343907953851,2.01586875472679,-0.681905764779144,-0.47248882977266,0.320484918849143,1.31637406721008,0.764587817328806,0.282756191164627,0.209996262319903
"78",8,0.550026479086099,-1.4945968886818,-1.80687055115749,-0.712484249899667,0.429116311402583,-0.173972333159603,0.221486292937163,-1.46961665229827,-0.716755072462043,-0.0776700897348774
"78",9,-1.07747950260849,-0.302660938678628,-0.90475097532878,-0.789993463774388,0.738639580393408,0.763485347678352,1.62036273647591,0.480094594582081,-0.878011233144416,-0.0195962969029383
"78",10,1.62686891243774,1.04051190226553,0.50750062886576,0.686583553975968,0.782041617916828,-1.47826513619066,-0.309344872173336,1.48936269235064,1.29067114029005,0.0231785691423406
"78",11,-0.739356716181834,-0.764503628908915,-1.15790488432918,0.456428925201948,-0.257186959646836,0.92529576490917,0.991771271349141,0.0475857696874594,0.406103090817173,0.0764419335570235
"78",12,-0.521790121792176,-0.0669903339301109,-1.32685141348003,0.979963784177293,2.15883183775678,-1.04551187695786,1.29396479766358,0.408874878417819,-0.306991996666807,0.0587415216235778
"78",13,-0.309984596152286,0.157285083979145,1.97623959323799,0.531200895213983,1.57134766032037,1.63929021825213,-1.8604818467832,0.225569590424324,-1.39141474205519,-0.0467799265156048
"78",14,-0.1702103540971,-0.0494184532623199,1.16313120418391,-1.11004402584752,0.111547402483841,-0.788770946718103,-0.84549116884201,0.77358055680554,-0.304839563651718,0.167292504213922
"78",15,1.3844264391862,1.16267102517985,1.4914253113713,-0.432854829242012,1.4230333790534,-1.02390208542853,-1.31345114784699,-1.13508377124264,-1.15564171867577,-0.079429087804505
"78",16,1.01866572463642,1.26056264693274,0.906097129804972,-0.0146382483221249,0.641955972381585,-0.0652489119299073,0.93161547633959,-0.276672950300938,-0.433755703990934,0.0405235998208295
"78",17,-1.18459779615836,-0.246076184868315,-1.00253105601597,-2.07272047896812,-1.04874192456075,-0.720997363480322,0.653117617087179,2.02786264237677,0.447367944301491,-0.187838821935546
"78",18,-2.45034203442171,-1.0321781024674,-1.82650192379053,-1.95982868731719,-1.34376395661114,-1.10398809971989,-0.145001329481201,-0.697562616186735,0.562568449476801,-0.0218342824944818
"78",19,0.950588141969998,0.489740345116998,1.04984996662015,2.21541647141596,1.90837337270941,-0.520433811893461,0.367298883071888,2.19227265831327,-0.0806490013114997,-0.0476723391203884
"78",20,-0.188812446518059,-0.241446577336656,-0.127124554322578,0.932303921054071,-0.16773765764871,0.559751541115939,1.00346897001621,0.366197069158572,0.869165061269989,0.0595909842964802
"79",1,0.999507107056382,-0.328718231999152,0.0579893899479722,-1.97902723970834,-1.5295500673623,-1.90923606596851,-0.263646298981005,1.00248929802168,-0.905138735006355,-0.0239195191314354
"79",2,-1.30177690424066,0.474427875402339,-0.831280740583915,-1.34012105979776,-1.63898017860787,-1.12375647311006,0.326167014225915,-0.9728233813386,1.44546937903756,0.0883716011256554
"79",3,0.454781080645986,0.874571133797084,-0.00212007954711899,-0.661050440277364,-1.11707953152837,-0.943944202296333,-2.78355648231249,2.07452442264767,-0.325926732607135,0.117452671834406
"79",4,1.23292073689077,-1.20573568705433,2.00790561119056,-1.45310843039325,-2.14860713399879,-0.819404884219971,-0.620450058172309,-0.446723056559332,0.383859568453063,-0.00547400965521037
"79",5,-1.07527727447747,0.421517144941634,-0.168689843670084,-1.00555901827373,-1.20742193899205,-1.13726110379662,0.994111930972465,-2.14986365670049,-0.736395712466624,0.235232463018438
"79",6,-0.590854172481345,-0.934864731979279,0.349432383201942,-0.401526211175396,-0.186331725848873,-0.692574448479546,0.953532715534801,0.038951981549124,0.256532485024276,0.307928607408857
"79",7,0.157403658999774,-1.58537410055782,0.224563370659338,1.24414200790001,0.62208624076354,-0.00500996800287601,-0.390879787996572,-0.0894726332791153,-1.22389918619118,-0.0877606769384987
"79",8,0.758475365270985,0.233628041475126,0.691799679283881,0.555136423754026,-0.0889579445705726,-0.687625690598271,-1.28440965067928,-2.09927312641095,-0.777297366458762,0.160999263064033
"79",9,-0.035676873600064,0.291724644030958,1.35747801879294,-1.03958300263668,0.0257612913709244,-0.46011517621186,0.545951639997988,1.45098395653803,0.495630562295556,0.0160671017046565
"79",10,0.581808123206244,-0.722106820808317,0.337542355425836,-1.63709506840706,0.278394138196554,0.278800286876675,0.19241559482305,1.86215501301967,0.590701038953073,-0.178108228905032
"79",11,-0.834157403510015,-0.330518697547248,-1.18056268603416,-0.633201138835276,1.09781785009184,-0.184243884934791,0.667637959812288,0.0172179003108607,-0.268137680228169,0.0303032619125805
"79",12,-0.551966459122927,1.43734581693151,1.16349785679435,-0.669537640222672,-0.356945256956672,-0.358292210587366,0.279756947526557,0.845488957719749,2.14429194000687,-0.0355661646363191
"79",13,-0.866637042929211,-0.537350614975033,-0.499854137834783,-0.641988737625813,-0.598365289416174,0.818965076425286,-0.958168634961845,-1.09571622766434,-0.42892966713532,0.185731468511426
"79",14,0.539261324487521,0.429572186496264,0.0097398381358804,0.384234577522221,-1.40636795248755,-0.330306813310046,1.49994637726156,0.0564406358872723,1.79757130115648,0.0485696303882302
"79",15,0.629926329306929,-0.430250170169516,0.235544620185133,-0.390784064314984,1.35626544780225,0.814407943097679,1.11938343617692,1.30103728060563,0.365188858321331,0.119747799018735
"79",16,0.46681018897662,0.909833695470724,1.03046780106935,-0.473670056981134,0.816550362378584,0.516332358594389,0.861422842259521,-0.0783935170434484,0.17453180784204,-0.0456054730280304
"79",17,-1.13253778824287,-1.74058908920216,-1.333821211101,-0.842104741955802,0.435181086829341,1.27678790540538,-2.2588266768314,-1.55837218383917,-2.48953126623374,-0.000736287740524653
"79",18,0.218771864799244,-0.0809312247890166,-0.556139888804368,-0.0663346636741812,0.728543965405802,-0.22366643830962,0.375235272094329,-0.702858625542189,-0.220565966030648,0.0643253763571899
"79",19,-0.276628285519216,-0.368096615175073,-0.643286742929277,0.0617695356659743,-0.578902626396394,-0.526786533107901,0.758645995318275,1.08228721778889,-0.79193509795307,0.0548332206083928
"79",20,0.255630623184781,0.227663437877214,0.392034092855632,0.65069413177058,1.35783478741416,0.880892333339782,-0.140368126498082,0.351734973172481,1.45622028451262,-0.0796052868645192
"80",1,0.855582449335438,0.89251330529474,-1.28708989079868,-1.58464557576195,-1.59484964310012,-0.968839344272461,0.773455845661546,0.100293564779228,-1.16655517463588,0.105622705878661
"80",2,1.12508094161648,0.252290576587649,0.325982662531815,-1.33627633965737,-0.969580651144005,-0.881721960184488,-2.14876295090874,1.77723277837019,0.881530050999958,0.149657355802564
"80",3,-0.00406465975125687,-0.542575384545865,0.614143154819664,3.00068611175756,3.27841775649604,3.54637620092528,-0.118077037667285,0.943236455029504,0.458108658891164,-0.0428911757719714
"80",4,-0.165337645309206,-0.174611482530108,-1.04723292596434,-0.854426206395743,-1.6451100826221,-1.53637625993757,1.96259077122214,0.523421004102501,0.974642610951707,-0.0528492048911752
"80",5,1.09498889240971,0.811414111603012,0.379243627200489,-0.0350652496210129,0.252200648598827,0.635547514990937,-1.24815224618282,-0.694890381862403,-0.072007931714404,-0.013221439675704
"80",6,-0.749695912418873,-0.780654330160736,-0.352888305714924,2.0894318952853,0.876514903209924,0.165743724340346,-0.188811832494667,-0.264526861779627,-1.77914823813763,0.0804839220162357
"80",7,1.69798331978797,0.759140974859306,1.76731392630832,-1.4754188471025,-1.04834691883686,-1.8368963550889,0.15373097037902,-0.751580919096159,-0.368480293099,0.0904415996964961
"80",8,0.681993873732043,-0.499659284639843,-0.240591637648559,-0.973442375587767,-0.724364455835162,-0.994045877217682,0.331287138289,0.428453984615905,-0.18629133353671,0.0076323842035404
"80",9,-0.377018444961214,-0.14294472090124,-0.469844150638485,-1.10543503752661,-0.911199045845477,-0.588944600447526,0.732260782073921,-0.453344971233934,0.328742128620437,-0.102363804840785
"80",10,1.7937134956886,2.2398394400056,0.707790520463353,-0.441751641194324,-1.40299924197224,-1.01103957050601,-1.0356371671232,1.01066951673757,0.891968148142728,-0.173394186686403
"80",11,-0.120419577079947,-1.51565643155763,-0.210350303313333,1.79186812283829,0.874556684194759,-0.204467269674067,0.533444652025294,-0.259071558665531,0.57677321958308,0.0455117808318936
"80",12,0.0283516207637594,-1.46270588362868,-1.310699173547,0.855482342050544,0.609542013156734,1.97034365733999,0.520242193407382,-0.0896368357025466,-1.80541537184201,0.0166051368203737
"80",13,-1.24360045992885,-0.114164927585697,0.0366884283637059,-0.228214351308376,-1.42070761178162,-0.392310012570734,1.42044834891779,-1.44416507079069,1.98844144028726,0.044712079704103
"80",14,1.27109581138819,0.680617584393163,1.00119371691778,0.449146111767205,1.07183686952625,-1.75090872272121,-0.5863041478112,0.353031512199127,0.642384575422037,-0.252804525027052
"80",15,-0.0282008722468381,0.793769716965621,1.91326145094733,-1.34537779973508,-0.300998794691903,-0.561570176098008,-1.81568665736512,-1.52934913864552,-1.75790298700452,0.0754829241610107
"80",16,-0.947289752021702,-1.42695531664943,-0.66100467943148,-0.336004033699578,-1.42556238258428,-2.50379518376531,-0.753009393843444,-0.231430626498583,-0.700962945773354,0.0234130226535745
"80",17,-0.566387855952036,-0.0709575006410726,-0.216218079732167,0.0460766108468827,0.293145653724898,-1.85509931831865,-0.54219388579283,-0.895388857270178,-0.825012583567591,0.0441510275665248
"80",18,0.54738704885283,0.284754380313359,0.472739569905681,0.377343183830881,-2.50957108985017,0.310613888049623,0.000437160014358347,-0.174598206597471,-0.21592664616504,0.0933480797124218
"80",19,0.0854345531379002,0.397058693717877,0.92756489068628,-0.51334067056467,0.763847547046147,0.928725497329457,0.773503458692063,0.159152757166044,-1.56853557971453,0.0531843786186863
"80",20,-0.445876736788522,-0.893147457902677,-0.894641742491507,-0.895613201686229,0.47235500857385,-0.974550529915132,-0.481350953579265,-0.898512611436619,0.129407463411435,0.0547279157835744
"81",1,0.425912564940021,0.216000063723247,0.612900419444033,0.429132146525286,0.227250043052566,0.223497670532902,-0.8312483065358,1.17045512041792,0.875793746399721,-0.151299394308224
"81",2,-0.81222507794644,0.974958418955917,1.02642631023189,-1.73797717902473,-1.63988922206787,-1.51696454628715,0.162517653136761,0.507119048497879,1.90067459924205,0.260429132250013
"81",3,-0.865432118246312,-0.153012955850088,-1.2351645572102,0.160745639728869,0.0794032874079311,1.68106481658203,1.27347080952202,0.457993595809624,0.655819312713205,0.00676673436846069
"81",4,-1.00505069406451,0.796499417061503,1.06996727369064,0.208932669250418,0.540376453832926,-0.455380597727547,0.284166848181161,0.14110453378695,-1.33820324825637,0.0195467874844974
"81",5,-0.400832824250955,-0.340725841429303,0.35860733459924,-0.637200040871096,0.0622165785571984,0.727996468633007,-1.59686982744808,0.678894015714238,0.398162369414758,0.0279576358763495
"81",6,-1.9218002785999,-2.20030539396544,-0.393542586147113,-0.903711121288571,-0.90109147504444,-0.143242293529527,0.193677239419762,0.178127076496382,-0.222535498123083,0.0636459423635497
"81",7,0.440372337200081,1.49326878335768,0.0466405343012788,1.1720607183547,0.373960981121411,0.530079198847054,1.34139423172931,2.35609154777597,-0.71203019811726,-0.0934478794872716
"81",8,0.528715459521843,0.614604206196101,0.719105011949948,-1.97702466805169,-1.30830153839796,-2.17333404559103,-0.975875002086231,0.627425892312058,2.05118060361813,0.0292526707861078
"81",9,1.92961056161452,1.31232597089479,0.712395398229764,0.746525438736958,0.236500848084176,0.139025713015792,-1.1729888951437,0.334013203131597,-0.638754256727387,0.0699158727362627
"81",10,-0.329093969115807,0.873009157998995,-0.0585680195152359,0.850793657727172,1.50621595287302,0.447859971679561,-0.838448838858807,1.24579065369057,0.607997924308165,-0.0852798432470046
"81",11,0.132837730605936,0.348491427785046,-0.000971904782992784,0.522297671810523,-0.812440559206577,-0.608869260554664,1.65181815380888,0.276070191414792,-0.0960253551817113,0.0298542383108641
"81",12,0.433320441498907,1.76386038306882,0.823446223989537,-2.17397967095984,-0.289054128651216,-2.19152585194102,-0.199326372134041,0.202848257166304,-1.37052419239658,-0.0538167514431916
"81",13,0.385813733436575,0.606718195262817,0.257595552668513,-0.460089256506758,-0.33849451707321,0.359636912181164,-1.06603066063971,-0.675004168359761,-0.250492940567045,-0.100664612357283
"81",14,-0.600884911104214,-0.846783337325107,-1.7482338051359,-1.3785120198987,-0.505092150330987,-0.594995305601167,-0.152578362829277,0.260724574439925,-1.10592194544152,-0.0616629345844572
"81",15,0.65092259898831,0.518403542621751,-0.232413203142087,-0.384742909298681,0.44212574874139,-2.07555400504495,0.25161514110202,-0.225472081781208,0.477824744708561,0.0696452834109616
"81",16,-1.18461546278515,0.125110484894831,-0.488863720419289,0.25963431472969,-0.21325276883949,-0.441416300481742,0.747362389932353,1.70857913120007,-0.230953353425153,0.0528141570171412
"81",17,-0.609138376508887,-0.253341330285135,-0.636268612333894,-2.04211418301987,0.0920553316220951,-0.591711738205914,-1.06503600530143,-1.43746749021339,-0.926153012347159,0.032175509130039
"81",18,0.597072634182153,0.760319255726522,0.999692530816672,0.309379791289883,1.14224449256288,-0.153517022691112,2.26202899488927,0.376760066100528,0.997419242894769,0.138753164775522
"81",19,0.680781565826794,0.556436193870346,0.252342437994657,1.0767302654118,-2.378559743651,1.03183342425189,-0.354521722308923,2.0767909299809,-0.300015006353759,0.0927497201072804
"81",20,1.18677426378534,1.08587378378529,1.08362979397454,0.320841990845168,0.633740979140883,-1.80476978419012,-1.68597613083915,-1.88318926809202,-0.0799448693354419,-0.143404046001867
"82",1,-0.0303916455604954,1.63828705570796,-0.535793681841521,-1.46870767806323,-1.04817394236085,-1.18087236839058,-1.47963962947663,0.902447007154328,0.0241158040472661,-0.0527586166886548
"82",2,0.317070532216974,1.53270016495015,0.721561209189431,-1.02770782328357,-1.00813458687948,-0.72343342818795,2.07860502034979,-0.103269475395693,1.1673958341745,-0.0470150323324375
"82",3,-0.383982885344046,-1.0974797926794,-0.627263661852854,-0.911589278981231,-0.248497539134969,-0.581065442169427,0.87350165058238,-1.91076181054079,0.378406768765407,-0.0136318589594855
"82",4,1.70184316618878,-0.112212890362008,0.32402549995432,-0.745233317576134,-1.07318978542392,-0.573515528898588,0.200087417142843,1.03085358898601,-0.831174622818733,0.173568108826912
"82",5,0.724308970574104,0.355942480206139,-1.50079410756492,1.8134524486057,1.54235141141379,1.8016872728991,-0.326116084036891,-0.513934332719328,1.60407771897762,-0.00273233515500124
"82",6,0.278428946170819,-1.0820730667034,1.18585673460124,-0.595430937185828,-1.18070283926493,-0.885132525700831,-0.474118619312047,-0.225811066453576,-1.75681151044933,0.205237328083261
"82",7,-0.18356324847032,-0.330525022557574,0.286949077844153,1.39257262175578,0.445504936348832,0.617626761715323,-2.87194830070499,-0.629312450369354,-0.858272102814596,0.138686838873181
"82",8,1.93298360421393,1.23056961677407,0.421546930991073,0.0579068950247399,-0.233750062048555,-1.61184858102847,-0.234179404756894,-0.522021205726383,-0.587142662469368,0.0251082654049751
"82",9,-0.477325160824806,-0.733433266724895,-0.733398448966274,-1.33347789316554,-1.35355223822724,-0.0199781135301778,1.6399455506187,0.404309562569593,-0.183500816529005,-0.236162064239218
"82",10,0.595344211540096,1.45160966656468,0.130992778527374,-2.85718762455305,-0.631613588390096,-0.0913025367912516,-0.847185248796685,-0.0278220820527876,-1.17868018843137,0.0479253635489792
"82",11,1.00519491771086,0.0718106910058345,0.183205002052729,-0.12926991414374,0.729383296182257,0.564731551053253,-0.585358485931117,0.581121348285349,-0.350943910214542,0.184445038592693
"82",12,1.44426845793169,0.933995202331174,1.06287795405343,1.11909910463963,1.12881450340624,0.476740454323593,0.890965832345101,-0.779729983511092,-0.54362582961565,0.143659607090327
"82",13,1.80677509823866,0.828021787066591,0.295684719239345,0.668586567969349,-0.451862779507776,1.10667120275209,0.293257137117534,-0.181309217387454,-0.23397146386524,-0.103040081200998
"82",14,0.101415164907321,-0.486812642915387,-0.413655681873226,0.493603271540557,-0.475313413120223,-0.534457767322346,0.779590515124899,-0.142605771573533,0.226302152565814,-0.214377124915049
"82",15,1.16566038441933,1.61011218497628,0.801042343756112,-0.942174118554634,-0.93903268189077,-0.832617082736661,0.0241266500072844,-0.208418224583608,-0.053158116242092,0.0121936786295015
"82",16,-0.721080067445746,-0.743724663338319,-0.270257703130153,-1.65438174979261,-1.66621653850981,0.334708043580253,0.0047021038832366,1.06427809150662,0.752772888150354,-0.0200071862857432
"82",17,1.18418206459953,1.26705524653492,0.703032307385479,0.297060739765964,0.454871995335316,-1.4253676940083,-1.36799295132596,-1.35392433169609,-2.73137331813569,-0.056532234267936
"82",18,0.873483650487792,0.739971353668711,0.823913674156193,0.923353840834692,0.0227574452747847,-1.07370149615002,1.94355223822027,1.19129073127228,1.06057133321385,-0.174488679783
"82",19,0.567006634608749,1.04238916290908,0.677166527539079,-0.599278426554222,-0.978842328346854,-0.391684214860291,-0.843355726882198,-1.45703547402038,-0.768219061080468,0.144226272267457
"82",20,-2.78207128509149,-2.80119247075943,-2.64864886798164,0.373747949545709,0.494126887706262,-0.57391445713977,2.01027195796547,1.20193367129113,0.0746578153136991,0.211794525603581
"83",1,-1.04313503142971,-1.41246589961635,0.183999944400241,-0.82350704040498,-0.50196245100102,-0.878925393483991,0.407063310131963,0.753503311735837,-1.08916805900533,0.0947535797091263
"83",2,-0.870682283888376,-1.46121926832447,0.368257111361663,0.626071957251718,1.32952942779537,1.48351840584326,-0.234921907719176,1.53439228417276,-1.13627669089459,0.0290675365786457
"83",3,-0.0675146790881171,-0.668831835935353,-2.26882620691743,0.55805432532599,0.335743210376112,1.19875390069324,1.44237571498853,0.820676412580661,0.614238209253941,-0.0280826927759936
"83",4,-0.318453581381089,1.19792494963477,-0.479186057364584,-0.265920765148505,0.248157906082224,0.0438852246376541,-0.161075276393301,1.1816572733385,-1.15978570255227,0.000856885643087409
"83",5,-0.22805674248937,0.2230012728923,-0.108703432356176,2.39311800385989,1.61336960225264,1.95660175168792,1.56035915644179,0.19212982629654,-0.303844941729564,-0.00570027180463423
"83",6,-2.09983366215568,-0.665518406233042,0.224606489585368,-0.833705060584949,0.454035309751587,0.312896413806222,1.63970900766727,0.11707787537135,-0.480691957150581,0.179869142771859
"83",7,0.0105418446045062,-1.59676141599582,0.510987004545682,-0.140483694509883,-1.07455426030514,0.724328817140448,0.470755110417385,0.0613486151944837,0.21563429493052,-0.0648639412910024
"83",8,1.00538464512202,0.785098202031491,0.0391551719971623,0.344616937232245,-0.603657906571469,0.792962501480656,-0.481419592909068,0.292883140626964,-2.25542095800671,-0.295632334927746
"83",9,-0.473680143500003,1.06653049421762,0.420585542505779,-0.209371808746507,1.18423221098,-0.485447340099608,-0.0289720224380706,-0.647166299987402,-1.26034130551337,0.0129408945801985
"83",10,-0.7005989227401,0.555190258216822,-0.756173836981904,-0.39568321571885,-1.38213632035407,-1.01224165550396,-0.351102838696951,-1.00721824357905,-0.148661234463395,-0.0653576434704561
"83",11,0.552294038620428,-0.131908062440526,0.929730583732646,-1.70119023580715,-0.78269067087104,-0.471720953872114,-1.581603321902,-0.85936612276279,-0.295670312125903,0.0402665254606532
"83",12,-0.499627677760214,0.53172237759616,-0.334848183149146,0.262757546875815,-0.388874028259009,0.33607207658391,-0.925927681827737,-0.620132422743838,0.507310109520658,-0.141430934339139
"83",13,-0.912084494966034,0.407409028732191,-0.803156777927761,0.103248457473522,-0.38802125090908,-0.551669143239425,0.0544594375979499,1.06617232804816,2.05260183064793,0.138770868823184
"83",14,-2.71417446311821,-1.67578721298465,-2.20982841926961,1.59719087601897,1.16573561886595,-0.610776467250422,1.27326101331185,1.24444289965567,1.29904228934614,-0.0509633317893545
"83",15,2.14666056756743,2.02451785298008,1.93660758296139,0.319667692838038,0.905105931787189,0.674354658522232,-0.757870497713996,-0.0187135045672073,-0.466564877763672,-0.139400555481775
"83",16,0.450396923448435,0.817036168204858,-1.11984592311552,-0.760994104331937,0.683650884912568,0.293492556764716,-0.411899295957249,0.503823388873274,-1.30974688409563,0.134024037894207
"83",17,1.43877633745911,0.885530203946691,0.47291011826361,0.969453276390077,2.4483532882703,2.0254787436304,-0.968152055873505,0.189815213250571,1.01181953871848,-0.0953348090280868
"83",18,-0.297560986238875,-0.14814728336048,-0.472375963766225,1.6270982869399,0.00180433561422636,1.20989505731987,1.33065937897388,1.74624812096693,1.45083696800252,-0.0486909322452086
"83",19,-1.21156072822884,-0.914478770714336,-0.592988448021036,0.0546192754685882,0.363314069582756,-1.09838785335989,-0.174571004320101,-0.641392311486734,0.0572429439212589,-0.0233570052440922
"83",20,-1.07737439514182,-1.27435409215184,-1.14785121829619,0.791571934183287,-0.357068154890128,2.22271796479934,-0.778938964498523,-1.03449749988718,-0.660752517429505,0.100929457550655
"84",1,0.486155673602793,-1.76748746321936,0.464874237164973,0.909219599520228,1.53913646574548,1.43856293259563,0.874712839969779,-1.00744092104788,-0.242935072547511,0.0163287171895851
"84",2,-0.342306205728665,2.11745546578474,1.5867727084815,-1.42336785472485,-1.43794751949855,-2.06812579658057,-0.222873697474698,1.54626925310061,-0.377709044669811,0.0872954527104998
"84",3,-2.79486501641962,-1.0155559312121,-0.0144644907221789,0.281080962351339,-0.265961437016903,-0.836629754444112,-0.0765018165461889,0.569771774060972,-0.885832823398977,-0.0552890054517245
"84",4,-1.75951221515364,-0.0966241789731411,-1.6954288357414,0.50614906214766,0.561079926637884,0.108257189333152,0.615561317455242,-0.197846603232857,-1.24619288612003,0.02198016961427
"84",5,1.50760956078938,0.596292219211076,0.8332178723287,-0.732294414276826,-0.171742990048583,-1.30649138831955,-0.518978041455575,-0.83159310579275,-0.0721129142818856,0.0820005959868832
"84",6,1.18536146953934,0.972012351031558,0.794874422438534,-0.353864588747319,0.505450840174454,-0.11678653369522,-0.0284692995648331,-0.575572638451415,-1.93188339093785,-0.0162534980224924
"84",7,-0.997178881117568,-0.682397770243322,-1.74702156481526,-0.988803472405934,-1.25999972355622,-1.06782776971316,1.55244553906576,2.32192649949286,0.101342846571085,-0.0191141550625593
"84",8,0.808474024372492,1.41171315204862,-0.611251440333464,-0.0963330760971372,-0.206387756753947,0.654393820425669,-0.98431819745294,-0.463724502622301,0.295353736760356,0.0313746829817502
"84",9,-0.0789335297394212,1.31596406530879,1.07703468865105,1.99965036315981,2.34199498568185,2.27421920659163,0.508250466864339,1.29286259276512,0.845385708230103,0.0491972216120351
"84",10,-0.468407761323811,-0.195141488925088,0.302248564246638,1.27642252246749,0.870455310597823,0.295513619390464,1.66194317738814,-0.145968617264838,0.975212488771384,-0.00736313787400293
"84",11,1.69184927614727,0.648363639182306,2.81670048835927,0.755498822533574,1.01035270435327,0.470601757213518,-0.38883404564378,-0.666109065164749,-0.956063939647544,-0.0723577736417636
"84",12,-1.06207777707624,0.305892383462984,-0.732537828019795,2.04540416955963,2.02667334448185,1.43941686454885,-0.19934201592805,1.34242220463117,-0.0806263031915086,-0.0222835016366434
"84",13,-0.882562737938079,-1.46887660084968,1.02722320999364,-0.803899699337908,0.487200822120459,0.343612448041121,-0.761890129573893,-1.61114900955888,-0.878874835684901,0.0691089196927362
"84",14,-0.141872147232469,-0.812415990363709,-1.14587976962216,-0.70957960526867,-0.385197262341098,-0.800855785366713,-0.523188841401807,1.28433279103432,0.182088414278883,0.0945720329688864
"84",15,-0.847549346889897,-0.733210233842664,-0.215714176509849,1.50955429031909,0.78259189093838,0.756091350113158,0.085723291261447,0.865399599492741,1.7521576004527,-0.171735163969938
"84",16,0.514445108036457,0.263839581253398,-0.793599857487944,0.459087366910317,0.416956385884551,-0.906340356001555,-0.217763919354524,-1.17694512645561,-0.778452208838542,0.13433129736774
"84",17,1.28312770886327,1.36453078573402,0.878096592356698,-1.31428369683905,-1.0979436007294,-0.216231649725133,0.345922581056793,-1.40066053395052,0.5429959417369,-0.00148480080167381
"84",18,0.00477357908241502,-0.0147568801376431,-0.0148985868074769,2.14962265632268,0.928825486727187,-0.611446850756628,0.217858004571605,-1.38595375579426,0.185063601163671,0.08922961411153
"84",19,0.295341726782314,0.338455649150896,0.095004270480372,-0.56647053893034,0.653143656203682,0.495404893553461,0.68426501137112,0.0651966437418732,-0.563377512623924,0.118365214721497
"84",20,-0.505762300786807,-0.806938544664378,-0.390592274790229,0.303497252657091,0.87212171123562,2.35819050067919,0.952789010716312,1.70911245314463,0.999149538062542,-0.0258700878249047
"85",1,-0.262969984638023,0.459240400560019,-1.30275920794216,1.97535110912459,1.8961338882557,2.09106356080535,0.634694700235824,-0.0340249170423989,-0.98025920916531,-0.059145204855074
"85",2,-0.317356528898538,-0.175783031379968,0.703849709519384,-1.39885334707319,-1.52667859169963,-1.23353970489614,-0.0787070396952934,0.0652472642411166,-0.40453849605755,-0.110649431815495
"85",3,-0.0554399472026769,-0.634750844422605,0.0338175402090439,-1.81635825632244,-1.11047289213148,-2.30440077891334,0.223196846275726,-0.272511887440804,-0.0471711954282519,0.061949398558999
"85",4,0.300090440253708,-0.416841078082261,2.44470484248745,0.895759953019332,0.44512505122973,-0.35289157533319,-0.471367798618482,-0.760012779852298,-1.62343955802706,-0.226230165375948
"85",5,-0.0993599383514398,1.919978346763,-0.0526265153665014,0.32335038582621,0.00317670519452611,-0.0425429145557691,0.217935302548834,1.64240072653884,-0.872037515390603,-0.0390427633185442
"85",6,-0.652396308666063,-0.35145750838664,-0.577983574475084,-0.821106416912513,0.059136202234808,-0.972845559511168,-1.07010158433852,1.09181259155179,-0.103224538537662,0.29470630242092
"85",7,-0.286404263992669,-0.896885783378873,-0.283665235374436,0.858408866880478,1.06611624213938,0.732064587919809,0.262856289148436,0.598184484900998,0.892500585132697,0.0152789912247141
"85",8,-2.56100826710153,-0.163713450289068,-1.34705482428689,0.196871209207746,-0.875713766683901,-0.877660002054333,-0.869095659196114,-0.056329715625298,-0.00961108079262513,0.104855191990941
"85",9,1.37882118792311,2.57094162498038,0.318997507051976,1.69300199814129,0.321971266675898,0.367430841472685,1.35840318358514,-0.0503069334241124,0.892224635680045,-0.0827547833395738
"85",10,-0.00727648868924646,1.06642973671215,1.19890567237281,-1.23386969266324,-1.1263596262842,0.183649065216151,-0.255197875753836,-0.187781572257426,0.679559865573925,-0.0607229114457471
"85",11,-0.664719363434311,-0.123986563385364,-0.370191405568841,-0.861807598142052,-1.6531767589909,-1.63563404376513,3.0330299867764,1.46959993259315,3.3926799634192,-0.0301128263401033
"85",12,-0.403571141413788,0.357360778074917,-0.586536903412188,0.379441214780659,-1.3538561274614,-0.0348480619217955,1.06092912907311,0.0646334808418443,0.501383863749603,-0.0966781090967238
"85",13,1.03602929783588,0.73795132338727,0.666731954272139,1.24055791218931,1.67102286667531,0.852867567037026,-0.364680925021003,0.579790803046845,-0.166070028449832,-0.108940499418108
"85",14,1.48778567008987,1.37890412641184,0.925066376967491,-0.34799535015575,0.365482820469461,-0.671554604686331,-0.689954954160986,0.0855108295608339,-0.286920360852669,0.0690218667656326
"85",15,-0.969586296938599,-0.816434617290322,-0.417223776376552,0.840611255967577,1.69734126732424,-0.542157044380391,-0.385167561316642,-1.98592335676334,-1.19013179664218,0.0500318718439405
"85",16,1.26625486670198,1.28357680698158,1.60187512570597,-0.81314667860228,-1.2005406685069,0.123906560051749,-1.16977774268733,-1.22225202064424,-0.0607093332727318,0.0537738356529534
"85",17,-0.754275338788166,-0.0682125780466756,-0.510240578655204,-0.155217198780088,-0.65914087528799,0.0208655684181881,0.775592151419869,-0.581956633410188,-0.387095362747913,-0.0400806010451907
"85",18,0.40248417328701,0.0547197339835139,0.629552230174672,-0.851625452102897,0.36380420952974,1.68611878872251,-1.0804055598772,-0.376133921601986,-0.0614226273675364,-0.0151532251511165
"85",19,1.02098320801776,1.44502550889387,1.13297653152379,0.587474603058944,1.29857616884503,0.470030744905928,1.16503695035305,0.117024505100212,0.91290329268944,-0.0910535953825155
"85",20,1.18590272408458,1.15278733674415,0.976666203585673,0.200511668179439,-0.119578781399375,1.24780985619512,-0.504175503793623,-0.696604718878323,0.686875970840218,0.0973287078100511
"86",1,2.20762143716643,0.0896635507168968,-0.572476145352107,0.593829632535568,1.38529961638095,1.01752978663596,-0.996412814713793,0.644183518767144,-2.39449208938093,0.0804747664739487
"86",2,-1.29319972023424,-1.29021444064581,-0.222228323035193,1.16430658915501,0.44456378228537,1.65871664626526,-0.243494571452242,-0.545509250324202,0.758281745805866,-0.180165465750915
"86",3,-0.890025496363783,-0.594655571870534,0.367999560491541,-0.233783820721279,-0.132761484712946,-0.140839043559288,0.952231639948248,1.57168824168033,0.422267382908317,-0.0839995774137845
"86",4,-0.00772961366577504,-0.667411979479114,-0.453234922912625,0.467626051083842,0.80329109225876,0.0790271723212843,2.05847162902472,-0.128339438587322,2.20382596851374,-0.00750231314555718
"86",5,1.62790062623605,0.475296687332488,1.68432498567881,-0.940760029481281,-1.68815154829208,-0.541760593587868,0.0855437491647141,-0.232278048279782,-1.18193228251445,0.00290655953914014
"86",6,0.554691227198404,-0.000342152592513328,0.458960904407791,0.698800484189261,-0.178643342689001,-0.202237625567515,1.8415172527315,1.11147025602836,-0.154280821830396,-0.0363894060455435
"86",7,-0.600196812207706,-0.645362960284022,0.271128996109286,-0.594792848696637,0.934335051988373,-0.0906336675683298,2.84325191048291,1.18311343468161,-0.837898438652757,-0.16294330423116
"86",8,-1.20980076870547,-0.446010657789711,-1.8788578268863,1.70844804013822,0.451737915823356,1.02052331556748,-0.760715296384611,-0.342230414289512,-1.41257297006652,0.0149500837120311
"86",9,-1.34135951459393,0.631438122696953,0.9713060193687,1.26862488059437,0.860260762981024,0.811037086033533,-2.21307411714403,0.12808706605575,-0.607608561491981,-0.0313046858889748
"86",10,0.991158004435506,1.0637563664996,0.946915970644944,0.345212084412505,-0.857245386286325,-0.948365109031809,-0.271062022039602,-0.310096777816497,0.11561119451177,0.05481455819169
"86",11,0.547244930687009,-0.338049654327397,0.254887940408086,1.35407641288853,-0.437351552593965,0.796230355710559,-0.172958657883685,0.0327852326005127,0.532394659132634,0.100071205822452
"86",12,-1.14464469754821,-1.04124285531695,-1.29038641472416,1.44338879338717,1.35049395825633,0.923242469527844,1.0645534985699,0.864613077042212,-0.326329406007693,-0.0349072583569799
"86",13,0.848763988171013,1.55393160828749,0.0354205803213656,1.04140884915453,-0.551614816319778,-1.11677880390517,0.437234159565366,-1.29745571401019,-0.693485276604444,0.0261161239900434
"86",14,0.250332535119092,0.0315770353049628,0.0694290840436853,-0.800640499825575,-0.167093044079303,-1.07438456974225,-1.35898753574491,-1.01557102688083,-1.24679050189508,-0.155860392336456
"86",15,0.572673468382243,1.09222988143486,1.24799946986439,-1.88026126508934,-0.990626485948026,0.149776696187512,2.05465670741445,-0.555539027540539,1.01381071568844,-0.15676964239013
"86",16,-0.585606063953098,-0.740402817506798,-1.32383873332967,-0.77391450922705,1.6329105628185,0.439682878990011,0.165581178592819,-1.09393464325671,-0.40937779080978,-0.0538624246686421
"86",17,1.89048703872562,1.87978519567453,1.30270196222387,0.557387091839087,-0.592498521543551,1.84108391080703,-0.358127607328693,0.331180612788608,1.0972559862328,-0.0841710920471107
"86",18,1.33015789554934,1.23192795570264,1.25407655146959,0.463047159038122,-0.207650996600074,-0.379037752930132,0.620335502575805,-0.669484324165092,-1.66351247010657,-0.0775741918798698
"86",19,1.81312054153278,2.08616027394628,1.92117552806135,-0.780982594327702,-0.3499487356239,0.176546326796535,0.25666334655034,1.29515464722582,1.14011736895777,0.0961069493537783
"86",20,-1.67176636879824,-1.72173861467984,-1.68075029886764,-0.623220192856631,2.56957868147615,-0.35894879009278,-0.539925154076096,-0.199286997602758,-0.893745234747071,-0.254210535446171
"87",1,1.67399200977821,-1.63753469686069,-1.08626956756343,-0.164763184719916,-0.0169097168413254,0.224173838284802,2.20284016247754,-0.461238851357134,-0.0111532263448334,0.0938215609008504
"87",2,0.749755817309298,-2.54787880159444,-1.86560364810207,-0.0665985136654022,-0.10360132674649,-0.503180011640252,-1.36535185064398,-1.91266757560714,-1.07861102596364,0.0470282049227977
"87",3,-0.664193679110997,0.669618198164516,-1.36715712591187,0.551310897659206,0.629337653704778,0.459782600500098,-0.627120232841556,0.707883508290361,-0.664704194934705,0.0227717427447993
"87",4,-1.0635607692194,-0.35097311448287,0.222690774215964,-0.116071834275624,-0.139189979193127,0.324103930853204,0.240938046810425,0.63997543597378,-1.91140970470163,0.0584481345873487
"87",5,-0.981825096161103,0.143368678428528,-0.39680503923655,0.674700863190607,0.670285696252641,0.677228671397081,-0.0704181970488587,-0.456483822970394,-0.175492831437006,-0.0984723574319391
"87",6,0.741782799344374,1.22221515740229,1.03598081547772,0.0199200208525606,-0.405437109156287,0.316845041197585,-0.567522390277772,-0.0592343875529836,-0.502569460978826,-0.192009113206192
"87",7,1.37786875820834,-0.325018267782626,-0.576485076084913,1.33651629160117,1.27508863493245,1.30279150032757,0.212933741185482,-0.79635922321034,1.71062836456351,-0.12544263342383
"87",8,-2.66913054881085,-1.31829038461082,-1.98285734636411,-0.594060309500169,0.877236151295446,0.102013553092841,0.436354521643202,-1.66682977965066,0.619985320167214,-0.00101613663091823
"87",9,0.371033028405295,-0.735160665794404,-0.313074125749682,-0.0552827492240769,-0.538290914940651,-0.967944071443905,0.51987917282429,-1.67548339973513,-0.799852871543132,0.0480055577493709
"87",10,1.841409506344,0.1162225188663,1.05556962279362,1.10868079678533,-0.604851568605248,-0.056723107402995,1.67924427608828,-0.49517765186973,0.642125188713847,0.002249940177991
"87",11,1.09774138804492,1.00970079118798,0.369850149716537,-1.00048726126113,0.50126356120836,-0.596371374823316,1.11763672946389,-1.0575738607762,0.0178323862434612,-0.137827082962446
"87",12,0.250093496873116,-0.546264225604037,0.0889482777109277,-1.03171434028261,0.502104584994519,-0.455797635247192,-0.00382883760937072,1.42513389831595,1.53496697419414,-0.0436147139780482
"87",13,-0.928903629853557,-0.288435536929719,-0.0646887385756966,-0.294823496400498,-0.121110908320708,-1.10271403144523,0.0444803883893735,-0.0949172091873514,-0.199970460631141,-0.0574254199267202
"87",14,0.99730508585008,0.747456754778289,0.385878120936559,0.27450879836187,-0.862160419263487,1.8151051628216,0.610975696856752,-0.822641602946819,-0.152913646733983,-0.0504894881328814
"87",15,0.0714761101947744,0.264274131714621,0.139924870801256,-0.691690826505829,0.804232531939177,0.483643855644884,1.88795031019911,1.00104304424495,1.11041864336111,-0.0870036195799995
"87",16,-1.52255265174288,-1.18879109892943,-1.20078458957685,0.555799982909903,-0.422114728691581,0.463871681512663,-0.37216144482961,-0.14209781750972,0.0177908335298722,0.083685918790326
"87",17,0.00983358176557664,0.670963180157803,0.328647534500821,0.981966761650841,0.145640519679032,-0.901828433078893,0.159637380238615,0.925443532401745,0.59392922499405,0.106326909168139
"87",18,1.47504362927485,1.0962289929748,0.982827269608337,-1.25846707851632,-2.4420332186022,-0.0872013539988208,1.2772873479692,-0.68426329281342,-1.25683978221699,-0.168532317396063
"87",19,1.5296918334869,1.71354028899109,1.36097693082099,1.31004322936911,-0.742060575992865,-1.13983231200343,0.149616987637458,0.348925211011279,-0.625752888132384,-0.0674094556786064
"87",20,0.138953682437501,0.359845578298977,0.20970442919022,0.395436438046042,1.18656134105158,1.15686792923048,0.799079691989218,0.258456781889059,-0.37551623519187,-0.0075890111378572
"88",1,-0.905071343346733,1.55192173245089,0.291234057819512,0.0339287945087657,-0.432092384310296,-0.0954362625397681,-0.178776123778324,0.522109746480886,-0.640936857159489,-0.0252074005937117
"88",2,-0.0519051055509731,-0.254904742672593,0.149837057353714,-0.950126565704763,-0.800662371386203,-0.867261288069157,1.90664064096724,1.17997029946042,0.0540901671594295,0.124959583187807
"88",3,-0.446898972149002,-1.24951089441444,0.30849628727055,1.22451706056727,1.48813779002175,1.21606729988693,1.39801709336398,0.999855552413996,0.254390781033087,0.0499459357885231
"88",4,1.94015553045855,0.40344568358734,0.357060476770629,1.72945609278918,2.07437841277254,1.60848928006214,-0.378998632635709,-0.222611321484742,-0.58333126923533,0.0935396470449717
"88",5,0.112226608120884,0.506343478943124,-0.372473364718288,1.79552161355523,0.277993584956419,-0.000106451343610814,1.38943531360118,0.935877751989258,-1.06331464628216,0.0233990923257876
"88",6,0.766496596932107,0.855144452890095,1.18995995428607,0.249466092995589,1.02642729937339,0.355157570623476,0.99404140952906,-0.286153333980774,0.410525179953293,-0.0387772342120312
"88",7,1.03811940875244,0.864099899322826,1.53786006120653,-0.409183290998695,-0.238129174256246,-0.155818372466654,0.0244922570512696,0.953619157609997,-0.409559572767139,-0.0855113880181755
"88",8,1.09949360169117,0.247969715020739,1.1470690423526,-1.37554273837619,-1.13482566363675,-0.909544366120431,1.63403310153939,0.170057544501648,0.230291140514611,0.109072829591397
"88",9,1.75660794639294,1.26670721350107,0.80930724482682,-1.02695564781898,0.0539453017343728,-0.110522042548578,0.71837589270399,1.04358682628414,-1.62650366996869,-0.150665572271508
"88",10,0.00675725629700039,0.186119151335608,-1.03390510988307,1.88423607502389,0.986985784995817,0.957858535094015,0.00504764714053815,0.708290820969233,-0.684337782122774,0.00291142586652837
"88",11,1.03375668179379,1.35976660041821,-0.363142546924332,0.443780461607799,-0.0782959003531519,-0.499478573188013,0.990626717595269,0.592552786198457,0.195119208237626,0.135825257411395
"88",12,-1.6424359306102,-1.35763907594077,-0.809298122287584,-0.284106428344373,0.409329199750182,0.513761403348715,2.33449403215715,0.594025159426836,0.545386657373398,-0.0284103726016462
"88",13,-1.60689032771365,-1.05586253639626,-0.602526295064739,0.855084187898126,-0.862489469273026,-1.34685073531347,0.569208918906797,0.201366318761402,0.558880071376422,-0.0780223461868837
"88",14,0.638700661405383,1.10292333102347,-0.396547715899781,0.777811296681181,-0.241368743765728,-0.328243621605622,2.06288986595353,0.270793913420199,0.681729705313227,0.0391112655280229
"88",15,-0.0382640305037546,-0.283567742061139,-0.409488114363179,0.922163197709659,1.30411073481029,1.41168111185637,-1.748465282952,0.700914861393222,-1.68848269142185,-0.113365310106329
"88",16,-0.917135388454639,0.0918398452176837,-0.465975317763554,0.280934320207392,-1.39463815415089,0.780520587980615,-1.64737976614041,-1.69734106090428,-1.52265149312068,-0.133971493791672
"88",17,-0.0480404539700853,-0.0189260296358625,0.0166512223747878,-0.329313167306976,1.45281876029098,0.870172378193853,1.20261595224367,1.43372418510602,0.0902538997153955,-0.106108867564153
"88",18,-0.743000462065382,-1.14217460739073,-1.57372426261246,0.834753952553345,-0.188676801697167,0.059140886135566,0.00786609890704432,-0.590118610432734,-1.67961731148045,-0.00687893895833895
"88",19,-0.602593001182997,-0.954869809912062,-0.593566598748706,-0.0492624560759634,1.85568164902618,-0.0515527403229746,-0.52511463486411,0.666221033057599,0.1601094223979,-0.106990075838929
"88",20,1.72220744351287,1.83137263665532,1.49436634153976,0.127662806512936,-0.793355309051481,-1.89908035528054,-0.224496341827423,-0.653691153071993,0.269147037896413,0.0268691922331157
"89",1,1.58711018440621,-0.822075491887222,-2.09267771377732,-0.11996133353498,-0.821502530300896,-0.350919024135965,-0.922746288987131,0.304083544593934,-0.417411491206854,0.262814227595568
"89",2,-0.938878768586181,-2.07339671489394,-1.08846292302207,0.219252059504986,1.09153936924642,0.556605622367164,0.164927649014962,-0.690542346674372,0.723577852681311,-0.0301867412892117
"89",3,0.676604427105911,-0.498660715616312,0.445625293353098,0.238012330324856,0.270367999758262,-1.18820577315913,-0.0503314573114234,1.41377861855481,-0.0870237073589407,-0.111972302202307
"89",4,0.568067709955024,-1.49875288040175,-0.713731993522742,0.0941772282484092,0.962011650209128,0.835823733912513,1.16918822018545,0.777599076123318,-0.108801108815972,0.120817986269452
"89",5,0.923314786639387,0.104991971202082,0.758947090124842,0.762654230038413,0.507718199070405,0.201869942414146,0.911770743797707,0.262281696665097,-1.49833458058832,-0.102612320390957
"89",6,0.141368790003323,-0.506324783667778,-0.677570529627896,0.762214837531774,0.544409558577784,-0.169664233898743,-1.86993122990223,-1.28134317060641,-0.15843317718856,-0.0871460695490515
"89",7,1.43843370379121,-0.243770903653496,-0.193506059133356,-1.60818722456276,-0.64155682561949,-1.0037038955035,0.470607835470006,0.633538009071226,0.0309559559349958,0.0886278777903584
"89",8,1.52536517824018,-0.358858022167877,-0.807432349655778,-1.783132630391,-0.838328262645665,-1.97753282667231,1.49659809376086,1.05749547283871,2.04095802059757,0.0748054316051662
"89",9,-0.757770848885532,-0.500162388146233,-2.54793303033176,0.172338046962542,0.814490182275086,-0.953245209668254,0.0883971641941287,0.75540680047043,0.867946040234587,-0.130118286002664
"89",10,0.196723732922916,-0.347007132098848,-0.255760913836214,0.866371882036965,-0.609500096262184,1.68373052657752,-2.23278728804149,0.572392376870243,-2.39285541578692,0.0175234875465162
"89",11,-1.2068881326863,-1.20248552231807,-0.417588094453722,0.0607996301498052,1.26706076921058,0.717432295641298,-0.775963552782464,-0.436763581691695,0.27382170864586,0.0153863323088454
"89",12,-0.633607372970438,0.0918569829755399,-1.09420266814525,-1.70489266505672,-0.353549085036446,-0.600847672030686,-0.736398289180655,0.469231344439177,-0.704347652269543,-0.00484381548638435
"89",13,1.26701336794854,0.10530806401966,-0.0648546695359057,-0.646013817921486,0.100080394774415,0.381138356555778,0.996397413523985,0.975134670998239,-0.71454969072997,0.0524833584929393
"89",14,-0.0971632349156521,-0.834133776493247,-0.280826172752051,-0.647976483865019,0.176789266887997,0.109415370039066,-0.141840322137546,1.01166224040877,-0.330201239049724,-0.0589715077907989
"89",15,0.735515960888252,1.00975654354354,0.0630206993378752,0.021554852549403,1.02955197184152,-0.359648359656735,-0.233334243970007,-0.202036368064498,-1.21553097553955,0.164924286142649
"89",16,-1.03146010945802,0.264256760098209,0.748336332710357,-0.721211545027353,-2.05096674244301,-1.79666134981434,1.34210017502443,1.11018374541308,-0.207370946489657,0.138827932985909
"89",17,-0.125513233086528,-0.440964519490113,-0.56323898440298,-0.4864004621526,-1.9450170979736,-0.293559765421034,0.45020947478439,0.589664617945391,0.458115225370277,0.150814398910166
"89",18,-0.25000795276558,-0.171062597394772,0.243316955051544,0.573147166939017,0.267322170194147,0.386159083492478,-0.880573665391609,-0.157876283022433,-0.12399577472524,-0.059745612653177
"89",19,0.66953171825464,0.693109038956432,1.50955023626754,0.999855037364719,-0.636093159164292,1.73906086308029,-0.519655932583251,-1.17668081678033,0.435708686503881,-0.0955849855849851
"89",20,-0.865196753858676,-0.931135431181559,-0.887538298511861,-1.06132130313145,2.15945906451769,0.300683905919803,0.00285704393066871,-0.887294259059793,-0.516799185418723,0.0233143834458977
"90",1,1.97495152288642,2.11090694151458,0.361691060871824,0.738992331632947,1.01797013302822,0.567005023220008,-0.413807268710886,-1.82234274438744,0.548546878857815,0.0443665582994062
"90",2,-1.19543793972731,0.583313266036202,0.409823038364862,-0.755746579986032,-0.655023852150723,-0.951701137916958,-0.54060059921607,-1.70306114584184,-1.33858279786515,0.217371153933396
"90",3,1.27489439403643,0.320662489541451,-0.143391272888127,-0.248179238988807,-0.0473142656504989,-0.241663804166901,0.0495364074045294,-0.0113546761209229,0.84515877866801,0.0664485096743781
"90",4,0.705010544415108,0.266401957347157,0.132272580565766,-0.916681307623929,-0.293316302140063,-1.09061783785209,-0.525337812570435,-0.743250480508058,-0.220707392490698,-0.0855415625351821
"90",5,0.00788415627743838,1.26860459227482,-1.53719710170217,0.572943797874604,0.46706167346809,-0.0884374467059477,-0.274000775452315,0.246715037533126,0.221593029423493,0.189574550001141
"90",6,1.16331300292329,0.936311294077463,0.393053651049662,0.912360265444931,0.0370360651941201,0.401961392756406,0.00598832162098292,-0.147505726095978,1.10543169664621,0.0129352137665917
"90",7,0.409338121356457,-0.674940464351942,0.790010084787035,0.160957791143979,-0.804973813923134,-0.98020486257111,1.32902802759226,2.43828973251988,-1.52086172936246,-0.098184979519078
"90",8,-0.873183704190558,-0.47672172513098,-1.73573271555307,-1.27661482705489,-1.06857389025573,-0.449988269986323,-0.81291535799918,-0.560721190180846,-0.044795111112622,-0.00444407332395716
"90",9,0.117604424336625,-1.60210186372593,-0.471187124166851,-2.75608578502302,-0.900631713907814,-2.72726550263297,-0.355932932325251,0.911618519535979,-0.664278483785052,0.0979021971255384
"90",10,0.330737342076558,0.315088578777018,1.77698349478002,-0.878779145586209,0.212677732109041,-0.611733614117849,-1.72438387781472,-0.685837278873749,2.13210429652339,-0.102944322857546
"90",11,-1.15049964123001,-0.640804781435002,-0.471647611275549,0.592521430010452,0.603456207753605,0.278778624199445,-1.27422054738039,-0.410997374637092,-1.00770319564226,-0.0120293901350183
"90",12,-1.69785362235391,-0.24287911370657,0.266024615183557,-0.357953096221101,-0.513191589800601,0.985494640264027,-0.338699980152842,1.72015118968366,2.02593873648998,-0.0329691168124181
"90",13,1.13694799665377,1.41753048892879,1.71886057612648,0.487941058028758,0.371028472614669,-1.39319649563001,0.714221920950616,0.0752348216778279,0.626582822390364,0.0150461184726268
"90",14,1.92183446712574,1.65653687494218,2.08064150326483,0.205036284396641,0.133509003068836,-0.0758866781486513,0.396150605138583,0.795956585212461,0.687140911000054,0.069415906645847
"90",15,-0.699756128661395,-1.30607274700152,-1.18800521869338,0.916243901268498,1.307786504931,0.775443650270362,-0.716604790190719,0.310185457584485,0.756347819837548,-0.0470494019013802
"90",16,-0.301268922339462,-1.35834690800963,-0.815747656333248,-0.950868086474805,-1.8372430166043,-0.017638155052225,-0.906438127948458,-1.5649736392381,-0.476868257180129,-0.0592443604721567
"90",17,-1.3391456568358,-0.868743621440181,-0.350762851745771,-1.0964431693429,0.13390017113998,0.106898333559006,-1.75805984556654,-1.24761685664286,-0.919836162812279,0.0968630724654056
"90",18,-0.0504379344010638,-0.234805303149101,0.0131534454594552,2.19691253172877,1.35179932057901,1.4145212080589,0.243380132510355,-0.86533590487404,-1.43112656088941,0.0368207013774911
"90",19,-0.0912193146876979,-0.111010411459918,0.417566449103674,-1.56959697097153,-0.344864491702699,0.865880645984133,-0.811044264859457,0.257241418786048,-1.11621204325034,0.0466987957334872
"90",20,0.379475447214599,0.350504708895374,0.330750011051929,-1.46221567408608,0.802770332914365,-0.799968736546656,-0.587762258000391,-1.2001476991419,-0.205451102184705,-0.00458834678175979
"91",1,0.844678657031198,-0.122467275311481,-0.11472986365333,0.0929586037969082,-0.0986382476989853,-0.299065463992618,0.502886400943198,-0.698928733366136,-0.552546493260287,-0.000993634539567399
"91",2,0.968149100587235,1.25962727789664,0.922921803322917,0.966510991863276,0.94203392127531,1.50657311753835,0.19177253374112,-0.277267072709418,-0.83324650184663,-0.0486606978240211
"91",3,-0.746543149743963,0.986225832798076,1.42369600091431,1.5885259315646,1.10089541090167,0.732630627477516,-0.0798707403152674,1.43351881912034,1.05623562545116,-0.0431249620357952
"91",4,1.25165358746534,-1.09118157479055,1.8470358557304,-0.863737317915298,-1.09291479501597,-1.68631963535172,0.0386922963596427,0.972621052311345,0.777142928138434,-0.205593551331359
"91",5,0.532747471875333,-0.234421988361437,-0.324034152477201,-0.106410626430595,-0.566622697037663,-0.531190003933344,0.357932604789448,-1.73335366219616,-1.26800580064276,-0.0443148013944514
"91",6,0.970564110749328,-0.0464457254257561,0.548686385086359,0.247574929014362,-0.022755841457608,0.0916712467673654,0.335959446248062,0.403645591351132,0.945805973636022,-0.00497891697816648
"91",7,0.896330889306832,-1.99105613701503,-0.865034383708223,-1.10327308973468,0.252076937748224,0.227750044741698,-0.307019950917125,0.307069909385244,-0.7480908282914,-0.11266216783229
"91",8,-0.331777404073437,-0.276328547409021,-0.469124034900878,-0.75260313215958,-0.207166667527842,0.271004578213166,0.982584965092858,1.70455035431664,-0.398346186716889,0.0359165312078285
"91",9,0.488145523287704,0.639203361813226,0.850215829115598,0.404376005138825,1.06294439788334,0.546322586437923,0.732748463670435,-0.856243725166562,-0.986023408660352,-0.0497840752609
"91",10,1.45003546289088,0.561430750510743,0.317644288393744,-0.0313260698110688,0.296470921866794,-0.331791224188656,-0.163175113229585,1.23266816061665,1.13744886292808,-0.0309393322695472
"91",11,-2.46006029790244,-1.58404002602155,-1.83297000802225,0.67556891326431,-0.105273452172914,0.271260898984805,1.13995198468145,0.79461902867987,0.426258465711569,0.117134321081787
"91",12,-0.755061196252864,-0.648462909543235,0.492483725789515,1.67153587092037,-0.339418850169686,1.03081795559569,0.910873794399438,0.082918334983517,1.70919431016496,-0.0391618128932334
"91",13,0.0051692781079516,-0.746417945779292,-0.431507035261595,0.204418502046479,-1.74786547455743,-1.0274598170311,-1.97564079333012,-1.67119440035123,-1.40509748828143,-0.00573158094085328
"91",14,0.727198363197954,0.735882684078617,0.658739235991743,0.107282041226652,-0.575753569973287,0.965558189581432,0.784448366043809,0.611699067636927,0.576852174128301,0.0614953321792365
"91",15,-0.0920087388227187,0.615864701195548,-0.492842916351919,-0.661146850683801,-1.13860492033235,-1.8773704230388,2.04594732112311,0.256517321659495,0.523134770451511,-0.214339547432728
"91",16,-1.66220382642178,-1.56038739936192,-0.932938830513851,-1.47361362798598,-0.502340280349522,0.491098743088647,-0.95272626544336,-1.36611360093843,0.616940225799601,-0.149286410443949
"91",17,-0.0733310008815288,-0.45837082099924,-0.883167448214203,-0.581084741854552,-0.542948646220603,-1.23989415861563,-3.04037881035382,-1.59689939870084,-0.393306003805936,0.152562555094417
"91",18,-0.449939869380649,-0.618238460624636,-0.473682818631249,-2.21010413033328,0.767654067779236,-0.344728321802196,-2.31334887219598,-1.27036399414466,-2.50585161454719,-0.0132232994316726
"91",19,-0.0992273670369673,0.0480515311808858,0.967212728205688,0.394588524448682,0.579083396926492,0.396938838065696,0.967955556718188,0.0411135701526817,0.581170787626924,0.182482946816683
"91",20,2.40841702936757,2.71695067440342,2.42987044683861,1.48348974510309,-0.102620501878832,-1.19861711970723,2.06008859906971,1.7549212269418,0.221192030201196,0.014648418331861
"92",1,-0.0192784857473051,0.606072689709686,0.54346995835128,1.08236202530923,0.643570766118625,0.975596504086395,-1.84301729018871,-0.882624139549316,-0.00997644588854983,-0.161057743133972
"92",2,-1.00253157383968,0.872866776740722,-0.448238048014366,-1.10250519492402,-0.859558989289645,-0.754353238166064,1.62278853802997,0.575061200756247,-0.113643805640937,-0.097961434095666
"92",3,0.627494269130837,0.568689562433163,-1.67740366050769,0.196811277257842,0.368281747679191,0.0705105755057596,-0.775595382094105,-0.916616120282145,0.614324203588403,0.0433966596969863
"92",4,1.64427438526958,0.816522905141807,1.01606870171579,-0.584215109479092,-0.183193359863475,-0.92344627401516,1.10505770322531,0.938990272012536,1.08690740234726,0.0477667685197527
"92",5,2.09375046699348,-0.64533269663507,0.354614541731079,0.636438506270869,-1.00787193070318,0.737912938457694,-0.720876797244148,-0.0913439620482639,-1.8287631804484,0.0272941283730182
"92",6,-0.41008373504496,0.596389329426393,0.605277931118445,-0.597645923793064,-0.392226466708816,-0.829221280470803,1.051402033354,-1.10577382240514,1.24126626563433,-0.12411365051137
"92",7,-0.13960793173772,0.180045165329376,-1.45564943546845,0.383090881626253,-0.789600176051779,-0.998099860173556,-2.02113951207077,0.827533508349565,-1.3039862136359,-0.072702632539487
"92",8,0.6585805164436,0.769932145674112,1.8603595753179,-0.429333646304138,0.23977433223354,1.06419699969623,0.999569599036275,0.206167034977892,-0.562157141294886,0.286121133023073
"92",9,1.47478297635722,-0.675787184676816,0.398718647174711,-0.885333002293908,-0.78556531699089,0.258938120714055,-1.13637761626314,1.12392119394956,0.434618910260843,-0.132591519815866
"92",10,0.17909446288693,0.214593195420201,0.4669927311961,-0.565848018250205,-0.392455530695164,-1.93182114812504,-0.0547367738445613,-0.78486216984695,-1.47203334581455,0.058864559339907
"92",11,-0.496980029854172,-0.343721149506885,-0.349322487964989,-0.184870025352988,-0.449122640696238,-0.190721117929567,-0.472590833030486,0.757473173988293,0.930592664797993,-0.114302844934616
"92",12,-0.392056598526157,-1.45696663337908,0.523363649197684,-1.82169051712399,0.186642895577255,0.999864670439805,0.00354541031395167,0.172517315391448,0.44819336143226,-0.0341449436121131
"92",13,-0.159469874376847,-0.698111650008176,-1.04755650228527,-1.0995687118257,0.382020090796689,-0.962675038418989,1.42486557573513,1.39670027899661,1.85260473443068,-0.00352524119176576
"92",14,-0.316729953759802,-2.09669200596397,-0.992063657992388,-0.222060658508462,-0.19335281307623,-0.472881788549564,-1.09128043968092,0.316272748025837,-1.41683295065457,0.103256375442215
"92",15,0.453187089322968,-0.378621294963685,0.205314028660256,-1.58056010650794,-0.538815984738181,-0.22244795933737,0.947337233992372,-0.13610193967351,-0.042260826313914,0.0367359118809799
"92",16,-1.43145317562715,-1.01274208739353,-1.43387593994326,-0.49728834976241,-1.66619794258489,-0.924018475369542,-2.26870418204578,-1.64297393597078,-0.169243223754509,0.059134029070468
"92",17,-0.129025649412813,-0.15243362616394,-0.200546135989297,-0.111895665003229,-0.41902084397756,-1.9011641586019,0.725685930133305,0.629983990133111,-0.0658952598352002,-0.105363981053421
"92",18,0.416801097766483,0.378814159619045,-0.173887756223841,0.710990430098798,0.695809594865047,0.852832858410566,0.842899999285461,0.100111107462324,0.379002887992892,-0.0533991860132441
"92",19,-0.741972054076788,-0.544995384858236,-0.73312765012406,-0.702228156722182,-1.17511106494665,1.0511435001202,-0.472448739676648,-1.21841597671122,-0.341367611831973,0.11987706361506
"92",20,0.514713810593559,0.748169872522203,0.597543327501752,-0.17814902156254,-0.0661117170162275,-0.898167796939994,0.150553558039594,0.278960007967072,0.449798369811835,0.0848171414274143
"93",1,1.17840766431624,2.06006427769394,0.480183953668256,-1.23491661644766,-1.43525693035908,-1.33700943647358,0.567321666257348,-1.25186001861982,-0.96448192281336,0.0351555336003977
"93",2,0.0851478551682621,-0.0599981308462258,1.20523464910278,-1.16713374836347,-1.68321548575967,-1.11032082347445,0.564885670118682,-0.764793633469693,1.20739985267418,0.0996396449838197
"93",3,0.587052222492583,0.904094689547646,0.416395920319311,1.43920887297271,1.31381323036325,2.01177301930562,-1.5869652302361,-0.52833919180057,-0.394307285367205,0.181435038572186
"93",4,0.0402221871653587,-0.778895446769349,-0.925272445953702,0.544682995665304,0.591561638010858,0.824009873365533,-0.401601442499922,-0.426265296214511,0.352949228515908,-0.00224725723950992
"93",5,3.14497766189848,-1.02507050898471,0.735531840629072,0.423610410740645,-0.139046123720476,-0.715330953463934,0.561972109768972,0.451306343161536,0.558383650138318,0.105152251203685
"93",6,-1.09103149637026,-1.34115133925801,-1.42709895777665,0.215890697261359,1.57180293432187,0.416484462550315,0.0615942300280565,0.82022670284558,0.448605627832565,-0.0920017245801015
"93",7,-0.0074050965522855,-0.100010738535956,-0.82435289398761,1.60988750760133,2.49573176699241,2.33438628407736,-0.345090364486492,0.603522738948878,-1.43895411741822,-0.0351390296630284
"93",8,0.172240969167255,1.67021567743315,0.693456863182373,-1.06576536726883,-0.571232163190763,-0.0478877308516933,0.01222323414761,0.292433575469874,-0.0839238216919234,0.0627200928537053
"93",9,0.275949635843884,2.30420072196826,1.48997287570244,-0.606253040548192,0.524828917585414,0.593533906966533,1.40010521872524,1.14654171525131,-0.694350259719779,0.0403451511902547
"93",10,-0.109615160031296,0.502451811707855,0.788123033075754,-0.82213117332328,0.606749356561696,0.851187597737801,1.90219763642793,1.46586041735124,0.436407089232688,0.00369960152350302
"93",11,-0.786713188655013,-0.939500147508564,-1.1656244641851,-0.67889050012901,0.577181037481439,0.269122074512787,-1.07716292582732,0.0149167183421683,-0.510703112167042,-0.0885510200652082
"93",12,-0.398068685048505,-0.459170953234418,0.641580234701782,2.56541001349298,1.75836855928756,0.577670932097806,-0.0769607273121621,-0.0984474188110097,-1.86952067648317,-0.0399855143426038
"93",13,1.44303226145788,0.485827965787509,0.807305594901398,0.469018020228575,-0.0674653248790239,-1.19710738894596,0.978233380411428,-1.83492479208168,-0.384626389535999,-0.154510037388031
"93",14,0.127136104445969,1.49231387166596,-0.394370397983531,1.929911916171,0.520615623609263,0.779571770308342,-0.68744633312634,-0.597686491367801,-0.0942244891440582,-0.0729413840551258
"93",15,-0.291053853872594,-0.75776011886901,0.161102241454857,-0.0738457335502385,-0.824539724348692,-0.286249456366202,-0.144173816626821,0.836301943785675,-1.28948827655834,-0.0546285488771985
"93",16,-0.816384348464592,-0.28378259165551,-0.305175666205862,-0.818219944088624,-0.733557561333599,1.10561221180878,-1.45461078577948,-1.32264938382474,-1.36530229053453,-0.0710428237031472
"93",17,2.3248378865722,2.47195565378253,0.903409221099876,0.173895269217427,0.889931080812421,-1.2031602236318,0.1863900643769,-0.65138606894785,0.225463257234675,-0.120506932929574
"93",18,1.25383538877259,0.748470213927455,1.04515578236996,0.680629315051678,0.596196286500455,0.31411872924023,0.316045166571663,0.663141272894366,0.893413518602928,-0.0494686055517187
"93",19,-1.99503264650016,-1.61832155172552,-1.54374999190718,0.742521784252662,0.403017258835931,0.387326563187164,0.897261639549132,-0.117090581834319,1.80889195286735,0.0965054941098879
"93",20,0.85666916889078,0.862086184411317,0.781416918143503,0.159777546535734,-1.94569309388581,-0.493807966452363,-0.922278516996645,-1.78358888357227,-0.566694862939677,0.0484003517141981
"94",1,-0.613959243489434,-0.0945272152038005,0.0490349980250722,0.786626886469747,0.715201697301484,0.930733194545058,-0.857438712798863,-1.49973205962997,-0.796685737492134,-0.135667843695542
"94",2,-0.116332264136731,0.864918069585389,1.09407396129914,-0.496300045506253,-0.787960336878753,-0.943669316642966,0.636409116500578,1.60761220359332,-0.00867156532500799,-0.101446330164957
"94",3,-1.48136791822733,0.426819623962773,1.60027176559505,0.404169290343566,0.144835500808994,0.960008298244399,0.565758793745621,-0.944174284913036,0.425477212347475,0.00525940966006026
"94",4,0.0449792757925686,0.624292442914527,1.64250954385076,-0.372591253012469,-0.253591901406853,-0.50496225040991,0.0490387461191545,1.20507220640493,-0.703382261966931,-0.0770527856054583
"94",5,0.640617433318018,0.372760296232808,0.667358141263867,-0.145207335587507,-0.924726173892072,-0.288247037770919,-0.897743326648535,0.742753811321122,0.218380231499486,0.23841043392816
"94",6,-0.3014632679384,-0.829770359585771,-1.3396181420342,0.136033310320631,0.0528650746293458,-0.0478263556792913,-0.759403477124516,-1.4701565968907,0.470408579522413,-0.103824652652659
"94",7,0.647962432685323,0.465605587677295,0.326946270667336,0.730224110681694,1.11486183747853,-0.94694856250943,-2.50192320316516,-0.653386140074054,-1.43987860215391,-0.0944188456356955
"94",8,1.18118512973217,-0.541110905151737,1.26176258206127,-0.137836358660528,-0.017468633914683,1.65431709536,1.81801885869209,0.528446510129541,0.597925968971078,0.0969362340787325
"94",9,0.122897133667215,-0.00514870252666312,-0.913333005967995,-0.252052746453434,-0.433734977461724,-1.16003284018396,-0.688655330130623,0.944828080380793,-0.0389436963290913,0.0226257285110868
"94",10,0.177254756732394,-0.664560347829517,-0.0628060812506385,0.031894481955007,-1.37957018985632,-0.00139530826279702,0.0307612683283705,-1.48753375432361,-1.6361969582369,0.0306919020982725
"94",11,-0.802934611792226,-1.02968072129865,-0.409261463537502,-0.955927266250844,-0.338318756071418,0.204004766894512,-0.50041857219468,1.26788636387291,-0.150171564899859,0.0757604492932955
"94",12,0.376947765600126,0.0331281652579798,-0.0111945890367016,-1.52779115230258,-2.04236434965658,0.174193947112016,1.0493479180875,-0.0617321015214487,-0.251700286859279,-0.104019839165253
"94",13,-0.804952192132481,-1.20888886302489,0.174587195251774,1.38900419963274,0.592328305015826,0.840217333592987,-3.02664160444051,-0.386369467463754,-0.628416853077497,0.144455507915252
"94",14,-0.847766508265516,-0.0078431129031967,-1.57511201459229,-0.908953432564466,-2.26895181700474,0.427397404857606,-1.09107687471283,-0.678464544881004,0.397824365599689,0.0887294348496595
"94",15,1.08297673744261,0.504614099938471,0.127599305968459,-1.04839952582484,0.375828813653206,1.14187433886126,1.26055301833474,0.516570173376277,-1.72159043248538,-0.0312813184467222
"94",16,-0.363337155301881,-0.452470351534486,-0.711298001922614,-1.33163121518723,-1.17194088443126,-1.20153198397986,0.928332623040364,0.507926083430431,1.99260663104898,0.0454070243456704
"94",17,0.474493933907769,-0.0710629213344761,-0.375926082888504,0.704696791628138,-1.73808424583238,-1.86976981250673,-0.590875463400599,1.18002645379207,-0.489531189132554,0.0745425416710819
"94",18,-1.11865282967289,-0.768440050458043,-0.699437277236267,0.815852822171886,0.507922886270946,-0.988345756237106,0.810162512356054,-0.755283741227607,-0.205197426031422,0.0164377253985863
"94",19,-1.19274149944316,-1.25499702887738,-1.41373849360109,-1.26032693687471,0.236458856427813,-0.129703631719244,0.552615022150091,1.02035850380898,-0.503949081202189,0.0613598576458115
"94",20,0.0401328405141915,0.374209729943577,0.331190569774408,-0.160287727027635,-1.12429674829419,-0.652284582316913,-0.870671761348954,1.30796305749163,1.07389950387101,-0.00773653142777608
"95",1,-0.890356051093323,-1.52917789370681,0.676142787281141,-1.0140836617292,-0.466763745705212,-0.678051052950303,-1.94255855733027,-0.907378583559583,0.33565973731163,-0.164504611679205
"95",2,0.976214970358332,0.0469962853218576,-0.902149746552278,0.378605866010213,-0.432950143882054,0.0824370033457341,0.65248658878821,-0.640116318460623,-0.851381669019098,-0.107598980880634
"95",3,-1.11290717193135,-2.12544503932729,-1.39584976168955,0.527793126428586,0.457837836426959,0.110274705485457,0.190063658278677,0.65214606979011,-0.370694879277349,-0.0781874112931634
"95",4,-1.00353626744234,-1.58307872813915,-0.0793470580529307,-0.126512429864739,1.3358895574666,0.231473558818582,0.106424486842241,0.20235405027283,0.275548416046902,-0.0932584822514742
"95",5,-1.02316242975005,0.78236144798576,2.04274760080292,-0.161285128609538,-0.432862715889769,-0.157781120994676,0.00396901612823066,-0.468078435817236,0.618501994729434,0.166107326664012
"95",6,0.082280259537348,0.00514540952819348,1.74142668498033,0.803522140119321,1.05065844866552,0.548877698348947,1.14778673696397,2.01931149296289,0.0449244056834484,0.16617538260692
"95",7,0.75932217712732,-0.575305239477685,-0.208737024279839,-0.126721106188701,-0.357078860014811,-0.313720784529198,-0.793614451514946,-0.700657783374997,0.234256797307654,-0.0868663303091993
"95",8,0.581154626723569,0.550058683958664,0.110355771739605,0.247901493168726,-0.084092714072451,1.16212352711116,1.29477520581118,0.846381743162446,-0.281445172402052,0.158974015967125
"95",9,-0.960349441549222,0.438101545191484,0.270284793057635,-0.85216520441419,0.695208098191574,0.0316367503254125,0.9400273400644,1.06829191326848,-0.00244861859164046,0.176149028775396
"95",10,-0.643806212075625,-1.4804328969962,0.280017771124969,0.445785983451418,-0.132559270138825,-0.0816481736215497,0.60448071229677,0.475958508465074,0.447560414802986,-0.0191325856600279
"95",11,-0.723957996182107,-1.5726821485299,-1.7192875862791,0.60248703841523,0.360495596670816,1.02805197393545,0.232850748483586,0.335666846058875,-0.305851650927255,-0.00787899705512098
"95",12,-0.607765032765962,0.407271207345229,-0.564358230871187,-1.80961112430385,-0.932140641930176,-1.16912190619049,0.189666225263778,0.353727938559978,0.0723171673965269,-0.0328515813739916
"95",13,-0.053386382971108,-1.02944967345816,-0.00325294185540951,0.40799991069794,-0.363760063684443,0.425827094484447,-1.41058718383183,-1.26900981435091,-0.680479437847648,0.132834267095367
"95",14,-1.26514952780241,-1.58864276647649,-1.42661102356639,-1.42281583369151,-1.78673966282057,-0.244051457455227,1.25856375397318,2.43732422205232,2.02328080654816,-0.0222607622804077
"95",15,-0.259654469656629,0.71916271833378,-0.235956673915092,-0.0668445284694914,-1.69023229418089,1.88972085895567,-1.2775476355243,-0.984659688170665,-1.40045988274687,0.170149641665584
"95",16,1.46505118023965,0.819916599104225,0.612093767827426,-0.174110062451129,0.0295244544039501,0.612108894676077,-0.460814466983034,-0.760978034094604,-0.25400732202981,0.0606254857856723
"95",17,-0.318258013156285,-1.25559622174963,0.384876184922314,0.795279606807038,0.667862975662074,0.888016321379451,0.559651388526037,0.865810529346845,1.00296040662833,0.00421957804522486
"95",18,-0.455160089413569,-0.752158101138863,-1.25722828624308,-0.85719273316046,-1.05659031795752,0.154140768941816,-0.538262281049338,0.80492804477475,-1.01861316332609,0.0581286224354691
"95",19,-0.0447113695542015,0.0113538945643342,0.179411801377741,0.973627666565017,-1.30885877105289,1.50174196999843,0.207298958857317,-1.31718209509953,-1.02749604245432,0.138482116271036
"95",20,1.20082981507134,1.02392581229866,1.15960347501545,-1.76299683153075,1.88540587311593,-0.213570509212172,-0.839676671292891,-1.5231493805598,-0.86152563653671,0.0269056528380532
"96",1,-0.338867930837966,-1.3198751602152,0.0632121028071338,0.00996982327968516,0.357519038164645,0.510890886406019,0.100741378912447,0.405995427215671,-0.290159453542612,0.0789871398528704
"96",2,-1.59821838459109,0.713785089562798,-0.67222433461832,1.3846050088122,2.09322219571611,1.77849648870703,-1.90957951388829,0.252008476522049,-1.04609436109224,0.015490711564649
"96",3,-0.21594845745769,-1.07589523655629,-0.180854041500208,0.850734094333166,-0.197359139160116,0.574986443287982,-0.300141292463034,1.36009921739405,0.512176419305142,0.00592766234643612
"96",4,1.38835450724698,0.433120192819892,-1.5466523238909,0.198893580232857,0.394970958140721,0.87936425830024,-0.450290473850765,-0.43545538937054,1.19018909142907,-0.0127048678428182
"96",5,-2.01233653010929,1.46283423081952,0.591625332061583,-1.52279801682976,-0.883393586213538,-0.389765418642227,-0.0318923716953061,1.02659531302275,3.08814346645734,0.0565907961761046
"96",6,-0.372434801426793,-0.966687409677276,-0.848277633942966,1.72974488693637,0.716492932272843,1.13746656651946,-1.56342453946211,-0.795079166991196,-1.65811984730852,0.0758801536713656
"96",7,-1.14602005137027,0.242768327719577,0.00531531271921724,-1.07637733044318,-0.862138427193316,-0.197912425335372,0.520591977579882,0.000685431126234606,-0.401238366168464,-0.0619219322238147
"96",8,0.994113538330297,2.49712762646874,0.554801893769146,1.56223633669533,1.40680226101829,1.30930281509355,-0.299177838209822,-1.95042404081335,-1.2885304182917,0.0403503156244936
"96",9,0.901470639600286,1.16207786450897,-0.64934698514513,-0.49170924232651,1.55884383685207,-0.245868583772115,1.07240268681852,-0.551374160727057,-0.0114383766621331,-0.0474337904909918
"96",10,-1.28739647945056,-0.445215378267289,0.337241276969033,-0.194777214491629,-0.507226829964434,-0.949174951291583,0.0647828860375479,-0.404346222426939,0.013049263109809,0.0610586970386832
"96",11,-0.394206900162617,-0.170859526471999,0.154205445821872,-0.379264232344532,-1.74995884751817,0.0415149142258843,-0.411531774113627,-1.31200323330225,-0.728588712681343,-0.00717226209067912
"96",12,-0.878519544764396,-1.15315139692391,-1.72773956068062,0.308622542491216,-0.354550158496235,0.13174751337538,0.514869554718492,0.776063427729726,1.52532897022978,0.0880204666071738
"96",13,-1.12163736429264,-0.108024565166317,-0.563284427708505,1.09394575869419,0.481070767958881,-0.0230021249088428,-0.0793825249427021,-0.870814943749197,0.19831229481643,0.0448614154547755
"96",14,0.238428726013553,0.544767532467082,0.870936215430342,-1.15905068041303,-1.06409840423935,-1.78540844079126,-0.124362811694917,-0.637838725157588,0.611542648959511,-0.0606075891678689
"96",15,-0.954708631958399,0.215996488058411,-0.381024143764408,-0.489545403739366,0.985067205937001,0.435814493070963,1.56473388769529,0.830272448451046,0.626102594511359,-0.065933651065714
"96",16,1.00609454059412,0.0547876811166531,0.387576108600607,-0.783224362412988,0.893949892291528,0.0741410634837883,1.84862781231289,0.680145158236096,1.54426937978893,-0.00498511288002371
"96",17,-0.471532548344532,-0.280945684606453,-0.705185826402691,-0.229068861766849,1.04601398456215,-0.947178780084882,-0.519292360998823,-0.0676646959817757,-1.14392066597214,-0.00638140775310878
"96",18,0.578075102602374,0.339934101269496,-0.423712583651651,1.48580117831637,1.26111017570876,-0.62666163568805,-0.982309009005972,0.326681187603779,-0.937053445706836,0.145955921486111
"96",19,0.172127425912001,0.247462619463129,0.763169861061586,0.696815974713914,-0.246680192562052,-0.221027290735262,-0.0862161802989112,-0.847298845846253,-0.600181636856707,-0.129722034617026
"96",20,-0.0314193697495062,-0.0643017751521615,-0.103395633638289,-1.50848265495937,0.781271616565159,-0.0457361255449521,0.0257264316757737,0.909787648339135,1.53370661744551,-0.117191289614023
"97",1,-0.642853553161894,-1.18382134653238,0.866916730757417,1.42872610546231,1.0450945132363,1.33447654054006,-0.355980253402179,0.967058639406777,0.13086071294486,0.045168677612217
"97",2,0.523277058072112,-0.376504052021376,-1.31056854209783,-0.683241472117198,-0.431389824522694,-0.28379167624819,-0.347013754545045,0.974144790875133,0.127994874428642,-0.132340459658007
"97",3,-0.52781251027453,-0.535955444918757,-0.133431217855914,0.791003399510416,0.949576381077547,0.781394622235173,2.3931140713578,0.180594323518486,-0.17417394690875,-0.0911682395248818
"97",4,-0.842776294043485,1.61845660527097,-0.772630798377971,-0.0147939516698288,-0.738033462469407,-0.0525217433315659,0.307648122588477,0.387060641495941,-0.719765450020099,-0.0155247212588069
"97",5,-1.55910029222687,0.0716037193729489,0.630982284431805,-1.50302962167667,-1.55642644269468,-1.41604735089336,-1.04517621341697,-1.10727207276111,-1.5957756711081,0.009779505324651
"97",6,-0.245060935649334,-0.193493638419374,0.479408308633866,-1.6081332755388,-0.716727570345621,-1.58223523047136,0.779129922996877,0.318861485613714,-1.45487815325612,-0.0191496767819672
"97",7,-3.61339882068663,-1.86183132874985,-1.83363490785838,-0.0692483928387417,-0.187009937272808,-1.40178572804819,0.533750078883419,2.05355908219965,0.226449312768184,0.10412332106553
"97",8,-0.967783048453103,-1.14364636289568,-0.635448015998036,3.31723443903819,0.843367452894429,0.754560344817058,-1.59081406876709,-0.465647832060613,-0.789894050577215,-0.0791837913242307
"97",9,-0.09232691494206,-0.487199080876655,-0.0181980266972861,0.0599291451125658,-1.18101245571272,-0.698830032082547,-1.75634841456735,0.112353935010236,0.68500595963362,-0.015896530588101
"97",10,1.13357097386668,1.17170063940001,0.00685697565873992,-0.223749006012419,-0.990140942214875,0.0245156095586166,-2.22954686125227,-2.47229103682056,-1.03693638134177,-0.0860850915455982
"97",11,-1.7561603275425,-1.65511917178729,-0.45701918863606,0.18573980170359,-0.971639442284611,-0.79175357246872,-0.0221385076625163,0.62960502215498,-0.367580745161497,0.137910604794719
"97",12,1.03994961786696,0.203363335475673,0.860096545932308,-1.72842781682173,0.200408252073325,0.240721585220361,0.611792532790754,1.17653463826478,0.260145997107921,-0.154029174240029
"97",13,0.942040318485197,0.996473133573998,1.45219385355336,-0.541054570885002,-1.22567846867474,-0.252917747392705,-0.277129082852534,-1.11841477410942,1.2394832112373,-0.0551092764039619
"97",14,-1.86353322212397,-2.37230633234232,-0.995806559977775,0.650499689350966,-0.218213042400893,0.0375367694580738,-0.917613979054274,1.50843951684166,0.600079048565634,-0.0520341131692344
"97",15,-1.94507827201049,-2.40782154176178,-0.73861208417812,1.26425025133477,-0.850393043717624,0.119890539192475,1.33277399153031,0.0403550893702021,0.521119445253616,0.00349232739895596
"97",16,0.947114979187097,-0.0769915702536597,-0.183172246020582,0.557204744568109,0.197308219836541,0.713282906026636,-0.309851708213867,0.904021458097072,1.48751805620792,0.100817603221109
"97",17,1.20371300901759,1.57169113735646,1.21547326644315,0.450879433860075,0.764576389351305,0.166962049987578,0.86291329729645,0.595445248355277,1.14091679687389,0.0541162734563874
"97",18,0.441401183439966,0.619205078671816,0.780670740052464,0.202398018279844,-0.276938421484359,-0.364170708136402,0.437781678884037,-0.118893767273543,-0.365326615973741,-0.0706916821317095
"97",19,3.07826575606235,2.42118998135342,3.13222426182788,-1.97406818282036,0.770214444875551,0.517294841087657,0.353810726903326,0.255094060791435,0.219788608109107,0.130174948769595
"97",20,0.573477977515745,0.514300386042536,0.394143384198949,-0.70614151314919,-0.329482971081475,1.63657298778931,-0.483961116461261,-1.799100521331,0.0959895782860649,0.104388028477551
"98",1,0.527454851687438,-0.852413648541731,-1.47919143777723,0.756277492124421,0.740337137616156,1.03304408659249,-0.592011559129613,1.099484198653,1.41112177521411,-0.282627656945538
"98",2,1.09542878918808,2.57229168940234,0.89464633629109,1.13870620085002,0.816808563447627,0.940533668291903,-2.52227801982241,-0.0550373241269932,0.0699610519099385,-0.0431077715307756
"98",3,0.406407576044738,-1.80634178829124,0.300085847176146,0.608798815906124,0.593809643680127,-0.0604030558179479,0.397796571961362,0.43437930172076,1.23428993335447,0.129513899700338
"98",4,-0.247942489683491,0.0407682357972127,0.574196539396012,0.279404949001232,-0.557573804638186,-0.369886028440753,-0.684383285147398,0.39674660308256,-0.521769059401896,0.0114188982418282
"98",5,0.927867171338432,1.02938917462699,1.72799306602262,0.21123938530164,-0.0378332276157917,-0.521804097649117,0.918741549987607,-0.803755116471884,1.03082256934185,-0.0533127862586163
"98",6,1.27829126761267,2.84119371137761,-0.0426862035865009,-1.50644470832021,-0.79034702488458,-1.37278852372641,0.499926765210719,1.72489193383016,-0.271669268422521,-0.00204321625422007
"98",7,0.739555676166931,1.14893167032971,0.658010385530604,-1.280809099738,-0.924414890881475,-0.536089417760568,0.385393262374329,-0.159795722664993,-1.38431361481014,0.0153892489148684
"98",8,1.54095256174066,3.45090704747809,1.83228662765709,-0.56907088887786,-0.478284470379864,-1.71114607844059,0.961324658069627,1.12498586244479,-1.16423436854211,0.0754931828295122
"98",9,-0.876362807397099,0.172327423748269,0.20380961369651,1.20077443369296,0.248827742982944,0.578110236129949,-0.42910359289623,0.832324521819933,-1.52320175154393,0.0753353955881831
"98",10,0.859591540998219,0.721199052025339,0.95691280338492,-0.108920845155495,0.0229771478895633,1.1544562914244,-1.20995844372773,-1.26747163089326,0.39247755434884,0.00981837435265754
"98",11,-1.33011277637481,-1.34624393734767,-0.310722501215677,0.989092589019359,-0.256183882065885,0.507868965033405,-0.00577453441506163,-0.221500940358213,0.172134839127967,0.238847157716892
"98",12,0.664424697978271,0.453791033091607,0.717063840665945,-0.290926132572022,0.459030673193141,0.64521759468434,1.29637903482368,1.33909564734018,-0.78499724960135,0.271375180767061
"98",13,-0.126131551088605,1.03607602071053,0.458421702645793,1.04139028558512,-0.0224490422886765,-0.852591898508103,-1.65185936085288,-1.52289779113463,-1.26383580799896,0.0525851815628347
"98",14,0.695619429413825,0.346471807849169,0.687673811318672,0.756486352101247,-0.0540042516738831,1.47398573171434,0.562089175353569,0.0317247518397226,-0.607652762710234,0.0469206574378083
"98",15,0.0846783337692607,0.0779790697183277,0.27701189129367,0.695443352875369,-1.0990129169856,0.935016041937644,0.908924383730805,1.54433958082231,1.92759133959166,-0.0935342631070907
"98",16,-0.278130632608574,0.64121778445286,0.528601913699204,0.489026757465119,0.691846141601796,-0.497129177429752,-1.62491813069627,-1.89569508350185,-0.689408672126841,0.0409066352803665
"98",17,-1.38198701771877,-1.06184797460622,-0.711899555085596,0.0604843624674003,-0.298266894205667,-0.143958747170086,-0.472007524093793,0.409589832852684,0.547456681639616,-0.00777166245440187
"98",18,0.956343789452703,-0.204575781047062,0.196157270968909,-0.69938407094837,0.542413753200066,0.505082594330014,2.17936300371606,1.09173590940086,0.480124646333558,-0.17537415930638
"98",19,-0.528301474304205,-0.329891765472201,-0.73018120949493,-0.519893090912879,-0.966239512475884,-0.71591523174889,0.631681687253838,1.14791931702334,0.356242588171109,-0.047235604936866
"98",20,-0.935453218056132,-1.21525645185246,-0.881454901000549,0.192853067532145,-0.542361614458987,1.17467357083717,-0.985369062360369,0.379715913480222,-0.0136966097954492,-0.0755414701836378
"99",1,-0.720494859936588,-0.122007539191012,0.75812825262989,-1.8982432202115,-1.85775343678764,-2.0313917319421,-0.949472189951939,-0.0434356580558948,-0.85416607918455,-0.0431772640869573
"99",2,0.991093334992375,-0.974363278820249,-1.34090424306463,0.411110352699442,0.129861234047778,0.160326282499823,1.68957875885767,-1.43744882336155,0.504969563078918,-0.0508516990922298
"99",3,-2.18933931956876,0.301891516965304,1.1375853743492,-0.351584505077183,-0.164164097438675,0.356938111073923,1.02517060207522,-0.19356573179288,-0.987858931568032,0.0412597275898134
"99",4,-0.784055397303047,-1.63268731336411,0.596656913442607,0.415436131972527,1.32531602069666,0.837291049401618,-0.189657052262482,-2.21053990593406,-1.67051629067126,-0.0963294464801519
"99",5,0.676403495886788,0.680700976835995,0.157935166238948,-0.502843537935476,-0.0462157250514133,-0.754797867991211,-3.14501320337426,0.355285478159784,-0.945755473078131,-0.0818125465538011
"99",6,-1.08977372173226,-1.16363450644165,-1.02502289835836,0.927891460085435,1.20125959193997,1.39589677467165,-1.00542872188512,0.570709993364403,0.00268723474961771,-0.24134619414425
"99",7,-1.48699392111661,-0.771515250193985,-1.30989303657992,0.975911295854728,0.402133943189907,0.545792899497399,0.994176619295374,-1.11112364624185,-2.51948018273206,0.00104549223787208
"99",8,0.158443285902519,-0.393015330006098,-0.2874969468902,-0.445771441785892,-1.45007270496745,-0.335932316010825,-1.21633404098077,1.24952310786714,0.0173110280679052,0.141726987367401
"99",9,-0.561630753036132,1.00106382021547,0.548268217032191,0.090963264861072,-0.242150499811403,-0.601669489598615,-1.45734909130895,-1.49324742294271,0.897456462602418,-0.100677007625015
"99",10,0.443498497232089,-0.170580725899628,-1.04350968140047,0.568470155041409,-1.08900812953815,0.638523977978229,1.16856915258486,0.711683320791268,0.16140527040914,0.060056367731057
"99",11,0.87926798051234,0.24465525802396,0.587728509641796,1.35551975936852,1.25579476909574,0.164758352945424,0.434427441457616,-0.0494177409739323,0.351864161936538,-0.0595380239913972
"99",12,0.15002616375762,0.00987677612404467,0.927403950818784,1.3732062303879,-0.364764320795659,1.80586003475958,0.408043505245895,1.9281923093441,0.611746868341092,-0.14112881949487
"99",13,1.52310070522375,1.34693172399593,0.320461092185619,-0.659852854564089,0.0235019104140034,0.0696850628558942,-1.37329211052412,0.134110724650418,0.570066258557936,0.0340496705214285
"99",14,0.087022555556496,-0.540016009267524,-0.130096859348959,-1.37136147778521,-0.619222362709991,-1.659598779707,0.137313538848612,0.65621218639189,-1.28446150415326,-0.142502241756044
"99",15,-1.6811329809491,-0.198785669891326,0.823036463913676,0.0990858112779998,-0.014151954593943,0.496735464679462,0.812031323459272,0.480062741786071,0.903249891670036,0.0229976816861947
"99",16,0.156288207041843,0.186797460278228,1.17115032455876,0.64482480908313,1.23600492663699,0.607312445462106,1.06387636944849,-0.375720324141009,-0.285443715145507,-0.132022073393644
"99",17,-0.175091618746176,0.581783835032484,-0.256712719306276,-3.02247617711358,1.96789706370907,-0.378080325341788,-0.500883429164414,-2.20203011668105,-1.18153034667789,0.18772381843949
"99",18,-0.573726360255402,-0.601337786270418,-0.721114442726747,-0.951109659785916,1.94715513254616,0.312699359466189,-0.226470752926893,-0.396743545957,-0.227065485026924,-0.0618707834492731
"99",19,-0.81541083506348,-1.58120009354833,-1.38544411361015,-0.384623666902245,-1.91641777267391,0.786528406629562,0.299870399034069,-0.139741924651534,-0.77501614005203,-0.0527024116470349
"99",20,-0.959597379739922,-1.34459687707394,-1.40499597641863,0.774453507927548,1.46853954835388,0.576832592205284,-0.557761562143859,-0.505735545414247,-0.105703765746244,0.0757796140699073
"100",1,0.224549777588516,1.17151634766363,0.237628309089039,0.690728868385594,0.963010917952447,0.227897010987287,0.71193693618366,-0.472311810174007,-1.75779225201113,-0.0677049878082289
"100",2,-1.24460661383198,-0.414501076153289,-0.175953818482526,-0.227822516432,-0.205228380977426,-0.160761829682163,0.241905012640398,-0.649192680050072,0.398185249759411,0.0823060773826374
"100",3,-0.113772606693745,1.4067411822605,0.325221361878861,-0.768054493215564,0.198277758998619,-0.303552937580081,0.474930285058909,1.09275283247447,0.143814027232283,-0.0532515802221187
"100",4,0.953296967386178,1.12571060488384,0.515419853365461,0.117458103463589,-0.706818961334834,-0.783823040040643,-0.37514458328899,0.582918689375895,-0.533614581448596,0.191888878596436
"100",5,-0.137636325399352,0.260338545799581,1.73952418373419,-1.01425460633049,-0.631925664723096,-0.350671407072739,-0.886622189121119,-2.24746259116944,0.34924333445208,0.0842472558953272
"100",6,-0.889991445288529,1.03116220361409,-0.185993344504559,0.317134695927356,-0.0918358233509003,-1.18398678394415,2.23297164242155,0.893121584987307,0.733694334065653,0.242564798561558
"100",7,-0.842841554780462,-1.31993018349255,-0.128205099086314,0.551687720472607,-0.511765528472512,0.677156878063613,-1.13599657118348,-0.314752653994796,1.64415449751016,-0.0197728802931377
"100",8,-0.248480523438826,1.15493642338474,1.08814427063212,0.456058767268878,0.061726379844507,0.184009405267685,0.151006122247836,-0.728201333798857,-0.286739181436693,-0.197119955938615
"100",9,0.101773677416177,-0.184200939652973,0.587828647556555,-0.138056894008663,-0.475485893020984,-0.499211347493028,0.421799695350388,-0.715052979107328,-0.981816879585283,-0.0892736489842316
"100",10,1.66555227862728,0.440153205488107,1.36236837204741,-0.200073722834792,-0.937196389992976,0.0546451808692939,-0.433499570538337,0.788947847830607,0.85320649515022,-0.0746848646951794
"100",11,-0.355526101834415,0.663276188864784,0.025584091276031,0.353050032002009,0.786755894499462,1.57794525719299,0.677768918450727,0.0671433319130298,0.379098859978578,-0.0305304826177013
"100",12,2.66696461552125,1.14275694854545,1.45800525051079,-1.48144884513368,-0.117780040384906,-0.306642594130424,0.0133356214699156,1.18450084157833,0.679069314627602,0.0847366600768668
"100",13,1.7042615820926,1.47598307922205,1.07775757786765,0.810935792112258,0.295799268367685,0.0808203925087869,0.0654901624667482,-0.231078998468958,-2.6556240862407,0.0116947013934866
"100",14,-2.25347983917928,-1.50736863528907,-2.03069892072924,-0.41856460459456,-2.56267614448671,-0.0574101235369372,0.159760781731694,1.16256395198024,1.87221673186771,0.118211866393502
"100",15,0.0149122193429174,-0.303891724309596,0.438219831974255,-0.759382994520623,-1.79605335152582,-0.0373793163957698,-1.15825877543978,-1.55698175613262,-0.0323395635083852,0.0268453592200592
"100",16,-0.845880666593258,-0.572392199236174,-1.34572048649115,0.420884999107868,-0.351404469991651,0.499304228875779,-0.929385056411475,-1.14104480384795,-0.257599769896069,-0.186794730327557
"100",17,1.48894864733674,0.788957512354562,0.857761559390477,1.44097951412443,0.120072243389253,-0.129822944453213,-0.35574177889436,0.358069430299334,0.130302635621392,-0.0248641990022283
"100",18,0.863869741774025,1.46795129317942,1.21964180470529,0.969191916145124,-0.0220239633039591,-0.633037418171835,-1.49130845776637,0.371501039118508,0.561950248256489,0.0648523043045195
"100",19,1.15123153355875,1.31916466609136,1.31722612714453,0.771888713730841,1.24487773567245,-0.277590453324794,0.1451073944681,0.334679647866847,-0.185816315438277,-0.0886230006948825
"100",20,1.52460150765402,1.36622196915361,1.20330122011087,1.16874693938781,0.127820537140545,-1.75333080613325,0.544618108235978,-0.292522441859267,0.859589319899795,0.164154339210521
